RTO4_ID,G_SD_exp,G_SD_stat,GX_SD_exp,GX_SD_trans,GX_SD_stat,X_SD_exp,X_SD_stat,A_SD_exp,A_SD_stat,C_SD_exp,C_SD_stat
8369,0.190197488,0,0,0,0,0,0,0,0,0,0
8370,0.190197488,0,0,0.556566648,0.179977976,0,0,0,0,0,0
8371,0,0,0.204745588,0.18083012,0,0.200925625,0,0,0,0,0
8372,24.67498138,18.42377815,27.04102236,12.29711962,14.96149695,21.00340687,21.67587295,22.21628574,18.38858915,45.34603455,54.24227114
8373,1.14521303,1.119445487,1.019038057,1.298183457,1.28908145,1.560518413,0.804530405,0.38281518,1.350458947,0,0.217934388
8374,0.762362106,0.869666311,1.227872995,1.855462492,1.469059427,0.96868741,1.755213662,1.355564079,1.535095663,0.208996201,0.432146948
8375,0.19766656,0,0.204847479,0.373559385,0,0.787109097,0.804530405,0.579683372,0.378287808,0,0
8376,0.190197488,0,0.406592844,0.189313029,0,2.758162538,1.582562346,7.340112295,8.250025897,1.503562588,0.211140241
8380,0.384094626,0,0.204847479,0,0,0.380083545,0,0.193992076,0,0,0
8382,0.399357907,0.357544647,0,0.375317574,0.384515104,0.773955245,0.590345774,1.158539436,1.338397525,1.291285103,1.297767069
8383,0.982687932,0.188312238,1.623617909,0.371017881,0,0.386277004,0,0.583370487,0,0,0
8384,0,0.338464818,0,0.366378886,0.191623994,0.197909432,0.188436758,0.383286503,0.379285331,0.417992403,0
8385,13.48885257,13.32861971,12.20916435,5.566161927,9.164180439,14.90487097,13.01669781,10.04269824,12.4262351,14.0699869,13.23389718
8388,0,0.169232409,0,0,0,0,0,0,0,0,0
8390,0.188628649,0,0.611338431,0,0.177426564,0.385731075,0.188436758,0.579300612,1.918499976,2.575684875,1.963731761
8391,11.34015818,11.33545679,7.930186585,8.743234196,7.964755623,10.39504424,7.87900125,7.923054508,6.670540495,11.09397127,8.306464284
8394,9.811510406,8.974031712,12.00903393,10.02316991,9.144843606,10.74609177,8.083510307,8.887333479,10.1568073,10.69301426,11.76397512
8395,24.86757134,25.35206731,26.45617596,27.55450138,24.97101222,32.70984418,31.95890231,26.85123224,29.30893357,25.17397841,26.11396874
8398,0,0.335899076,0,0,0.173732258,0.190314737,0,0,0.189206673,0,0
8399,8.834627775,6.323383474,9.145655619,8.362082968,7.711128775,7.030357365,6.487121764,7.162060008,8.056370176,10.21685908,8.086951346
8400,1.530317838,1.810323468,1.826795301,2.045729905,1.657851778,1.95935347,1.569296841,2.128029459,1.919551977,1.72558986,1.320483186
8401,1.351917501,1.089958538,1.220783421,0.935648485,0.357684771,1.174787337,1.182154512,1.15916721,0.76419262,0.852745675,0.864976315
8402,0,0,0.206941496,0.187227304,0,0,0,0,0,0,0
8404,0.589555395,2.15053248,0.60714719,3.356636803,0.353710234,5.108645165,6.274261435,4.053202721,2.296666875,0.212277485,0
8405,0.37826748,1.077909578,0,0.18083012,0.177426564,0.978279141,1.771156456,1.934193834,3.250867091,0.41821666,0
8408,0,0,0.206941496,0,0,0,0,0,0,0,0
8409,1.554167505,1.251067567,1.017597072,2.039424138,0.549308765,1.376397135,1.16517427,1.545895814,1.527333239,0.211646862,0
8410,14.85444473,7.340354621,14.44593336,9.493382506,9.145671847,13.33005975,10.89047467,10.82271397,8.605277459,12.16703039,14.13928353
8411,2.898057277,2.676032186,2.027071152,2.97494438,4.558795821,3.700976967,3.74456936,3.85923742,3.661086718,3.40848246,3.030759108
8417,1.359010195,1.096522564,2.029777866,1.672090869,1.624619719,1.564462613,1.354342093,1.930978041,2.46763899,0.209220459,0.862251159
8418,5.795789417,1.28829354,6.926184491,0.927165575,1.852307414,9.015037886,9.065882748,5.980814619,4.784827135,8.354460056,20.8442274
8419,0.969647079,1.982588462,1.006752351,2.239718754,2.555168275,2.143001519,1.780674678,1.357769338,1.540867671,0.431247731,0
8421,0.761118404,0.738863417,0.60601188,0.937406674,0.923444969,0.400832093,0.788300754,0.968862249,1.5272077,1.070374747,0.644316771
8422,1.719271624,3.01892144,2.241816811,2.431300344,1.825196851,1.75477735,1.780961534,1.935047916,1.905766467,1.282652232,1.314041906
8423,1.573130437,5.023082771,1.627756651,8.583427468,10.04997514,4.129296997,5.884254569,3.477432773,8.061721175,2.556895851,5.194824196
8424,11.54536358,9.585752414,8.538153105,6.68734861,6.377030484,10.3437673,7.702309289,9.459101439,7.456539451,9.190536898,8.921903872
8425,11.73326555,12.60202117,12.39811895,15.06652564,13.13771077,11.92538622,9.822032397,10.4352968,12.2711705,8.974605478,9.154174794
8430,0,0,0,0,0,0,0,0,0,0.219600869,0
8431,6.689304581,5.192003528,4.894083506,3.530801363,2.941691574,5.674958227,7.665738418,9.28073061,8.046582738,6.862639976,5.865869851
8432,4.4357711,2.719197789,3.451984614,4.640438771,3.67906879,2.335924764,3.553768202,3.667423829,2.684074664,2.573258472,2.832429905
8433,4.818136454,4.51099312,5.710902877,8.365519695,7.693361262,5.484261411,4.558180287,4.642290392,5.37220457,5.77019055,5.213873526
8434,1.548340359,0.559722744,1.431059344,1.865703591,1.282555501,1.759951653,1.966707983,0.971738365,1.533250667,0,0
8435,4.991805113,5.1166024,6.720675023,5.775159113,6.255106705,4.318137796,5.143315813,4.060217568,4.772970241,6.807567558,6.323055814
8436,1.538345567,1.625043815,0.818279928,1.683243524,0,1.172790302,1.572737741,1.354170786,1.906096534,0.220910356,0.65613684
8437,5.026548352,3.806363782,6.106595291,5.403617568,6.419900365,3.712729584,5.552204423,3.655560984,5.164538931,6.00789549,7.418833779
8438,0,0.54379,0,0.183790577,0.354853129,0,0,0,0.189081134,0.220910356,0
8440,0.753090675,0.540258558,2.24401272,0,0,0.576045812,0.583347489,0.193364302,0,0.211646862,0.211140241
8441,0.18060092,0,0,0,0,0.386277004,0.387142329,0.390006185,0.56776544,0,0
8443,0.754893034,0.719399231,0.60601188,0.932688027,0.922177852,0.794703793,0.97643113,0.57882929,0.378287808,0.858727886,1.307247758
8444,1.188404067,2.149140629,1.6237198,3.348133403,2.934020094,2.164223295,3.165862263,1.549173394,2.291796818,0.854055161,1.326891557
8445,0,0,0,0,0,0,0.393103167,0,0,0,0
8446,3.074888775,2.686481102,2.643079895,2.797587812,2.563702419,2.933761111,3.176144095,3.864003924,2.873222229,3.205548397,2.608054236
8449,4.017851801,4.221447423,3.662672301,9.678990432,7.862555885,5.894796439,5.290506112,5.801927957,4.027396722,5.136134507,4.564033791
8450,0,0.169232409,0,0,0,0,0,0,0,0,0
8452,0.583330025,0.920726129,0.613101454,1.485410761,1.066811232,0.969917512,1.580467926,0.970884283,1.154758331,1.073656031,0.647041927
8453,0,0,0,0,0,0,0,0,0,0.208996201,0
8456,5.382146955,6.423753588,5.100164978,4.645961223,3.416194599,4.328607665,2.539480277,4.24464062,2.102469236,1.067948345,1.961083833
8457,0.579958827,0,0.411788976,0.568850645,0,1.972507322,0,4.252459398,0,0,0
8460,3.807520766,3.245777693,2.842731242,3.344717167,1.814852373,2.548958045,1.778747979,1.546114053,1.351907446,7.26893202,0.660205831
8462,0,0,0,0,0,0,0,0,0,1.505534385,0.221650513
8463,5.759202188,6.248414048,2.856687036,4.638937192,5.680975802,4.324672058,4.723845501,4.051004529,5.353871144,3.414138233,5.009294124
8464,3.631534747,4.117739892,4.073613418,3.707423208,3.270701257,5.469210264,4.855251193,5.030519556,6.521400052,3.638687998,3.698050026
8465,0,0.166666667,0,0,0.19289111,0,0.188436758,0.383286503,0.385904812,0,0
8466,0,0.166666667,0,0,0,1.174787337,0.983448941,0.769788798,0.763862554,0,0
8467,0.397157325,0.361854584,0,0,0,0.961092714,0.195435043,0.193992076,0,0,0
8468,9.828758325,8.800093971,10.98876131,10.58098742,11.87518917,4.882319787,6.454259123,1.737996499,4.216766225,8.951872861,8.049456695
8469,0.952559594,1.448468884,2.243910828,2.41511784,1.975654319,1.560812118,1.348094399,0.965802907,0.965280699,1.493182178,2.40063012
8473,0,0,0,0,0,0.395868736,0,0.38631907,0,0,0
8474,0.18060092,0,0.4011644,0,0,0,0,0,0,0,0
8475,0,0,0,0,0,0.190314737,0.189187349,0,0,0,0
8477,0.393132537,0.531086993,0,0.566309141,0.545334228,0,0.198705571,0.196014109,0,0,0
8478,0,0.357544647,0,0.559911957,0.546881575,0.391924535,0.387142329,0.190304961,0,0,1.512365405
8480,0.201691347,0.335899076,0,0,0,0,0,0,0,0,0
8481,0,0,0,0,0.173732258,0,0,0,0,0,0
8482,0,0,0,0,0,0,0,0.193992076,0,0,0
8483,14.06353753,10.08733696,16.08287324,13.95394554,11.50044097,13.12176174,8.87373776,8.690610305,8.990751176,10.47420792,9.38324796
8484,1.154250941,0.893056077,2.236719362,2.23893544,2.344687632,2.548030036,1.37059127,1.935519239,0.378558767,1.913146377,0
8485,2.496498787,2.49040019,2.446762974,3.358665212,4.561067003,2.741881289,2.355077657,1.924641119,2.284847271,1.07100537,0
8486,0,0.333333333,0,0,0,0,0,0,0,0,0
8487,0,0.166666667,0,0.376996112,0,0,0,0.196014109,0,0,0
8488,9.852049336,7.194866684,8.93621539,10.05012022,5.860368709,8.387903247,7.092156953,8.696687839,7.468751749,1.713899963,1.082557837
8489,0.965622292,0.898187562,0.204745588,1.117760524,0.551860177,0,0,0,0,0,0
8490,0,0,0,1.670084795,1.097177226,0,0,0,0,0,0
8492,0,0,0,0,0,0,0,0,0,0.211646862,0.211140241
8493,0,0,0,0.18083012,0.180258207,0,0.589595183,0.196014109,0.378888833,0,0
8495,0.18060092,0.687845396,0.204847479,0.751857907,1.28908145,0,0.599863996,0,0.19524964,0,0.224375669
8496,0,0,0.204745588,0,0,0,0,0,0,0,0
8498,0,0,0,0,0,0,0,0,0,0.212277485,0
8499,6.404888246,7.842728704,8.338353683,9.296905312,8.781461127,9.39396403,8.267757389,10.24507604,9.783998498,8.322090913,9.591370978
8500,11.30980261,12.96695014,11.58868877,15.62130184,13.41777325,13.13730179,13.01067839,14.68440537,12.4506316,10.89329601,11.94632043
8504,4.034917441,5.940382175,5.092221797,10.23854075,13.20610951,17.79735876,13.82434706,19.91116437,24.30791258,4.741075409,7.20327168
8507,3.456925676,2.704667936,4.271269432,2.977078697,3.657061117,1.934954427,1.377589554,1.542208699,1.717682856,1.273388738,1.089351984
8508,1.315330272,1.442019358,0.61353434,1.473918803,1.638692925,0.199906468,0.410389791,0.386345844,0.579705953,0.209220459,0.647041927
8509,0,0.185279653,0,0,0,0.398835057,0,0.190304961,0,0,0
8510,0,0.719513732,0,0.183790577,0.19289111,0.781461566,1.583312937,4.247290427,4.960186497,0,0
8511,0,0.700900745,0,0.562416636,0.566040428,0.598741525,0,0.38631907,0.189206673,0,0
8512,2.500268208,1.26793636,1.221216307,1.306703191,0.173732258,5.25589772,3.539445724,6.572475171,4.210375782,0.850095015,1.102163022
8513,1.182178697,0.914701649,1.222020622,1.11439288,0.917216428,0.77595228,0.195435043,0.966185667,0.385178248,0,0
8515,7.662120793,9.240252271,8.545103561,8.57991109,9.848837549,10.17726717,9.242281346,11.01227682,12.81160069,11.72772241,11.95439259
8516,0.761118404,0,0.812427555,1.860201629,0.722760792,2.333789484,0.188436758,0.580494371,0,0.212277485,0
8517,0.18060092,0.34592184,0.410449883,0.935648485,0.384515104,0,0,0,0,0,0
8518,0,0,0,0,0,0,0,0,0,0.6424083,1.532967262
8519,0,0,0,0,0,0,0,0.192981542,0,0.211646862,0
8521,0,0.166666667,0,0,0,0,0,0,0,0,0
8522,0,0.169232409,0,0.187227304,0,0.783546976,0.40337198,0.578856064,0.568095507,0.641553419,0.871731849
8523,1.713677998,2.224526261,1.414480504,2.220254258,2.702531048,2.934780268,1.771443312,3.090589799,1.912656907,1.489222031,0.224375669
8525,1.734209768,1.064968729,1.632674288,2.798391618,1.844479926,0.986965694,0.195435043,0,0.580306979,0.858727886,2.838485409
8528,0,0,0,0,0,0,0,0.385491762,0.580553427,0,0
8529,12.03440688,11.42545602,9.764715535,12.47111311,11.46935378,14.67807236,14.15606562,11.58775867,12.63308593,12.39500007,14.37361361
8532,0,0,0,0,0.173732258,0,0,0,0,0,0
8533,2.865169699,1.875571835,4.882709755,3.340952904,3.632906419,4.303964787,4.313900754,2.901295372,3.250662564,4.913434462,5.032154416
8534,11.2967597,12.1916668,12.99878926,12.27278174,12.38900213,12.10597827,12.78432428,12.94083036,12.0660963,13.47818365,11.97448799
8535,0.190197488,0,0,0,0,0,0.205723382,0,0,0,0
8536,0.19766656,0,0.411788976,0.185548766,0.372869087,0.389675276,0.582290516,0,0.189081134,0,0.211526017
8537,1.738866299,1.093842322,1.004989328,1.099057007,0.885407494,0.195962267,0,0,0.196097113,1.727075364,0.65379746
8538,5.972924207,7.157341205,3.862907817,5.942107547,5.64278232,5.277688255,4.895595381,4.830477688,4.014133249,5.780472454,7.178502103
8539,7.925249608,5.161653233,8.339086185,3.53444915,3.647703526,5.27222884,4.906960221,5.98544438,3.824926576,6.629987112,14.09988778
8540,21.84958548,17.26934654,18.89586997,16.18952206,17.51834159,24.44949699,22.23044417,23.17217797,18.95568384,19.89663858,15.45853414
8544,0.766131527,0,0.615297362,0,0,0.588603865,0.198705571,0.19251022,0,0.632514182,0.8845815
8545,0.769758091,0.861076089,1.213693847,0.368057424,0.891372982,0.195962267,0.38789292,0.577278578,0.189477632,0.220910356,0
8546,1.930866146,1.438872272,1.828889318,2.05167131,2.736715572,1.365102074,1.75848419,0.972993912,0.954396817,2.357393492,2.392845004
8547,0.973650021,2.196389366,1.220783421,1.487077532,0.722760792,1.174241408,1.380860083,0.58033792,2.487317417,1.066108389,1.755927573
8548,15.49712191,17.97751265,17.90429581,17.84538072,19.7410011,18.8369756,15.14461218,13.71203119,13.40560745,38.30643936,37.41823265
8549,1.534645917,1.274812039,0.811190354,0.930929838,0.924729264,1.370749605,1.565739457,1.733769206,1.924722959,1.491872691,1.298152845
8550,0.387864048,0.694409422,0.204847479,0.370143149,0.173732258,0.200925625,0,0,0.385057339,0,0.211140241
8553,0.195465977,0,0.406592844,0.560330911,0.180258207,0.389675276,0.777725559,0.578856064,0.770632084,0,0
8556,4.997727192,6.735214548,2.642455391,3.172825735,2.892994969,5.26768884,4.702138274,5.031504318,4.027458524,2.551012147,3.479471832
8557,0,0,0,0.366378886,0.360236183,0.397815901,0,0.19251022,0.568492005,0,0
8558,2.134126332,1.6281909,2.23495634,1.310430629,1.276029552,1.761444037,1.185711896,2.506460895,1.724097809,1.491648434,0.442271443
8559,0.770389835,0.937198419,1.828456431,0.736522035,0.3718822,1.184924998,0.60476786,0.770642881,0.378888833,0.209220459,0.422666258
8560,0,0,0,0,0,0,0,0,0,0,0.217934388
8561,1.335410518,5.00380579,3.049146918,6.130916205,6.028579082,2.740269107,3.331795643,5.02915207,3.076786297,0,0.211526017
8562,0,0,0,0,0,0.77595228,0,0.385874522,0,0,0
8563,1.52623975,2.103752949,3.854577833,0.73443631,0.370317675,0.973315784,0.762246499,1.353542045,0.757903206,0,0
8564,1.164734619,2.275166744,0.40459751,4.280445303,2.183286075,1.16982398,0.970183436,1.15903653,1.527687817,0.211646862,0.217934388
8565,0,0.354978905,0.614873433,0.185548766,1.273336674,0,0,0,0,0,0
8566,4.179489789,3.192463786,3.25419818,1.677265294,1.263396649,0.997576582,0.393853758,0.386973618,0,3.206627535,3.046256688
8568,0.590799097,0.166666667,1.42719014,1.483185027,1.462409256,1.949784569,2.172295354,1.354981784,2.488369418,1.27847829,1.090695819
8569,10.94059283,16.84849261,10.1661225,14.50318296,19.40671534,10.77859016,23.99619663,22.98481192,27.18928371,32.25009474,37.00362031
8570,0.201691347,0.166666667,0,0,0,0.197909432,0,0,0,0.211646862,0
8573,0.960353802,0.712907909,0.809418375,0.189768808,0,0.787109097,0.195435043,0.388995652,0.575382445,0,0.221650513
8574,0,0,0,0,0,0,0,0,0.19524964,0,0
8575,8.641362381,7.056763064,10.77378966,8.374039429,8.559894928,10.55798502,7.432726928,9.27282524,8.406761528,11.31145194,9.59442111
8577,0.386295209,1.454493364,0.406592844,1.296832455,0.574871981,1.140796563,0.377624107,0.965201909,0.384456313,0,0.224375669
8578,21.78492558,25.02919048,21.97271894,28.29615645,25.74394907,14.29169839,19.05196739,13.73485829,13.41086686,22.23368502,23.28237119
8579,3.054755228,7.92343748,3.060297314,7.243946317,8.366438562,3.71413082,6.079976467,3.476202998,5.352735301,3.8284949,1.970211655
8582,0,0,0,0,0.180258207,0,0,0,0.189206673,0,0
8585,5.019732869,8.173149665,2.024027385,9.289624671,9.270039995,5.474467327,4.325513396,6.5769125,4.780621842,5.131950102,3.940004625
8587,0,0,0,0,0,0,0,0,0.19524964,0,0
8588,0,0,0,0,0,0,0.195435043,0,0,0,0
8589,0.574292114,0.531201493,0.605909988,0.556147694,0.546881575,0.579990013,0.771764721,1.15734471,1.142876926,0,0.429460406
8590,3.848792666,3.213725002,4.277647625,2.224950569,3.450255444,3.138933031,4.734885268,2.507785297,4.411973945,1.693545508,3.940285969
8591,0.386295209,0,0.60944499,0.18083012,0.365356251,0.792756628,0,0.196014109,0,0.430130815,0
8592,0,0.333333333,0,0,0,0,0,0,0,0,0
8593,0.201691347,0,0,0,0,0,0.204666409,0,0,0,0
8594,2.329645611,2.513675455,3.055092225,3.161880973,3.282471497,3.354845694,3.338239742,1.546140827,1.7418057,2.987887637,2.622560848
8595,3.463384567,0.735446475,2.848057794,0.187227304,0,0.983999373,0,0.773292688,0,0.219600869,0
8596,0,0.188312238,0.203508386,0,0,0,0.198705571,0.196014109,0.19524964,0,0
8598,19.1027276,22.25725473,21.9603374,22.55470895,21.14662321,27.15989627,26.96921455,35.14207293,36.35044707,23.7429236,24.81947897
8599,4.270761914,3.890953979,4.871750976,5.574896754,2.70661263,3.530776476,2.773928697,3.287510573,2.107886666,0.432557217,0
8601,1.52001438,1.779121975,2.448758308,3.166867995,3.301927758,2.16676626,3.161090553,1.73540848,3.062157944,0.641098813,2.608730951
8602,0.755524778,1.620308832,0.197656014,1.847093336,3.09259001,2.745534558,1.786922372,1.737996499,1.148919892,0,0.435901686
8604,0,0,0,0.559911957,0,0,0.189187349,0,0,0,0
8605,0,0.188312238,0.203508386,0.375317574,0,0,0,0.193364302,0.384330774,0,0
8606,0,0.524211314,0,0,0,0,0.205723382,0,1.717411897,0,0
8607,10.61504319,9.430086357,11.60917404,12.10760326,10.9487222,11.91355252,12.14955545,12.17030895,12.64261225,10.05207733,8.910893969
8609,2.11648019,1.068001314,2.223777416,0.551848001,0.357404541,0.386277004,0.188436758,0.38631907,0,0.633144806,0
8610,0.188628649,0,0.203084457,0,0,0,0,0.190304961,0,0,0
8611,2.085720107,1.438019968,2.236719362,1.119439062,1.09591011,1.773528863,0.986719469,1.739704664,1.155088398,1.282652232,0.858182168
8612,3.851860573,4.569156511,3.664546171,4.833168037,5.477740214,4.890865322,4.906766466,3.867063266,3.64705476,6.830798958,6.744048685
8613,15.16090837,10.65138068,15.45005656,13.57342128,11.09152536,9.212042141,11.45864948,15.45131808,15.3279483,3.839099568,0.211140241
8615,19.1027276,22.25725473,21.9603374,22.55470895,21.14662321,27.15989627,26.96921455,35.14207293,36.35044707,23.7429236,24.81947897
8616,0,0.195187917,0,0.74842118,0,0.195962267,0,1.15916721,0.757573139,2.782933537,0.667676694
8619,0.937694536,0,0.615195471,0,0,1.188575493,0.38789292,0.196014109,0,2.141560199,1.964799957
8622,0,0,0,0,0,0,0,0,0.189807699,0,0
8623,3.041672744,0.34592184,3.869282803,0.18083012,0,0.788510333,0,1.750896653,0,0,0.220620931
8624,19.1027276,22.25725473,21.9603374,22.55470895,21.14662321,27.15989627,26.96921455,35.14207293,36.35044707,23.7429236,24.81947897
8625,4.954047269,5.272353307,3.868756982,6.132027056,6.025886204,4.674677605,6.071208836,6.568527737,8.038362186,3.629018138,3.912223971
8626,0,0,0,0,0,0.200925625,0.394140614,0,0,0,0.211140241
8627,1.517580276,0.166666667,0.812851484,0,0,0.200925625,0.205723382,1.159994518,0.770031059,1.924867962,0
8628,0.190197488,0.185279653,0,0,0,0,0,0,0,0,0
8629,5.899769535,6.374900352,5.501651416,7.798675124,7.479481085,5.843271482,7.859188181,8.30655101,10.14010486,4.057615209,4.552824618
8631,0,0,0,0,0,0.195962267,0,0.388995652,0,1.706576579,1.525182147
8633,2.337083227,3.213258159,2.438947004,3.179174328,1.815715037,1.569254837,2.340468323,1.157685354,2.47703919,2.976684033,3.687886917
8634,0.566264385,0.748034982,1.016037833,1.116478605,0.915651903,0.199906468,0.598807022,0.581505871,0,0.641777676,0.643287189
8635,0.201691347,0,0,0,0,0,0,0.967380393,1.71688986,0.209220459,2.16504415
8636,0.201691347,0,0,0,0,0,0,0,0,0,0
8639,96.92345312,99.26444175,94.22022032,102.3103754,89.96155001,105.4280837,87.83438037,99.50203103,97.8051493,141.5441216,109.253215
8640,1.520323046,3.251916674,2.249865092,2.60445136,4.395971138,2.940809878,3.933625392,3.095314222,5.365314131,5.558799634,4.594831667
8641,4.640221687,6.473765055,5.091414273,6.344492028,6.388956732,5.490152776,7.038853644,6.186765171,6.502318021,2.775203786,3.924429817
8644,0.966180949,0.719513732,0.615195471,1.122456835,1.092215803,0.778918602,1.190615761,0.962587115,0.384330774,0.431247731,0.221650513
8645,1.536543208,0.515154249,1.025221424,0.919985076,0,0.776971437,0.579306843,0.388524329,0.189081134,0,0
8646,1.148982452,1.435454225,1.015512012,1.671366714,1.833855217,1.375712962,1.549490279,1.545513054,1.716956291,1.282021609,1.291325788
8647,7.649781455,5.938168775,6.510082811,5.391342295,6.55614316,6.842242017,6.855188595,6.562538729,5.373386741,6.841644436,6.086496486
8648,0,0.37444309,0,0,1.806037998,0,0.986719469,0,1.91350901,0,0
8651,10.31105716,8.670110261,9.150255417,12.64848417,10.76633157,7.637377759,4.896497653,7.35492718,3.074573943,8.589966914,6.715732376
8652,0,0.195187917,0,0.374861795,0,0,0,0,0,0,0
8653,3.046329276,2.334067939,1.622380707,1.114720416,1.642511454,0.576045812,1.952881786,1.160177743,0.757698678,1.924836274,1.541104117
8654,0,0,0,0,0,0.200925625,0,0,0,0,0
8655,0.18060092,0,0,0,0,0,0,0,0,0,0
8657,1.545559274,2.151820871,1.416243526,2.241112582,2.190272872,0.786563168,1.592524776,1.159638532,0.952221754,0,0
8659,0.37826748,0.904793385,0.60714719,0.554389505,1.063416492,0.982525436,1.58227549,0.967222975,1.540596712,0.641777676,0.211140241
8662,0.190197488,6.718256449,0.203084457,5.975565637,6.001468519,0,8.700563969,1.744176971,9.76035114,1.059315474,0.224375669
8663,0.951315892,0.166666667,0,0.189768808,0,0,0,0.38281518,0,0,0
8664,0.190197488,0.73241389,0.206941496,0.937406674,0.912237826,1.184924998,0.566060865,0.963241663,1.34571906,0.211646862,0
8665,0.757093616,0.917267391,1.220783421,0.747139261,1.273336674,0,0.804530405,0.774487413,0.76419262,0,0
8667,0.943288162,0,1.219444328,0,0,0,0,0,0,0,0
8668,2.50239902,6.081163675,4.083090519,6.89041039,6.356708923,3.702974003,5.135527885,5.989042896,5.927967696,1.712814734,3.034475233
8669,0,0.527742756,0,0,0.531136799,0,0,0,0,0,0
8670,34.36176507,29.86562287,32.36153085,23.42491943,16.8181736,38.16215056,28.14213769,29.77033088,28.93510484,44.84620647,23.33078774
8671,0.378826137,1.269213711,0.60558795,1.116897558,0.913083247,0.976828034,1.189172323,0.388524329,1.540266646,1.282652232,1.518773776
8672,1.930866146,2.234901367,2.235540509,3.357499769,2.937838623,2.747775429,2.322025118,1.741656839,4.399577826,2.998268048,2.181280373
8673,0.967424651,1.279121975,1.222122514,1.478964985,1.075186732,1.962369662,1.962400008,2.894985224,2.487317417,1.91557278,2.175257778
8674,1.346323875,1.434603027,1.842313542,1.302810686,0.933543638,1.175260565,0.780996087,0.772193592,1.728872294,0.865066195,0.87814022
8675,0,0.188312238,0,0.187227304,0,0.386277004,0,0.192981542,0,0.209220459,0
8676,1.337052443,1.202999645,2.040826371,1.116022826,0.72430814,0.777899445,0.189187349,0.77284814,0.574264012,0.212277485,0
8677,5.729367531,1.10557963,8.349925158,0.74842118,1.108543013,1.355942293,3.739958859,2.11510253,11.48572752,3.179890594,5.677027042
8678,24.20911958,19.21249893,22.59856938,15.46052439,14.37865608,24.8578098,22.19748859,26.06984705,22.40975579,28.69114917,21.41383092
8679,0.201691347,0,0,0,0,0,0.205723382,0,0,0,0
8680,29.87408313,19.28686383,32.12054281,23.41874387,20.39846982,24.82715021,21.58268268,21.6389373,19.14131076,23.12621932,25.02296184
8681,2.099973206,2.536172226,1.817840813,2.980145062,3.655637992,1.36090565,0.992967163,1.74676499,1.911934972,3.633252809,3.934592927
8682,1.937703474,3.80158464,4.257313638,2.984815116,2.384150869,3.136706602,4.336690989,3.486897892,4.034203544,1.691119105,0.43551591
8683,0,0,0,0,0,0,0.40337198,0,0,0.649507427,0
8684,0.37826748,0.735446475,0.605909988,0.379081837,0.724027909,0.576045812,0,0,0,0,0.435901686
8686,0.594823884,0.709490967,0.818381819,0.926709797,0.711395006,0.97882507,0.771764721,0.96665699,1.148919892,0,0.211140241
8688,0,0.166666667,0,0,0,0,0,0,0.189081134,0,0
8689,0,0.354978905,0.204745588,0,0,0,0.195435043,0.582987727,0,0,0
8692,3.636096346,8.512106521,6.910916217,8.742871444,9.783565289,9.788470033,11.23598407,11.78705133,15.87639258,10.70635763,13.53551154
8694,0.19766656,0.904793385,0.204847479,0.187227304,0.173732258,0,0.198705571,0,0,0,0
8695,2.105008175,1.817199147,2.653503896,2.422270238,2.360432409,1.764621305,2.185103632,1.548545621,1.148919892,2.553614567,1.529284047
8696,23.16279028,23.37347493,25.81569713,19.33249804,17.7176516,21.32761775,19.0911251,22.20996752,22.36694261,20.04195782,18.11122806
8697,0,0.188312238,0,0,0,0,0,0,0,0,0
8698,0.568464967,0,0,0,0.173732258,0,0.204666409,0.576807256,0,0.208996201,0.422666258
8699,0.777625387,0.354512062,2.24171492,0.187227304,0,4.295139989,4.299884659,5.60760667,5.352321616,1.488997773,1.318787612
8700,0.384094626,0.195187917,0.808994445,0.37277607,0.545334228,0.780915637,1.378646528,0.58033792,0.763741645,0,0
8701,0,0.533767236,0,0,0,0,0,0,0,0,0
8702,5.356473083,4.169184065,3.864345594,3.9005005,4.027503014,6.065156601,4.307189326,3.667205591,4.197646904,1.278692086,0.429460406
8703,0,0,0,1.306247412,1.287534103,0,0,0.193364302,0,0,0
8705,0.382292267,0,0,0,0,0.190314737,0,0,0,3.856589567,3.053727551
8707,4.982135459,2.58133421,4.876891969,0.745460723,1.29918012,2.93779646,1.993970057,4.250035864,0.56776544,1.912515754,3.694366811
8708,1.34287959,0.521178729,1.016037833,0,0.173732258,0.590600901,0.400101451,0.581888631,0.384330774,0.211646862,0.211140241
8709,8.075753645,5.322680882,8.929416475,5.025826375,3.817000398,5.297344945,7.490331705,11.00834373,11.30489227,5.765014981,6.301491321
8711,0,0,0,0,0.177426564,0,0,0.19251022,0,0,0
8712,0.943521683,0.523744471,0.607681967,0.93047406,0.722760792,0.778918602,1.182154512,0.966813441,1.337880118,0.219600869,0.439584901
8713,0.18060092,0.179255173,0,0,0,0,0.39416014,0.964252196,0.757969637,0.209220459,0
8714,0,0.179255173,0.400740471,0.18083012,0,0.200925625,0,0.965802907,0,0,0
8715,0.965622292,0.700433902,0.408253974,0.751402129,1.444641742,0.200925625,0.384622391,0,0,0.633144806,0.432790753
8717,4.03302015,4.674741702,6.916443343,4.456080507,6.551337745,6.829619856,5.282163999,6.380033843,6.320950289,5.556779597,6.716686717
8718,5.776144757,4.187682551,6.314294919,2.990337568,4.706543166,3.919073346,3.975029203,2.312180722,0.946383315,4.057663448,5.210762593
8719,0.961597505,0,0.810231647,0.183790577,0.179977976,0,0,0.578856064,0,0,0
8720,6.128990414,5.751341915,4.688681677,7.256697859,6.011406452,6.84725247,7.0972741,7.149607764,8.057794164,6.816636455,6.756221621
8721,0.583330025,1.061976834,0.204847479,1.119915331,0.72430814,0,0,0,0,0.219600869,0.224375669
8722,0,0.687845396,0,4.829424264,4.716907525,0.99066606,0.776974968,2.124341376,1.91362992,0,0
8724,3.839123011,4.992068482,4.067572277,4.294826792,3.833927221,2.933215182,3.924374498,3.278428178,4.412365813,2.972692199,3.934554313
8725,0.764562689,2.323619023,0.203084457,2.772466621,1.646485991,1.75648068,2.359098777,1.542992923,1.344169532,1.26278407,2.392845004
8726,0,0.364534827,0,0.18083012,0.180258207,0,0,0,0,0,0
8731,4.629434718,2.460942891,2.235482161,4.284628519,2.383163982,2.748157508,1.96909191,2.705690797,1.911208408,0,0
8732,1.533077078,1.608145372,1.842746428,0.745879677,1.279582393,0.971864677,0.992680307,1.348644862,1.899602591,1.061741876,0.878173129
8733,7.294948949,7.80071711,8.940372045,5.772198656,6.571624884,7.040060301,7.264560467,8.299961004,8.99012564,6.630890233,7.638143784
8734,1.732567842,1.441593206,1.220681529,1.486621754,1.453594881,1.952686783,0.57305915,1.741527163,0.954000319,0.220910356,0.435901686
8736,17.83758801,28.60386712,17.48591719,39.25701936,40.95270188,32.51312942,33.24164889,31.11165623,40.98652629,10.69799928,11.06586414
8737,1.34287959,1.250600724,1.015935942,1.493018938,1.630741215,1.938604922,1.567083286,2.316312385,2.487046458,0.643525216,0
8738,0,0,0,0,0,0,0,0,0,0,0.211140241
8739,9.411540541,11.54798035,7.102617966,12.80424953,9.614319065,9.784534425,9.313041651,10.2417028,10.16616095,6.820181801,8.234274831
8741,3.038838358,6.101106849,1.613086268,6.337268703,6.008540387,2.35195379,4.734753113,3.096551064,3.633027432,2.139358054,2.406757147
8742,1.749633483,1.774345196,0.615195471,0.556147694,0.179977976,0.788128254,0.592865711,0.581977194,0.769388113,0.423924347,0.643287189
8743,0,0,0,0.187227304,0,0,0,0,0,0,0
8744,13.86594612,2.319380533,15.44795513,2.614671967,0.3718822,7.40514257,1.966127764,15.64331603,8.420295959,3.859191988,6.765954636
8747,0,0.166666667,0.614873433,0.37277607,0.550295651,0.390694432,0.195435043,0.196014109,0.384330774,0.64046819,0
8748,0.570920916,0.364420326,0.810757468,1.303705909,0.704869057,0.583640508,0.57305915,0.770171558,0.385574746,0.220910356,0.211526017
8749,0.556667817,1.435880378,0.609343098,2.029510576,1.261970887,1.174787337,0.98747006,1.735818015,1.149249959,1.081385781,0.220620931
8751,1.69258757,2.163091337,2.237245183,1.113041878,1.09591011,2.159805867,2.386805895,2.129511314,2.30400829,2.132747247,1.971208328
8752,4.399437178,4.915431799,3.439556323,3.725976147,4.713934416,4.882976921,6.090615914,5.024810407,6.129385842,2.134949392,0.864976315
8757,0.775983461,1.404678885,1.21912229,1.293544462,1.449496122,1.363536989,0.778476149,1.737865856,1.350187988,1.489446288,1.307247758
8758,8.88762709,4.699772201,6.922499499,5.948771909,4.391433504,7.424936069,7.059410796,6.185397685,5.156825528,3.194264866,2.830034301
8759,5.175075716,4.296299221,5.102784816,3.542604523,2.765251896,4.517268943,4.348016775,5.407128493,2.858071839,2.971158455,3.928576036
8760,0.188628649,1.093956822,1.019894872,1.493474716,1.09591011,1.377660127,1.164867888,0.580965693,1.723183905,0.637593272,1.083901672
8761,0.188628649,0,0,0,0,0,0,0,0,0,0
8765,0,0,0,0,0,0,0,0,0,0.208996201,0
8767,6.166284534,4.479439285,5.700234759,2.424811742,2.908335293,6.304098291,5.715050661,4.255508274,4.589432075,16.00816248,17.41970711
8768,0.201691347,0,0,0.185548766,0,0,0,0,0,0,0.211140241
8769,0.754893034,0.383500156,0.808994445,0.927165575,0.738505569,1.174787337,1.182154512,0.968862249,0.580824386,0.858727886,1.307247758
8770,0,0.185279653,0.410025953,0.741616809,0,0,0,0,0,0.208996201,0.224375669
8773,3.845023245,4.29501083,4.055577231,3.908065851,4.573699906,4.498819524,5.335618989,5.023014683,5.178553479,5.129930065,5.468187567
8777,96.43210702,82.38814765,93.70587539,63.05011585,49.64439615,101.2365109,77.58161348,72.85991569,74.65739425,110.8931215,40.37296187
8779,2.330836012,3.607632277,2.851168866,1.865703591,3.654073466,3.135068816,3.955796353,4.255875692,3.432974167,4.688392313,4.130191269
8781,1.745071883,0.169232409,3.261185863,0.746335456,0,1.364556145,0,0.773675448,0,0,0
8782,6.389066308,8.728867306,8.34440378,11.16998096,10.92347363,10.16271208,10.81934659,11.58629216,12.82995153,10.02974498,9.128371058
8783,0.190197488,0,0.4011644,0,0,0.199906468,0,0.384297036,0.189477632,0.220910356,0.211140241
8785,0.386295209,0,0,0,0,0,0,0,0,0,0
8786,0.791246742,1.244887897,0.408355866,2.045402369,2.344967863,0.395868736,1.149388828,0.963597648,2.865546117,0,0
8788,0,2.622251435,0,5.202097151,6.778450437,4.298863186,5.101470444,4.831132236,7.663303965,1.712376681,3.500106599
8789,0,0.166666667,0,0,0,0,0,0,0,0,1.519417581
8790,6.924059879,7.871838116,7.929966439,6.894034644,8.589449859,8.768036662,8.43969066,7.924850232,8.227322411,4.906865804,10.43872404
8792,0.568464967,0.357544647,0.407931937,0.756533728,0.723041023,0.199906468,0.798282711,0,0.384727272,0.209220459,0.211140241
8798,2.481706816,2.241472213,2.641842694,1.673849058,0.899324692,1.577184516,1.175906818,1.546140827,0.573537448,1.700462527,1.296737487
8799,1.745050038,1.943692105,1.015935942,1.124633978,1.285387144,1.154038789,1.577065243,1.931449364,1.532979708,1.704604782,1.980689018
8800,0.959396922,0.527742756,0.408355866,1.296852946,0.546881575,0,0,0,0,0,0.220620931
8801,7.512765526,5.259494945,9.18767905,4.657415159,3.509016297,7.440052759,7.63871764,7.729218883,7.076707572,9.595578158,8.28611086
8802,10.75126267,7.030848246,11.01448652,3.513778229,4.58805598,6.886664157,6.148897499,7.53590813,4.027463153,11.54081306,8.923705007
8803,0,0,0,0.373103606,0.366623368,0,0,0,0.196097113,0,0
8804,0.361201839,0,0.204745588,0,0,0,0,0,0,0,0
8806,0.391888835,0.534234078,0.407931937,0,0,0,0.195435043,0,0,0,0
8810,7.662774382,6.12095539,7.720015762,7.075263227,5.827015063,6.844782207,5.278116845,7.148907737,6.131622706,9.433155372,9.173058945
8811,14.37733909,9.517094961,11.78390439,11.33250603,10.56236234,10.77732156,9.660362268,9.270435789,8.403620189,9.421241217,10.82695353
8812,0,0,0,0,0,0,0,0,0.384456313,0,0
8813,7.259338387,7.785292064,7.723770909,6.713332767,7.669401789,10.1611384,10.00561736,10.62265243,11.48257944,5.755799726,4.807740134
8814,9.255518024,12.87695311,7.145080699,11.52599051,13.13262513,7.238877685,9.011867064,6.952195996,8.782358973,8.514146164,11.54952096
8815,5.028669554,5.769590413,6.097309809,6.880983667,4.753836527,8.630013815,5.266221204,7.727399746,5.554666224,1.947355097,0
8816,22.9025937,17.48187009,20.75933652,17.09724721,20.20542527,20.006124,17.05488415,14.8891809,13.38105897,18.37049917,15.88752584
8817,0.800540019,0.179255173,0.203084457,0,0,0,0,0,0.189081134,0,0
8818,9.956411207,10.049729,8.731670735,7.810922296,7.705731179,8.808464731,8.462361759,8.298949504,8.239467452,11.11500052,12.38823511
8819,15.91025147,16.42735028,16.07306836,16.58324384,18.7612224,21.55054345,18.95141634,18.95576826,18.90867563,22.82250882,19.3504472
8823,1.702815882,1.998168864,2.445745919,2.595899368,2.179187315,1.56942597,2.371307308,2.507184298,3.245220623,1.061517619,1.502851805
8827,2.466210015,2.203379545,2.044593684,3.893663872,3.481484103,4.48799769,5.102201508,3.868005911,6.319385511,1.282245866,1.525182147
8828,0,0,0.204745588,0.18083012,0,0.200925625,0.188436758,0,0,0,0
8833,0,0,0,0,0,0,0.195435043,0,0,0,0
8835,6.367057315,5.564307028,8.131058771,6.326138383,5.448745678,6.266032355,5.306291555,7.720277632,5.725046574,7.883262205,4.981860633
8837,9.395320379,22.92222136,6.503611993,22.65531695,25.52090335,9.222390747,19.45907363,15.46223925,24.53909399,9.416906393,9.563848354
8838,0,0,0,0,0.179977976,0,0,0,0,0,0
8844,13.05358081,12.79033341,14.02367394,13.40750808,12.18760866,14.68505559,13.83607233,16.21609432,16.29406369,13.22514534,12.66197856
8845,0.768587476,0,0.810333538,0,0,0.399812936,0,0,0,0.211646862,0
8846,0.19766656,0.188312238,0,0.367581155,0.726859552,1.174787337,1.00294912,0.577278578,0,0,0.221650513
8847,11.09338277,13.21948671,12.39863902,14.5239662,11.298197,12.31668651,10.03430986,15.63838144,10.71345496,9.205590033,8.707047507
8848,0,0,0.204745588,0,0,0,0,0,0,0,0
8849,0.558868399,1.058829748,1.427724917,1.679806798,1.094362762,0.385731075,0.598826549,0.964608181,0.189081134,0.212277485,0.211140241
8853,0.384094626,0.888746141,0.203508386,1.12709583,1.801624586,1.752780314,1.969398292,2.71303922,2.481003492,0.421273686,0.211526017
8855,5.544719978,5.044134853,5.692984945,6.332970855,4.948996183,5.071538457,5.705799768,5.411921772,5.752132848,3.84737634,3.691641655
8857,6.959636926,4.849924781,7.711481995,5.196051036,4.385187785,7.442484519,4.50310763,6.5726594,4.980857817,4.046786283,3.710255872
8859,13.88200695,8.996455779,13.03578001,8.371390174,7.294368498,9.02372444,9.24199449,8.49433584,8.034846753,9.59848679,8.703639931
8860,4.400394058,5.394336979,6.507277414,5.2092321,4.802654718,6.248796058,5.906312903,5.988373042,7.089862916,3.639903421,3.701160958
8862,6.959636926,4.849924781,7.711481995,5.196051036,4.385187785,7.442484519,4.50310763,6.5726594,4.980857817,4.046786283,3.710255872
8863,15.21528998,9.728443517,14.87267406,9.121489892,8.039119785,9.424556533,9.241243899,9.270687869,8.224775361,10.66886154,9.344240578
8864,4.010074062,3.971938103,5.694324038,4.092753496,4.060454843,4.297037283,4.935072493,4.447941363,5.556612249,2.999028865,3.258850901
8866,3.263262058,2.541345507,4.057984328,2.600558854,2.193367566,4.700218376,2.353733828,3.675024369,2.872825731,2.120833092,1.749557815
8867,26.17238979,17.12071152,24.65897295,14.89143775,13.50477031,13.9293558,14.71557241,16.41327642,15.28672904,17.48101987,16.11702227
8868,0,0,0,0,0,0,0.195435043,0.386728604,0.189477632,0,0
8869,10.41400543,10.12149723,10.18234627,11.72257545,11.2830058,9.995254134,10.27341434,9.076182354,11.53794924,13.22999003,13.68660737
8871,0,0,0.203508386,0.551848001,0.173732258,0,0.188436758,0,0.189477632,0,0
8873,30.39491609,46.7520771,29.52567965,35.2802564,54.69746464,36.37506019,47.73582108,33.00174629,52.44866093,11.77016575,15.43018691
8874,1.336979357,2.133706741,1.62184593,1.861055871,1.447473384,1.762845273,1.368071332,1.931605815,2.297568826,0.432557217,0.64969556
8875,0,0.195187917,0,0.185548766,0.357404541,0.197909432,0,1.160901146,0.385303787,0,0
8876,0,0.169232409,0,0,0,0,0,0.386973618,0,0,0
8877,3.293014019,2.872611954,2.645075228,3.345136121,4.019848712,2.939408642,1.951399295,4.062127662,4.791380185,2.124793239,1.29635171
8878,3.662546879,2.843591847,2.440506243,3.896585659,3.627118912,3.744934269,4.334171051,3.089762491,2.872350245,3.191389948,3.955652084
8879,0.573733457,0.364420326,0.40459751,0.18083012,0.735673926,0.199906468,0.983448941,0.384297036,0.763741645,0,0.217934388
8880,9.212844013,9.340238029,9.960533815,7.664294788,8.520451507,11.35048083,10.22277265,9.672818223,11.09978079,10.68940856,10.00377929
8882,0.952559594,0.515154249,0.818381819,0.185548766,0.173732258,0.400832093,0.394140614,0.196014109,0,0.852521417,0.211140241
8884,0,0,0,0,0,0,0,0,0.19524964,0,0
8885,23.19690565,23.61908203,20.99503073,28.25072413,31.2032001,18.99393386,22.09105398,13.5246712,12.63834785,22.63536304,20.65015257
8886,0.195465977,0,0,0.189768808,0,0,0,0.190304961,0.568095507,0,0
8887,4.063802077,3.997655769,4.277879936,4.284756762,3.83559879,2.170416755,1.581218517,2.704408476,1.142960544,4.0785686,6.108232358
8889,40.68814357,40.48007357,38.65258382,38.72148798,36.15254697,34.72092245,40.35514597,33.41997708,34.88548766,44.73277983,49.85189112
8890,0.779752883,0.348487582,0.60714719,0.935648485,0.895067289,0.59679436,0,0.387356378,0.189206673,1.074286654,1.086626828
8891,3.852514162,3.940114412,3.662350263,4.282123841,4.369881884,2.748409732,2.572990044,3.46807859,3.237790959,2.122591094,1.088927594
8892,0,0.931485591,0.206941496,0,0.177426564,0,1.768002412,0,0,7.482202318,10.24008629
8893,3.202373638,3.861691739,5.702752705,5.768745594,7.077637342,7.067387162,6.460277864,6.375764433,6.697693199,4.70690884,3.910308982
8894,3.244299127,2.503300349,3.453645744,1.493474716,1.66040319,1.758973774,2.94315864,2.31262527,2.107906547,3.194761621,1.740424288
8899,0,0,0,0,0,0,0,0.190304961,0,0,0
8900,5.555655181,4.391543177,4.461957334,3.14646545,3.639013373,2.954298713,2.974480886,2.325525424,0.959688708,3.416708965,3.047066855
8901,0.985143881,2.35446581,1.830228411,2.427772199,2.564689306,1.174787337,2.364309024,1.15916721,1.338001027,1.711249303,1.307247758
8902,26.70160375,22.31345269,24.25793121,19.01006285,18.52613107,24.82841307,25.11616841,23.54917307,24.51621595,31.37524769,29.39184494
8903,3.076637833,1.630217096,4.476451114,0.927165575,1.269642367,2.154296581,1.380860083,1.358868434,1.527604198,2.577218619,1.306861982
8904,0.393132537,0,0.607681967,0,0,0.190314737,0.393853758,0,0,0.851404501,2.171194492
8905,0,0.88863164,0,6.716769494,5.276862971,1.945092087,2.560514184,5.599194165,5.352922642,0,0.220620931
8907,0,0,0,0,0.180258207,0,0,0.196014109,0.189477632,0,0
8908,5.895368369,1.643542301,4.876415539,1.291786273,0.949288415,7.829368787,3.892085569,9.274489318,3.250988,2.569702664,0.439584901
8909,3.267898804,3.230737945,4.681812249,3.717364995,2.547077801,3.709713392,3.944644795,3.669157766,3.256747451,4.296694427,3.271700553
8910,0.779427746,1.750600724,1.418439435,0.927165575,1.09591011,0.97882507,1.377589554,0.772821365,1.148523394,0,0.876757771
8911,2.115848446,1.951034627,1.839089964,1.675130977,1.995515032,1.185944154,1.576295125,0.772193592,1.345263454,1.713899963,2.615910875
8912,0.382292267,0.166666667,0,0,0,0,0,0,0,0,0
8913,3.094176844,3.905101839,2.644651299,4.110699954,4.968856896,3.727234802,3.370528672,3.478355711,4.008506662,5.780164595,6.512878869
8914,2.127342305,2.215469195,2.235862547,2.968595788,2.206863134,3.315386911,3.110325872,2.122477728,3.271129356,12.5994055,8.933147083
8915,0.57593404,0.748034982,0.407016773,1.30920787,1.09591011,0.789056262,0.410389791,0.965802907,1.154962859,0,0.221650513
8916,1.539355749,1.290744782,0.407931937,1.297308724,1.09619034,1.170843137,1.18542504,1.15916721,0.568366466,0.6424083,0.874071229
8917,10.71938321,9.418339266,8.524382871,9.668073772,8.534507535,12.12723126,8.025553586,12.17668186,6.692973193,2.54845555,1.524152565
8919,1.739781549,2.870982261,2.243428551,0.553933726,0.533688211,0.773955245,3.342547717,0.965646457,3.64298233,0,0
8920,4.021621222,2.718034938,2.445816432,1.306746017,1.798649385,1.752284256,1.774713841,1.74089939,2.864757751,1.693139142,1.755999096
8921,3.837554172,4.389361791,5.494048186,4.465039686,4.199968155,5.493853142,4.933590839,4.448542362,4.406598435,5.990191695,5.440131274
8922,2.912597198,3.09162683,1.833995723,4.095224073,5.065653699,3.699575731,5.524400347,2.887923895,3.256806558,5.975358447,5.883598661
8923,1.133160513,1.058829748,0.615195471,1.861076362,1.095629879,1.375167033,0.590345774,1.926279426,0.757969637,0.432557217,0.211140241
8927,0.18060092,0,0.203084457,0,0,0,0,0.190304961,0,0,0
8930,0.573733457,1.083934058,1.220783421,1.300269182,1.269642367,1.365102074,0.992967163,1.158539436,1.148919892,1.494299094,1.096107517
8931,3.047339457,3.782110671,3.45674786,3.340497126,3.64513487,3.905423436,2.555246193,1.552615496,1.919677516,0.841734641,0.211526017
8932,4.264861681,5.40661494,4.063514663,8.202736175,6.184134579,4.70147131,5.685262142,6.375607015,7.088414417,9.002838078,7.40156227
8933,4.018480229,2.874367188,2.229298794,3.358283084,2.924925489,2.926639643,2.575223126,2.326535957,3.067624396,2.781848308,3.034436619
8935,0,0,0,0,0,0.189768808,0,0.193992076,0,0,0
8936,14.18641287,16.94899585,11.57163955,18.01274703,17.68403227,12.14752523,12.44994425,13.89586952,12.06530793,10.92472855,14.15472229
8940,0,0.179255173,0,0,0,0,0,0,0,0,0
8942,7.859919647,6.709479023,8.921086492,12.64295899,10.97556227,2.745191187,3.157513642,3.282314827,4.953271547,2.982211638,7.134832389
8944,0.587986556,2.6729996,1.015613904,2.781459901,3.080641789,2.331319221,2.159642615,3.479680113,3.061660418,0.632920548,0.651110918
8946,6.15691817,7.578751195,6.709374636,5.202892232,5.070493537,7.228680096,6.693289354,5.788645043,7.284870737,9.582092481,7.196235931
8947,1.171316581,3.411011818,1.425529009,4.625409945,4.57299325,1.374693805,2.586262056,1.738023274,3.075216889,1.932159659,2.181704763
8949,0,0,0,0.187227304,0,0,0,0,0,0,0
8950,4.386289192,3.038312922,4.684620855,3.901702769,3.102632284,4.676614712,5.097474523,4.061883616,2.873013072,3.418018452,3.696762415
8951,5.591212442,4.548374284,6.906669835,4.090596844,6.211668931,5.079706121,6.694475831,5.984214604,6.869305568,6.388089651,7.402872067
8952,2.097772624,1.816347948,2.043254591,2.975913253,4.008943774,4.121611153,4.718349234,4.455194156,3.054890887,4.244509415,4.568818111
8954,3.673482081,3.905953037,2.647549631,4.091471576,3.636057509,3.524362012,3.750379354,3.092454415,3.635569853,2.566421381,1.964767048
8956,4.645329743,8.801382362,3.243047784,7.444540244,7.291678322,5.911237359,5.542399345,5.796804464,6.50499061,3.226095422,5.465292332
8957,2.297008022,1.281687717,1.631233304,1.298183457,1.633572857,1.386484925,1.181867656,2.322021534,1.912055881,2.143127657,1.517358417
8958,0.387864048,0.185279653,0,1.118236793,0.173732258,0.197909432,0.583347489,0.578944627,0.391346753,0.209220459,0
8959,1.930632626,3.399004655,0.4011644,1.313947007,1.783167661,1.170843137,1.156387112,1.934864691,1.352032985,0.839083981,1.108918555
8961,0,0,0,0.753536445,0.360236183,0,0,0,0,0,0
8963,2.501155318,16.06806144,2.633794412,15.44561924,19.46081274,4.328023233,12.01905505,11.77687698,17.41320836,8.737338592,8.294963044
8964,0,0,0,0,0,0.197909432,0,0,0,0.209220459,0
8965,5.378195255,5.763452539,5.104838498,6.692765154,4.907544632,6.251167889,5.526437023,6.759885347,8.204592307,4.02450218,4.373714823
8966,0,0,0.203508386,0,0,0,0,0,0,0,0
8968,19.24074833,21.29414149,20.53724821,22.1219805,19.87853028,16.82190185,20.09758407,16.22762463,22.00169656,20.106461,25.94684053
8969,20.67164324,20.26661906,20.15347328,20.10590801,22.43943812,24.90898556,25.60960816,25.30549074,26.60852576,29.01639774,25.45225087
8971,7.455464248,3.938983575,10.38132061,3.530673121,3.663168072,3.731317247,2.570032406,2.321210536,2.102385617,3.644071272,3.922734243
8972,21.71369224,18.81504378,23.60425471,17.29107959,17.13984309,18.01499759,16.97468554,16.20657763,15.51024712,9.807937597,10.45549851
8973,0,0,0,0,0,0,0,0.193992076,0,0,0
8974,0,0.559722744,0.206941496,0.37277607,0.373149317,0.786563168,0.205723382,0.390006185,0.574985947,0,0.877787353
8975,15.16846906,20.47727717,14.44480675,16.01466025,15.9747985,17.05932281,17.90723462,17.76406693,18.21231342,22.87842121,18.4811836
8976,45.65709658,36.44314147,54.13237499,34.04536551,37.62882176,36.57887233,45.62945128,35.1453851,40.26719344,58.15439744,57.26954285
8977,1.350275575,0.723709168,2.024782309,1.683662478,1.451026225,2.338417858,0.605824834,3.481885372,0,0,0.224375669
8978,0.386295209,0.543675499,0.611864252,0.558245186,1.086691282,0.380083545,0,0.389378412,0.95944226,0,0
8979,0,0,0,0,0,0,0.198705571,0,0,0,0
8980,0.384094626,0.904678885,1.023127407,0.932688027,0.373149317,1.174787337,1.182154512,1.15916721,0.764589118,0.854055161,0.221650513
8981,0.376066897,0.169232409,0,0,0,0,0,0,0,0,0
8982,2.114301452,2.154386614,1.630376488,1.125417292,1.648632951,1.755796507,2.185390488,0.971894816,2.290799295,1.483918683,1.755960482
8983,0,0.185279653,0,0,0,0,0,0,0,0,0.211526017
8984,10.22254445,6.604830986,9.147737471,5.955624872,8.966015889,4.893050473,7.424806845,5.992049692,7.094932869,10.67843124,10.89423662
8987,0,1.091276579,0,0,0,2.339982943,1.191385878,1.160266305,1.148318867,0,0
8988,2.704090368,3.242278266,6.707343733,9.871449477,8.545994908,26.37329182,17.15492452,29.3462603,25.13993502,4.055205358,2.832854295
8989,0,0.354512062,0.204847479,0.740742077,0.899044462,0.199906468,0,0,0,0,0
8991,3.46792638,4.128458664,3.863340703,2.623519238,5.825309072,3.720186035,3.384100559,2.31984305,2.494417014,3.822106324,3.471576579
8992,15.19690755,17.02632283,15.23654846,19.91058985,18.40749499,17.44137348,18.13004822,17.77207697,16.26020074,15.38995514,17.02264532
8993,6.533993189,6.570596908,7.330976828,7.267303318,7.809178087,7.637067072,8.479500189,6.940847557,9.393048243,6.602431349,9.118665248
8996,0,0.169232409,0,0,0,0,0,0,0,0,0
8998,0.943521683,0.738012218,1.423867878,1.305791634,1.09591011,0.974407642,1.182154512,1.354354011,1.147922369,1.274698224,1.739394706
8999,0,0,0,0,0,0.3938717,0,1.15916721,0,0,0
9000,0,0.188312238,0,1.125417292,0.19289111,0,0.188436758,0.193364302,0,0,0
9001,1.525049348,0.166666667,1.637898948,1.135615565,0.179977976,2.539343482,1.552760808,1.736445788,1.142751387,0.430130815,0.657166422
9003,6.314323012,2.312536868,6.292488211,4.279641497,3.415473401,3.732248029,3.556732348,3.083180555,2.108428584,4.939092265,2.617825865
9005,3.437005864,2.683334017,2.859762539,3.728936604,2.568663843,3.31593284,2.381576121,6.182496764,3.061576799,4.034203727,2.36740373
9006,11.7464328,11.24716655,12.6121203,8.740253124,8.424073831,14.09427078,12.9452987,14.48600277,13.97055236,9.795841334,8.67965263
9007,0,0.709490967,0,0,0.180258207,0.189768808,0.195435043,0,0,0,1.301868969
9009,0.397157325,0.502565742,0,1.128854019,1.281008154,0.200925625,1.17263629,0.770642881,1.910691001,0,0
9011,7.254123198,6.773289356,5.486525726,5.20587318,5.455710502,6.262706785,5.688819526,5.220735954,3.630319882,3.827003306,3.924396908
9012,0,0,0,0.55488811,0,0.189768808,0.188436758,0,0.189081134,0,0
9013,1.154250941,1.083934058,1.220783421,1.116478605,1.09591011,1.174787337,1.380860083,1.15916721,1.72934778,0.852521417,0
9016,0.764489602,0.179255173,1.020507569,0,0,0.195962267,0,0,0,0,0
9017,3.28126811,6.632578198,1.627376265,8.746316895,8.704240647,2.928636679,4.313324392,3.670238158,5.566606737,0.41821666,0.872761431
9018,0,0,0,0,0,0,0,0,0,0,0.224375669
9019,0.201691347,0.185279653,0.203084457,0.743374998,0.737238452,0,0.582290516,0.386728604,0.379014372,0.629863522,0
9020,1.913168762,0.901646299,1.627042062,0.366378886,0.384515104,1.770351595,0.593616302,1.544658971,1.148919892,0,1.741695472
9022,0.188628649,0.867100569,0.408253974,1.293088683,0.534248672,0.190314737,0,0.193364302,0.189081134,0,0
9023,0,0.169232409,0.206941496,0.183790577,0,1.950739618,1.380109492,0.965802907,0.581154452,0,0
9024,10.29020232,6.487713399,11.59576938,4.644203034,5.672441658,7.832514835,4.154501924,6.381228569,3.061973297,6.171365727,5.445157196
9026,2.074879837,1.615021051,1.220783421,2.04364418,2.006441944,2.159805867,2.198655992,3.277800404,1.906367492,1.297623412,0.8845815
9028,0.397157325,0.898654405,0,1.857312099,2.887750679,1.554870882,0.993717754,1.353159285,1.148919892,0,0
9029,0,0,0,0,0,0,0,0,0,0.209220459,0
9030,0.973091364,1.410776068,1.430855561,1.302831176,2.545530453,1.367572337,2.162162553,0.773292688,0.763616105,0.421273686,0
9031,0,0,0,0.183790577,0,0.197909432,0,0,0.19524964,0,0
9032,0,0,0,0,0,0,0,0.385020439,0,0,0
9033,1.511427993,3.386530649,1.214931048,3.720909474,2.511170041,2.355768134,2.941521447,5.227587283,2.670481124,6.618976079,6.783297669
9035,0.760559747,0.700900745,0,0,0,0.189768808,0,0,0.391346753,0,0
9036,1.144654373,0,1.841178232,0,0,0.981368034,0,0.770260121,0,0,0
9037,53.31927714,42.98707617,50.87323732,37.00938418,37.74651776,45.02628439,45.41922722,40.5707555,39.85253948,55.54511325,55.12972886
9039,4.415312417,2.707545331,5.680940248,4.84935054,3.462325251,2.95182845,3.698093964,1.735818015,2.877816697,1.706352321,1.964799957
9042,4.585073066,5.545112698,3.048290102,4.647639761,4.559799886,4.715319394,5.121028367,5.407721253,6.111426873,5.312413584,5.016265356
9047,0.188628649,0,0.203508386,0.18083012,0.180258207,0,0,0,0.189477632,0,0
9048,8.096424004,11.28307894,9.980993456,13.40356098,14.3193461,10.5450365,16.32926711,12.75002834,13.00328857,10.43514437,12.86067135
9049,0.18060092,0.179255173,0.203084457,0.189768808,0.179977976,0.190314737,0.189187349,0,0.189081134,0.219600869,0
9050,0,0.881755962,0,0.185548766,0.177426564,0,0,0.581888631,0,0.440511225,0
9052,0,0,0,0,0,0,0,0,0,0.212277485,0
9053,1.938028611,4.085519863,3.061534515,4.091915589,3.851236522,2.560588089,3.58919165,3.279622903,3.831282422,1.932159659,0.432790753
9054,1.943297101,2.501201449,2.232438394,1.667124337,2.558039135,3.148695895,2.550532227,1.542863247,1.906162965,2.12110559,1.742725054
9057,4.21181871,9.959953207,5.098716587,6.698871627,8.306993026,3.530009543,5.129489616,5.034877528,6.715191933,6.397397322,7.408389326
9059,0.361201839,0.179255173,0,0,0,0,0,0.190304961,0,0,0
9064,5.57775579,3.547868843,4.270880089,3.153688775,3.595731608,3.540693132,3.165862263,3.472891576,3.829370994,3.417387829,3.479729861
9065,8.794037604,15.44110704,8.726886367,10.22826283,9.64574079,8.994289338,13.97610964,15.26898689,19.73177857,67.27825133,45.31903845
9067,0.558868399,0.889597339,1.224015956,2.615048095,0.727722216,1.369519502,1.194363043,1.547622683,0.966128172,0,0
9068,0,0.195187917,0.204847479,0.557370453,0.537662748,0.190314737,0,0.383669263,0.379014372,0,0
9069,55.25928833,54.06509296,56.15479411,47.27878704,46.00109686,71.37173732,68.65724705,65.88084464,62.78039416,57.44178975,61.64120557
9070,0.393132537,0.364420326,0.204745588,0,0,0.400832093,0,0.578856064,0.189807699,0,0.211140241
9071,11.88538006,10.27293931,14.851016,11.19001314,10.19489084,16.66264168,12.58881197,14.68870155,15.11432578,7.686649899,8.065417279
9075,0,0,0,1.111759958,0.179977976,0.199906468,0,0,0.189807699,0,0
9076,0,0,0.204847479,0,0,0,0,0,0,0,0
9077,0,0.166666667,0,0,0,0,0,0,0,0,0
9079,12.06102116,15.5955399,11.41022822,9.48158807,9.624293512,11.36842413,12.17664632,12.18686234,11.89885922,13.22630808,11.27680511
9080,5.748850805,8.800061957,6.522313377,6.69378862,7.155681336,7.423298282,6.865190079,8.123582073,7.657928455,6.853416287,6.742391724
9082,15.05315883,8.692651191,12.38891138,6.694968553,6.037495706,7.441961421,7.074928073,6.961366954,5.566582226,0.630494145,0.432790753
9083,2.49067164,3.351943122,3.658493224,2.41928929,3.468975422,3.919798797,4.106563563,3.67695784,4.401156494,2.143175897,2.849420071
9084,17.44602431,14.13074177,18.4801624,10.01817113,10.81744082,9.183291213,8.858122689,8.881910456,9.204297175,10.43272406,29.78166747
9085,29.72411276,20.54877791,29.68545636,15.27338851,13.52947093,18.36936923,17.92179188,23.95329747,19.71994289,17.69859702,22.20458323
9086,22.33342184,22.5105302,25.01864228,19.1648589,17.7319905,20.57082049,21.18507899,23.55534918,22.02113611,23.02229579,22.02163329
9087,0.397157325,0.70603223,0,0.37277607,0,0,0,0,0,0,0
9088,0.382292267,1.998635707,0.204847479,0.748013993,0.366623368,2.161802902,2.148297302,3.100307035,3.25099263,0,0.422666258
9090,1.316520673,3.106781079,2.251102294,2.053010546,3.323901074,3.911405949,3.927358171,3.481388278,4.033080481,4.050340064,2.832044129
9091,0,0.91385045,0,1.314402786,1.083277206,0,0.603134524,0.768778265,0.960109717,0.208996201,0
9093,3.076059391,5.752069937,1.624858318,3.146453684,8.053334459,4.891599366,5.870238473,4.637905681,5.169547084,6.40776727,3.724057877
9095,0.201691347,0,0,0,0,0,0,0,0,0,0
9096,0.188628649,0,0,0,0.180258207,0,0,0.193364302,0,0,0
9097,0,0,0,0,0,0.189768808,0,0.190304961,0,0,0
9098,3.456830744,5.831224852,3.067186313,9.485435026,9.105543743,7.080465539,6.879899022,7.727483943,8.605238232,4.898639299,2.166773761
9099,0,0.34592184,0,0.364620697,0.191623994,0,0,0,0,0,0
9102,0,0.166666667,0,0,0,0,0,0,0,0,0
9103,0,0.728955153,0,0.189313029,0,0,0,0.383286503,0.189081134,0,0
9107,1.702184138,2.344090704,1.418863364,2.045729905,2.558443587,1.367733413,1.764731884,1.356758805,1.913262562,0.212277485,0
9108,1.923397074,1.599981302,2.243808937,1.489582211,1.461266361,1.371677613,0.992967163,2.502930231,1.155539373,2.982435896,3.05910634
9109,1.353129747,1.609422723,1.631131412,0.924988433,1.471610839,2.137198528,3.359215905,3.672703772,5.561290335,0.209220459,0.876757771
9110,1.557633636,1.425857613,1.222877438,2.038469755,2.010277717,1.374693805,1.559778619,0.576179482,0.568492005,0.642894593,0.432790753
9111,0,0.179255173,0,0.370598928,0,0.783546976,0.59957714,0.193992076,0.196097113,0,0
9113,0,0,0,0,0.180258207,0,0.205723382,0.190304961,0,2.127443899,0.877787353
9114,0,0,0,0,0,0,0,0.192981542,0,1.49096957,0
9115,4.957115176,5.579845633,5.698784817,5.401910929,4.587156257,5.296367066,5.735124551,5.410302169,5.346483178,4.934015202,4.123402826
9118,0.19766656,0,0,0,0,0,0,0,0,0,0
9119,0.19766656,0.169232409,0,0.370598928,0.545334228,0.199906468,0.198705571,0,0.568762963,0,0.66396057
9120,2.514594395,1.238012218,2.434799306,0.920768391,0.373149317,1.362135753,1.546819497,2.694812677,2.884828046,2.58386314,1.538708513
9121,1.148025571,1.087350999,1.013740033,1.670412331,0.926276611,0.78952949,1.393068614,0.966997633,0.574264012,2.360980987,1.960698056
9122,0,0.681820916,0,0.557826232,2.540410385,0.975426798,1.765176092,0,0.769634561,5.965154054,3.681478546
9123,4.040511067,3.225846665,4.881138351,2.420184513,2.56127523,3.319492187,2.938118764,3.292722592,2.493936898,4.481101502,4.132883516
9124,0,0.166666667,0,0.930929838,0.922177852,0.195962267,0.195435043,1.352148752,0.378287808,0,0.429460406
9125,0.583330025,0.917267391,0.604248857,0.374861795,0.544049933,0.974407642,0.788013898,0.579683372,0.391346753,0,0
9126,0.763930945,1.064854228,1.023127407,2.422270238,2.558582351,0.579990013,0.608038389,1.541258987,0.189477632,0.430130815,0
9127,13.48358408,16.00168982,13.63762917,19.88187962,19.46946854,18.95158567,17.71744101,16.99608899,14.75154629,10.88406421,12.61934413
9128,13.03813525,12.61800549,17.29739418,12.08593657,10.27467519,16.44457091,12.3721074,17.94716215,10.69909757,13.89226212,8.25317541
9130,15.93795326,11.11880815,15.24511039,10.9528565,10.78351672,11.13976112,11.64445367,10.23442129,11.86165562,15.18017383,19.35284479
9133,0.377257298,0.729421996,1.017698964,0.943305253,1.097177226,0.979509243,0.977488103,1.355181319,1.339575065,1.073431773,1.095721741
9134,3.864238226,3.084242512,4.275562565,1.670620225,2.540832082,2.909614292,3.145305111,2.318177968,1.53410277,2.557756822,1.95318858
9135,2.096958601,0.195187917,2.430094408,1.127503017,0,1.174787337,0,14.0854277,2.480030479,0,0
9137,0,0,0,0,0,0,0,1.351294669,0,0,0
9138,0.190197488,0.552847065,0.608105897,0.189313029,0,0,0.189187349,0,0,1.067724087,1.752244358
9144,1.551408266,1.602547044,2.038630463,1.118983283,0.935090986,1.557341145,0.605824834,0.579300612,0.763862554,0.861378546,0.862251159
9146,2.309767429,2.104334292,1.217350311,2.034286538,2.329783547,0.583640508,0.198705571,0.573120141,0.189807699,0,0
9147,7.86357862,10.6331224,6.311108568,8.714092132,8.790399724,6.854465086,11.87757779,6.173168388,13.77512271,9.584112518,10.23103112
9148,6.145679676,6.672796065,7.318950045,9.102786375,7.640565897,5.906590333,6.354521272,6.189556122,6.887020782,6.192250651,6.101823987
9149,9.8328562,7.976284545,11.79947834,9.111399372,8.952780737,9.607667042,10.80907778,10.23200313,9.590908671,11.54144369,8.508823864
9150,4.242180569,2.941359749,5.292828643,4.272708883,3.638889151,4.107368217,4.360512162,4.824412554,4.589060088,2.981987381,2.838832572
9152,0,0.364420326,0,1.302027371,1.479158097,0,0,1.549644717,0.385057339,1.060886996,1.333332838
9153,0,0.166666667,0.203508386,0.551429048,0.745031518,0,0.195435043,0.193364302,0.959838758,0.633551171,0.224375669
9155,11.01323254,9.204855342,10.35995,8.179167123,8.74896751,5.484147432,6.530156261,4.633992257,6.135303269,9.196590601,10.47794012
9157,0.579560603,1.241543659,0,0.376996112,0.898040397,0.598741525,0.777725559,0.772664914,1.148919892,0,0.217934388
9158,0,0,0,0,0,0,0.195435043,0,0,0,0
9159,9.429849883,8.674390547,8.338072338,9.473643633,9.840459412,8.253378413,7.080412157,6.573320048,4.785487268,6.65006907,6.559598715
9161,0.201691347,0,0.40459751,0,0,0,0,1.15916721,0.189206673,0,0.217934388
9162,1.351917501,2.037065221,3.052905273,2.235917666,1.847328812,0.788510333,0.764766436,0.971894816,0.763741645,0.428597071,0
9163,2.3159928,6.303170445,1.828889318,6.324520203,4.735505917,4.69711381,4.691811717,5.216257548,5.189062903,7.904717024,8.084742248
9164,9.194984136,12.38682952,8.122414155,11.67829681,12.00374594,8.571780689,10.65727047,11.38748226,12.82083155,9.832044104,21.34649274
9165,7.268094852,7.73492809,7.141962221,6.698024996,7.079749879,8.982407071,9.810092032,7.33328531,9.760553197,11.11635825,9.571743606
9166,2.125445014,3.563105579,3.063198855,4.093309416,4.692787249,4.879253724,5.878757466,3.665915199,3.825527601,6.403997667,5.886543232
9167,18.02895409,16.23285821,17.47713667,12.64694564,13.89570702,11.3457699,11.22150424,12.35557466,9.57063984,11.13832231,16.32280015
9168,3.808994673,4.687682551,3.863773589,3.525626938,2.926507259,4.325259264,3.356219213,3.865643198,4.210501322,3.852323209,4.159668625
9170,0,0,0,0,0,0.190314737,0,0.190304961,0,0,0
9172,5.021699931,2.900437197,3.871711022,4.468478257,3.85278387,3.335521213,3.372636111,2.128474007,2.10606618,3.619092333,5.000513464
9173,0,0,0,0,0,0,0,0,0.19524964,0,0
9174,0,0.354978905,0,0.366378886,0.19289111,0,0,0,0,0.209220459,0
9175,0,0.373591892,0,0,0,0,0,0,0,0.220910356,0.211526017
9176,34.95456733,31.97933121,36.38195185,29.95079923,29.06014688,36.74344681,32.13816644,30.50184136,29.84413098,37.24731006,38.30903973
9177,0.965622292,0.547134237,1.017698964,1.116478605,0.72430814,1.176734502,0.977488103,0.9631531,0.769183585,1.285078635,1.105202431
9179,0.201691347,0.179255173,0,0,0,0,0,0,0,0,0
9180,0.966180949,1.069631008,1.006752351,1.498193363,1.822769661,1.165195606,1.175906818,0.576807256,1.148919892,1.292626277,2.393874586
9181,3.237158507,13.03139245,2.251526223,9.659562761,10.29995824,2.539889411,6.919682517,3.864386684,5.939573513,7.703236777,13.72008609
9182,8.654048701,5.950871782,6.494817745,7.251047165,7.469385051,8.82742719,7.871709603,9.660084985,9.766783504,7.464622627,8.686077483
9183,1.559180629,0.373591892,0.808994445,0.564630603,0,0.97882507,0,1.156490628,0.76301508,0,0.660205831
9184,0.18060092,0.364420326,0,0.373559385,0.180258207,0,0,0.390006185,0,0.629863522,0.66396057
9185,0,0,0.203084457,0,0,0,0,0,0,0,0
9187,0.775983461,0.185279653,1.221640236,0.751857907,0,0.197909432,0.198705571,0.190304961,0.196097113,0.211646862,0
9189,3.664820548,4.76874367,3.458739985,5.771834294,4.806351661,4.298840355,3.936876393,4.247516736,3.623382891,2.127974369,5.01707924
9190,1.726740696,1.608259872,1.016359871,1.116478605,0.915932133,1.578796698,2.363558433,2.125352877,1.533580733,1.073656031,1.307247758
9191,0.382292267,0.364534827,0.611338431,0.74116103,0.922177852,0,0,0.190304961,0,0,0
9193,0,0.166666667,0,0,0,0,0.188436758,0,0,0,0
9196,1.154250941,0.914701649,0.810333538,0.935648485,0.922177852,1.174787337,1.182154512,0.9631531,1.148919892,0.630494145,1.096107517
9198,18.87688424,15.3079786,22.16881572,12.64930158,12.78671059,12.31599097,11.78164249,16.03130583,15.67052,18.86392212,21.52022746
9199,0.19766656,1.448468884,0,1.493474716,1.273056444,0.385731075,0.787243781,0.965802907,2.107184612,0,0.221650513
9200,0,0.542824301,0,0.743374998,0,0.968214182,0.383871801,1.352531512,0.763862554,0.641777676,0.211140241
9203,10.97945579,10.52753832,11.79824114,10.21834338,11.36331827,8.396475822,12.19857599,10.44035044,11.87909255,4.267969136,4.373462499
9204,0.18060092,0,0.816185911,0,0,0.396887892,0,0,0.189477632,0,0
9206,0.195465977,0,0,0,0,0,0.205723382,0,0,0,0
9210,8.640660866,9.011337809,9.344258175,12.65478721,12.22661841,9.789882636,9.072574649,10.43410818,9.760619628,10.89916355,9.583872224
9213,0.761118404,0,1.231831926,0,0,0,0,0,0,1.499826699,0.221650513
9214,0,0.732102238,0,1.656427461,1.989834503,0,0,0,0.378684306,0,0.211140241
9216,1.518823978,0.738863417,2.853779747,0.9292513,1.09591011,1.564462613,1.386820921,1.740106128,1.913033524,2.150643612,3.264615467
9218,0,0,0,0.189768808,0,0,0,0,0,0,0
9219,0,0.166666667,0,0,0,0,0,0,0,0,0
9220,8.661422841,5.845527903,7.73963231,5.017331699,5.828423647,5.099981442,4.099258896,4.444724604,3.073517312,8.110766815,11.51883694
9221,0,0.354978905,0.203508386,1.494300857,1.652451479,0,0.188436758,0,0.763862554,0,0
9222,1.349716918,0,0.816185911,0,0,1.582740898,0.576329678,0,0,1.06062496,0.441241861
9223,0,0,0,0,0.173732258,0,0,0,0,0,0
9225,15.5947164,14.24879304,13.62144573,15.9997491,14.25661551,13.70717697,11.97092945,13.13690726,12.42981023,10.48037021,10.19746835
9226,11.57968675,11.09822433,13.42002396,11.54355211,13.68334241,13.86585722,13.98002078,15.0667947,14.9092045,14.76658135,17.23649542
9227,0.766386893,0.920726129,0,0.74116103,0.738505569,0.785112061,1.559778619,0.968862249,1.711969956,0.641098813,0.653450298
9228,1.335085381,1.667443069,1.827126295,4.448492821,3.643850575,2.755076419,4.90857403,3.291450736,2.872370126,3.205772654,3.483187956
9229,0,0,0,0.185548766,0,0,0,0,0,0,0
9230,4.821109429,7.048172841,5.2874002,13.01898895,12.77861742,3.131036241,7.2511563,2.318334419,3.062303364,2.143351915,3.040272707
9231,19.1027276,22.25725473,21.9603374,22.55470895,21.14662321,27.15989627,26.96921455,35.14207293,36.35044707,23.7429236,24.81947897
9232,5.899769535,6.374900352,5.501651416,7.798675124,7.479481085,5.843271482,7.859188181,8.30655101,10.14010486,4.057615209,4.552824618
9234,0,0,0,0,0,0.190314737,0,0,0,0.211646862,0
9235,0,0.195187917,0,0.94371244,0.922177852,1.174787337,0,0.383286503,0.385574746,0,0.217934388
9236,0.768587476,0.897803206,0.616534564,0.18083012,1.255444938,0.777899445,0.188436758,0.193992076,0.580553427,0.211646862,0.221650513
9237,0,0,0,0.183790577,0,0,0,0,0,0,0
9238,5.007904263,3.477807228,3.448217301,4.646268269,4.584044384,5.095018085,3.546463535,4.628937656,4.028015158,2.78621482,3.687628887
9239,0,0,0,0.376996112,0,0,0,0,0,0.220910356,0
9240,5.51529853,6.040720275,3.869759232,8.382078326,5.816511875,5.072184127,3.542429397,4.435574321,3.836261433,5.344095746,3.46252028
9241,21.10189227,17.06576539,19.3705633,20.30723025,17.084299,24.87654286,24.14956104,22.60094212,23.33365673,20.703834,15.68423152
9242,0,0,0,0,0,0,0,0,0.574985947,0,0
9243,0,0,0,0,0.19289111,0,0,0,0,0,0
9244,19.51884454,8.124805068,19.73830059,5.566617706,3.998845104,11.94206238,8.098102765,8.499452229,7.845620198,6.613075822,2.802958254
9248,0.551399327,0.166666667,0.204745588,0.935648485,0.922177852,0.200925625,0.589575656,0,0.379014372,0.423924347,0.444996599
9249,0.991981209,0,0.400740471,0,0,0,0,0,0,0,0
9250,4.975929874,6.029559855,4.452059154,4.467253653,6.414938942,5.073887457,5.674529594,3.873400188,3.83254358,4.903278309,5.428938583
9253,5.223880165,6.362893188,5.705462269,7.423437201,7.817992462,6.476572542,5.488937847,7.149980059,7.669236109,2.770258565,2.180009189
9255,12.30016374,9.935643994,11.81499659,7.629416614,7.297941219,12.55217167,13.05368117,13.90434991,13.7869178,12.37828337,13.5088636
9259,16.08045827,17.33951584,21.38464001,18.05464052,14.76904417,10.20094915,9.441295951,8.509528848,9.797111921,16.68041299,20.20647966
9260,0,0,0,0.187227304,0.729286741,0.576045812,0.582290516,0.583370487,0.196097113,0,0
9261,3.831982392,10.25011984,3.660256246,7.068647373,10.22158032,9.627778513,14.78541175,12.54533213,13.20083881,13.0467599,13.9391602
9262,20.609161,11.51454572,15.8096241,9.664985071,8.723141242,10.18188695,7.413825659,12.7586126,7.083302542,15.55349515,17.65015843
9265,13.61614554,12.94092082,14.43403985,10.6113081,10.40254248,11.15852102,12.81795969,12.36260917,12.44282726,15.3823495,6.979545521
9266,0,0.179255173,0.204745588,0,0,0,0.198705571,0,0,0,0
9267,4.803580064,1.970965655,5.702217927,2.974494367,3.815435873,1.180980797,0.198705571,0.770642881,0.764589118,1.285302892,1.082486313
9268,0.969647079,0,1.012502832,0.559108151,0.369050558,0.590127673,0,0.779384596,0,0,0
9270,1.913472053,1.262338032,3.268801258,1.292262542,0.740652528,3.335016561,2.735685437,2.126834733,2.683022662,2.565304464,0.865362092
9272,3.83606048,5.969837111,4.884472777,5.205815864,4.945986559,5.061711484,4.729368638,3.479523662,4.209378259,3.859240228,5.459131268
9273,0,1.608145372,0,1.670084795,0.90329923,0.200925625,0,0,0.189206673,0,0
9274,4.229443007,7.725257669,3.452399586,6.901175152,7.503038807,9.806798188,10.21755589,10.0684645,9.373219767,10.68427077,8.4996563
9275,3.256680096,4.109616676,1.835546006,2.972804063,3.43804633,2.171817991,3.339238972,3.47179248,3.057462448,2.359365289,0.646656151
9278,2.270977558,2.705830787,1.824219006,2.98009647,2.763119479,3.313771955,2.91086971,3.47179248,1.723430353,4.900675889,3.716400509
9283,5.560291926,6.680957772,6.910437147,9.686931911,10.02071762,8.035143789,8.510399729,6.946984945,6.887037969,8.347036518,6.537010345
9284,1.355942288,1.260508988,0.818381819,1.30325013,1.808572232,1.564462613,1.371341861,1.353986593,1.338727591,1.279370949,1.740424288
9288,0,0.709490967,0,0.932688027,0.922177852,0,0.384622391,0,0.391346753,1.063051363,1.307247758
9289,0.97521886,0.738863417,0.407931937,0.560786689,0.558247362,0.78952949,0.198705571,0.385874522,0.189206673,0.209220459,0.217934388
9290,0.954782022,1.257361903,0.409593067,3.520095762,1.469922091,2.160825023,2.552320264,3.48253992,2.304254738,0.641777676,0.211140241
9292,0.201691347,0,0,0,0,0,0,0,0,0,0
9293,3.474502048,5.183372615,2.230968881,3.348968268,4.700860545,4.508834612,3.325261093,3.865398184,4.203335293,1.709939817,2.617220673
9294,0.385663465,0.541109757,0.203084457,1.685420667,1.983588785,0.784092905,0.205723382,0.775724256,0.763411578,1.081385781,0.640600646
9295,5.361290048,6.193234627,7.93780198,5.778547248,6.223595179,8.035877834,8.23277815,6.375702645,4.968399897,4.920303241,2.827051116
9296,15.4103087,11.49089605,13.44404294,10.41769538,12.95519856,11.75245465,10.46537593,10.24695936,10.33731308,12.84881689,10.47189991
9298,3.839144857,5.76081535,5.283985003,3.140147917,4.386613547,4.113561676,3.779742354,2.513992543,2.493335873,5.131463809,5.903494784
9299,7.731027333,9.053912122,7.111093385,8.37531078,6.707163725,6.852623512,6.102166956,6.377158694,7.082607812,1.926856311,1.729914017
9300,25.43593382,23.18422439,22.98313956,21.23013135,22.61311182,22.08525325,20.45651998,20.07612504,20.48616053,27.58700211,26.57043571
9302,1.328626491,1.648870773,0.811190354,1.674304836,1.647770286,0.790075419,1.189152796,0.968479489,1.920002952,1.917592817,1.75327394
9304,3.099748624,6.123448428,3.050811257,6.513365687,6.745900425,3.314317884,4.179093215,4.828455655,4.594772988,4.917652581,4.748323105
9305,0.190197488,0.536799821,0,0.371017881,0.19289111,0.197909432,0.377624107,0.580965693,0.568492005,0.420643063,0.429074629
9310,1.154250941,1.083934058,1.220783421,1.116478605,0.360236183,0.199906468,0.189187349,0.386345844,0.764463579,0,0
9311,3.272858626,4.696272773,4.463822248,4.089374085,4.027098562,3.130945093,3.94135474,3.670011848,3.638537912,5.133259589,4.769800948
9315,15.36368299,12.47395246,16.87317272,14.50760489,18.96014898,7.228721578,9.840821039,2.122293535,3.628223807,5.555163898,3.278697688
9318,0,0,0,0,0,0,0,0.193364302,0,0,0
9319,0.384094626,0,1.015935942,0,0,0,0,0,0,0,0
9322,0.384094626,0,1.015935942,0,0,0,0,0,0,0,0
9323,0,0.188312238,0,0,0,0,0,0,0,0,0
9325,0,0.70603223,0,0,0,0.585637543,0.992967163,1.930821591,3.256831069,3.840226946,4.990807655
9326,0,0,0,0,0,0,0.383871801,0.9631531,1.357679453,0.644155839,0.8845815
9327,0.971847662,0.169232409,1.017275035,0.935648485,1.09591011,1.37274664,0.781746678,1.931832124,1.143477951,0,0
9328,0,0.35194632,0,0,0.365356251,0.197909432,0.394910731,0,0.189807699,0,0
9329,0.973650021,0,1.017275035,0,0,0.773955245,0,0.575796722,0.763345147,0,0
9331,6.348306059,6.320039237,6.299911988,7.465019606,7.478603879,8.039251839,6.468046266,5.792401049,6.712627109,7.272843927,8.500652972
9332,0.18060092,0.179255173,0.204745588,0,0,0,0,0,0,0,0.211526017
9335,0.37826748,1.260042146,0.615195471,2.606516594,2.031001095,2.345630474,2.148316829,1.738467822,2.114801617,0.212277485,0.224375669
9337,0.188628649,0,0.204847479,0,0,0,0,0,0,0,0
9339,0,3.073979542,0,1.293544462,1.273336674,4.512778813,5.139758429,6.374891647,4.399582456,0,0
9340,0.954128432,0.195187917,0.811190354,1.122875789,0.353990465,0.200925625,1.003235976,0.96665699,0.959112193,0,0
9341,0,0,0,0,0,0,0,0.190304961,0,0,0
9342,4.429331995,4.231477006,3.455306875,2.598880316,2.896969506,2.915864906,4.120692286,2.701620922,3.069920368,4.696528429,6.75785069
9347,0.188628649,0,0.203508386,0,0.177426564,0,0,0,0,0,0.224375669
9348,2.489102802,0.869666311,2.847927374,1.116022826,0.91962644,3.142331302,1.95988007,2.899116887,2.298687258,1.069065261,0.211526017
9349,4.641863613,4.841334559,3.457502783,4.105493272,3.834611904,3.514770281,4.135001745,4.243289443,4.78523619,5.562487283,5.24594829
9351,9.181384626,8.999747015,9.348461014,7.064902487,6.922766528,8.406269906,6.498160694,9.095182692,8.232180514,7.703867401,6.520741212
9353,0.952559594,0.338464818,1.213693847,1.303705909,0.937642398,1.184924998,0.198705571,0.77284814,1.148715365,1.718266476,2.186103307
9354,0.960028666,13.07586851,0.408253974,0.756077949,1.086971513,0.581693343,13.58156954,0.974770933,13.9781275,9.197049578,10.92092689
9355,0.973091364,0.729421996,1.425529009,2.044447985,1.82929561,1.37269677,0.589595183,0.389378412,0.385178248,0.209220459,0.211140241
9356,0,0,0,0.750099718,0.179977976,0.197909432,0.598520167,0,0.19524964,0,0
9360,0,0.541109757,0,0.185548766,0,0.400832093,0.605824834,0.965802907,0.189081134,0,0
9362,3.453784683,3.405953037,2.851490904,2.974161065,3.658048004,3.901429364,3.957140182,3.857755564,4.01564818,3.186535115,1.281201293
9363,0,0,0,0,0,0,0,0.380609921,0,0,0
9364,4.270761914,0.552732565,5.489145564,1.844936684,1.807585346,2.543066679,0.778782532,2.899368968,0.95944226,7.058095863,4.348125658
9365,1.75089903,1.806013532,1.630800418,2.621288936,1.639960042,2.14415892,0.789051345,4.819085162,2.101491593,0,0
9367,0.754893034,0.728570797,1.017275035,1.302810686,1.834415678,1.368752569,1.182154512,1.935901999,2.29711785,1.063051363,1.08287209
9368,0.973650021,0.681820916,1.006650459,0.18083012,0,0.579990013,0,0,0,0,0
9370,0.763930945,1.083934058,1.019792981,1.116478605,1.09591011,1.174787337,0.977488103,0.575796722,0.959838758,1.070599005,1.08931337
9371,0,0.188312238,0,0,0.179977976,0,0,0,0,0,0
9372,0.399357907,0,0.602253524,0,0,0,0,0,0,0,0
9373,1.155494643,3.789100851,1.633707707,4.244299698,4.337651253,2.547533978,2.970420713,3.8532134,2.480510595,1.918854064,1.957329095
9374,0.945722265,10.90389294,1.826693409,14.13773884,16.83606527,4.688065234,7.713041836,5.990524752,9.18434779,0.219600869,0.867277081
9376,0,0.872698897,0,1.853875372,1.814976595,0.784566132,1.199441136,0.962969875,1.331236126,0.861378546,1.960659442
9377,46.35656697,43.9917285,45.58879401,38.93588822,40.16290908,40.07216987,35.12782404,37.88017842,38.61900775,33.5951178,41.52803007
9378,0.979875391,0.946255484,1.227974887,2.418833511,1.115068962,2.726733175,1.182154512,2.313253044,2.493089425,0,0
9380,0.188628649,0,0.616534564,0,0,0,0,0,0,0,0
9381,1.734768425,0.571812394,3.466779309,2.226560025,1.825196851,3.126568942,1.556794946,1.542453712,2.499378839,3.622017518,2.821952543
9383,0,0,0,0,0,0,0,0,0.379285331,0,0
9384,4.231952257,5.763692744,3.660247289,6.318567031,6.026432123,4.474297909,4.122793214,2.899055099,2.682170559,0.6424083,0.429074629
9385,0,0,0,0,0,0.199906468,0,0,0,0,0
9388,8.999119935,7.398562172,9.564432277,8.735662844,7.796001967,9.1927447,8.674432443,8.305103201,7.872970107,12.81132688,10.48509102
9389,0,0.188312238,0.197656014,0,0.177426564,0.197909432,0,0.193364302,0.378558767,0.220910356,0.432146948
9390,2.285514163,0.531086993,2.040402442,0.187227304,0,2.950313235,0.40337198,1.15916721,0.392194227,0.429906557,1.085597246
9391,2.502724157,1.441478705,1.828465388,1.853875372,1.998929109,1.752780314,0.787994371,1.54198239,0.959567799,0.63008778,0
9393,0,0,0,0.183790577,0,0,0,0,0.385574746,0,0
9396,0.195465977,0,0.407830045,0.55360619,0.384515104,0,0,0,0,0,0
9397,0,0,0,0,0,0,0,0,0.196097113,0,0
9400,0,0,0.203508386,0,0,0,0,0.193364302,0,0,0
9401,0.195465977,0.169232409,0.610914502,0.922945534,0.384515104,0,0,0,0.189807699,0,0
9402,0,0,0,0,0,0,0,0,0.196097113,0,0
9403,0,0,0,0,0.180258207,0,0.195435043,0.190304961,0.385178248,0,0
9404,1.1657448,0.729421996,1.423054606,2.05167131,0.744751287,1.168593878,0.78205306,1.34947217,0.579976912,1.282652232,0.653836074
9405,3.249334096,3.484216064,4.679625298,3.728517651,3.111446659,3.931337694,2.751164497,2.512326495,1.92459742,4.707994068,4.152913091
9407,0.18060092,0.721964974,0.816185911,1.31051028,1.115068962,0.579990013,0.771764721,1.162226551,0.573933946,0.212277485,0.220620931
9409,1.142757081,1.448354384,1.627042062,1.489254675,1.675463283,1.569971899,1.781267917,1.162226551,0.574384921,1.481268023,0.43551591
9410,0,0.169232409,0,0,0,0,0,0,0,0,0
9411,0,0,0,0,0.742199875,0,0,0.19251022,0,0,0
9414,0,0.166666667,0.203084457,0.185548766,0,0.197909432,0,0.386502295,0.189081134,0,0.224375669
9415,1.906688026,1.819380533,2.243678517,2.052127089,1.998929109,2.34143405,2.13533818,1.732758673,2.109209626,2.348760621,1.951564529
9416,0,0,0,0,0,0,0,0,0.189081134,0,0
9417,1.34910496,0.515154249,0.409593067,0.366378886,1.963145637,0,0.591808738,0.76913425,0.568492005,0,0
9420,0,0,0,0.18083012,0,0,0.204666409,0.19251022,0,0.220910356,0
9421,0.19766656,0,0,0,0,0,0,0,0,0,0
9422,1.924640776,2.736762425,1.019168476,2.794490388,2.905766637,2.945349878,1.355092683,2.514976302,2.486920919,0.428821328,0.431761171
9423,0,0,0,0,0,0,0,0,0,0,0.224375669
9425,0.601049254,0,0.409491176,0.737396768,0,0.3938717,0.195435043,0.196014109,0.189206673,0,0
9426,0,0.166666667,0,0.568850645,0.891372982,0.190314737,0.980008041,0.193992076,1.330906059,0,0
9427,1.910387677,3.777405339,2.040724479,2.236453096,2.35418669,2.553677567,3.922566934,2.89617995,3.655043752,2.986578151,1.505924124
9428,0.190197488,0,0,0,0,0,0,0,0,0.220910356,0
9429,0,0,0,0,0,0,0,0.190304961,0,0,0
9430,0.188628649,0,0,0,0,0,0,0,0,0,0
9432,1.154250941,1.083934058,1.220783421,1.116478605,1.09591011,1.370749605,0.198705571,1.34947217,0.959112193,0.220910356,0
9434,3.450068562,3.270767502,5.264359498,3.537922702,2.742396101,1.759519703,2.768567605,2.897374676,4.033706017,7.939828864,8.474315568
9435,7.677922945,6.193546279,9.940229648,7.631140701,6.592085276,4.503398028,5.902721158,4.832422592,6.90641084,16.27580408,18.89874169
9436,0,0,0,0.374861795,0.173732258,0,0,0,0,0,0
9437,11.30575175,12.2229576,8.339590884,13.01302521,13.81052509,6.658032366,10.02239734,11.58967587,14.71251158,3.62305248,1.742763668
9438,9.063044807,4.844326454,9.969775754,6.692089591,5.302123983,8.229314353,6.894488829,8.879260649,6.331242405,6.193436034,4.126828012
9439,7.075366269,4.865193531,8.357011524,2.959280972,3.495961763,6.081349476,3.3190134,4.056828048,2.866932815,8.540298694,6.789314559
9443,0,0,0,0,0,0,0,0,0,0.209220459,0
9444,0,0,0,0,0,0,0,0.196014109,0,0,0
9445,1.141188243,0.550166822,1.423867878,1.116478605,1.09591011,1.174787337,0.582290516,0.9631531,0.385904812,1.494929717,1.096107517
9446,0.956584381,0.34592184,0.604672787,0,0,0,0.195435043,0,0,0.209220459,0
9448,0,0,0.203084457,0.376540333,0.744751287,0,0.377624107,0,0.770632084,0.644204079,0
9456,1.334851861,0,1.625380931,0.18083012,0.180258207,0.577992977,0,0.193364302,0,0,0
9457,35.42549552,32.79450526,39.25244215,39.96156451,42.06783917,28.144949,35.62015475,25.706523,23.36245303,47.23375275,42.46339651
9458,5.612701093,7.343616207,6.315825631,5.216093788,4.358374631,6.037470491,5.284103717,5.211637285,6.699392777,4.075511574,3.261537444
9459,0.578061535,0.166666667,0.402401602,0.185548766,0,0.389675276,0.188436758,0.193364302,0.189807699,0,0
9460,0,0.354978905,0,0,0,0,0.195435043,0,0,0,0
9463,0,0.166666667,0,0,0,0,0,0.193364302,0,0.219600869,0
9464,1.154250941,0.690411138,2.031549845,0.748876959,0.738225338,1.558048149,2.557956029,0.193992076,0.95959231,2.549430163,2.807374408
9467,1.916613047,2.694530672,3.664113285,4.648423076,4.193283562,3.70853316,3.104365034,4.644400021,4.981187884,1.073431773,1.307633535
9468,2.882001818,3.929198652,1.017698964,2.989930381,3.078090377,1.558048149,2.545708444,0.964007183,1.907490555,1.690488482,1.939253123
9469,2.114279607,1.995176969,1.015935942,0.73571823,1.807305115,2.533150023,2.741913604,5.027931537,5.188114401,26.74301506,14.38450966
9470,0,0,0,0,0,0,0.205723382,0,0,0,0
9471,0.201691347,0,0.197656014,0.550169463,0,0,0,0.388524329,0,0,0
9472,4.184736433,1.934987383,3.86751978,4.276986241,5.110219759,6.650362194,0.566060865,7.142386623,3.073517312,0.863756709,0
9475,0,0,0,0,0,0.190314737,0.195435043,0,0,0,0
9476,0.775424804,1.918940138,0.821280152,1.494756636,1.978344495,0.768307714,0.967969881,1.34947217,1.338727591,0.420867321,0
9478,0.18060092,0,0,0,0,0,0,0,0,0,0
9480,0.397157325,0.166666667,1.423867878,0.930929838,0.357404541,1.568659037,1.170828726,1.548790634,1.528000696,2.792146764,2.842625924
9481,0.748055706,0.348487582,1.0244665,0,0.179977976,1.559834239,1.599542587,0.967824941,1.148072419,0,0
9482,0,0,0,0.18083012,0,0,0,0,0,0,0
9483,0.190197488,0.707776424,0.816284594,0.565853362,0.739772686,0.190314737,0,0.968862249,0.95387478,0.208996201,0.211526017
9485,0,0,0.203508386,0,0,0,0,0,0.384330774,0,0
9488,0.19766656,0.72627491,0.407830045,1.110500374,0.908139067,0,0.195435043,0.771270654,0.567969968,0,0.211526017
9490,0.195465977,0.943222899,0.607249081,3.52772443,4.541890972,0.189768808,1.374148654,0.963980408,1.344499599,0.220910356,0
9491,6.150569728,6.458610806,5.889360214,3.152466016,6.406970053,13.69359976,11.83450424,10.81210331,9.570619959,7.73367792,6.569118019
9492,0.754893034,1.925079119,0.818279928,1.480315987,1.997364583,0.789056262,0.782803651,0.38631907,1.148072419,0.440511225,1.317372254
9493,0.965622292,3.637046523,1.427826809,3.710292248,2.354203868,2.331842319,4.321224948,2.898672339,5.152832086,2.377485911,3.034861009
9494,6.915887233,7.461134752,5.687283855,7.064657768,6.955876936,5.094040206,5.712373371,6.381343906,7.25841815,3.459502316,3.487328471
9495,38.26631404,25.83641421,44.51549274,16.73012183,16.76253917,30.71412811,24.80144045,34.59181713,29.33368675,28.82231199,41.33644631
9497,14.75450146,13.97534446,13.80317495,14.09924646,12.98383923,13.51819354,13.76010443,13.71171393,13.20857673,9.125675268,8.046137069
9498,0.386295209,0.52852125,1.013841925,1.683742129,1.292495527,0.99066606,1.194363043,0.772282154,0.385057339,1.510885972,1.52245699
9499,9.970240921,0.536799821,12.82517309,0.189313029,0.707700699,5.493811864,0,0.19251022,0,9.150444475,3.048981844
9500,1.139385883,1.821946276,2.040826371,1.856416876,2.191820219,2.356623441,1.963150599,1.551222203,1.918103478,1.923120422,1.518773776
9502,8.40238229,9.945348452,9.371277378,9.510073948,10.232646,11.35615119,12.38415858,10.80961092,12.82883773,7.25835904,11.59083283
9503,2.266952771,3.215823901,2.227210526,5.203547304,5.255254956,4.301333449,3.919183778,3.66569696,4.389671587,1.061741876,0
9505,0.568464967,0,0,0,0,0,0,0,0.19524964,0.208996201,0.43551591
9506,6.163825269,4.072205698,8.121386486,3.91913309,5.084815188,5.130703801,2.940638702,3.678972806,2.875338185,1.931705053,1.085983022
9507,0,0,0.206941496,0.18083012,0,0,0,0,0.189477632,0,0
9508,0.977116151,3.255333615,0.60944499,4.086413627,4.405350703,0.971230374,2.523694834,1.541258987,2.865959802,0.41821666,0.855457012
9510,0.37826748,1.579157279,1.017275035,1.684873471,0.921897621,0.776971437,1.191672734,1.927761282,2.689312077,0.420867321,2.190761063
9511,0.387864048,1.581723021,0.203508386,0.922446929,1.464960668,0.601757717,1.770692721,0.969333572,2.292397844,0.641553419,0.874457005
9513,1.330142028,1.620733879,2.841026568,2.791153803,3.072249111,5.089966354,4.107720145,4.062422827,2.684616581,3.002035624,3.044985504
9515,0,1.401220147,0,0.548411275,1.469059427,2.342999135,1.370284887,0,0,0,0
9516,3.453948433,2.87351599,4.682477446,2.973662461,4.009206826,3.322508379,5.083014219,3.470781947,3.624505954,2.356084005,1.086626828
9520,8.063536425,10.83230971,11.57468332,11.52683114,13.2741392,12.53915606,11.85861878,10.63189418,10.1326725,7.03945726,6.727130042
9523,5.592551077,5.706888085,3.239704401,2.784010129,3.636461961,2.939702348,4.142770147,3.098147254,3.263696998,5.336049322,3.462906056
9525,3.0525328,2.001201449,2.438133732,3.175806683,3.263468652,4.29870211,4.704809893,4.836056158,4.981313423,2.132747247,1.095721741
9526,0.18060092,0.34592184,0.203508386,1.116478605,1.09591011,0,0,0,0,0,0
9527,0,2.267469517,0.410449883,1.474374581,1.443094395,0.784092905,1.171579316,1.548545621,1.918825412,0.209220459,0.211140241
9528,0,0.195187917,0,0,0,0,0,0,0,0,0
9529,25.17970375,19.1944399,25.81772674,17.08692057,14.84399137,24.06070991,18.69027305,23.35120481,20.09979548,24.34967374,24.59797522
9530,0,0,0,0,0,0.190314737,0,0,0,0,0
9533,0,0,0,0,0,0,0,0,0,0,0.217934388
9534,0.190197488,0.188312238,0.197656014,0,0.179977976,0,0,0,0.757243072,0.440511225,0.217934388
9535,0,1.077442735,0.203508386,0.745460723,1.09619034,1.155985954,0.383871801,1.742695115,0.19524964,0,0
9536,0.201691347,0.361854584,1.63499166,0.189313029,0.366623368,0.200925625,0,0,0,1.708110323,0.211526017
9537,0.762687243,0.185279653,1.228407773,0.18083012,0.173732258,0.974880869,1.182154512,0.965175134,1.148919892,2.582297709,1.534309969
9538,3.607956915,5.175592901,4.47553595,5.591331711,7.082038305,4.888940988,5.097010788,3.286097572,4.783708703,1.079638241,1.963731761
9539,6.678609228,8.830629106,3.870761272,7.251967446,7.988293465,3.141647129,5.106992745,5.411156252,4.771642651,4.291606902,6.749147258
9540,0.950359011,0.195187917,1.017275035,1.308005601,0.708563363,0.389675276,0,0.38631907,0.196097113,0,0
9542,0.19766656,0.738012218,0.40459751,2.045729905,2.000196226,1.571675229,1.595814831,2.508577592,1.338001027,0.208996201,0.211140241
9545,0.601049254,0,0.206941496,0,0,0,0,0,0,0,0
9547,5.573029488,5.259183293,5.703760803,4.836513346,4.536205648,4.895249861,4.342245835,5.019710328,4.785762857,1.912109388,1.531237651
9548,0,0,0,0,0,0,0,0,0.189206673,0,0
9550,3.646112983,6.633793885,5.692319747,7.614568777,7.14436715,6.847660155,8.085607378,7.342133326,8.597667778,2.985268664,4.767114405
9553,0.944531864,0.515154249,1.025323316,0.935648485,0.365356251,1.172790302,0,1.931387576,0.189477632,0.219600869,0.220620931
9554,0.369229569,0.547134237,0,0.938189988,0.900311579,0.189768808,0.195435043,0.775497947,0.378684306,0,0
9556,0,0.166666667,0,0.189313029,0,0,0,0,0,0,0
9557,1.733578024,1.247141987,1.629996102,2.790327662,2.710324114,2.947297043,2.944366458,3.092009867,2.6818996,5.774358402,4.994748899
9558,1.334851861,3.606781079,1.425529009,2.976702569,3.642583458,3.340957797,3.145591966,3.090528011,2.493419491,1.711249303,1.981332823
9559,5.973344276,2.328510302,4.873325589,0.185548766,0.180258207,1.364082918,1.182154512,1.352531512,2.701974525,2.98131898,12.19139279
9560,0,0,0,0,0,0,0,0,0,0,0.211140241
9562,0.19766656,0,0,0.74116103,0.3718822,0,0.198705571,0,0,0,0.224375669
9563,8.306541304,4.911194567,8.136314809,4.105456447,3.300643463,5.865322834,5.727819884,6.765996927,5.175259984,4.696079914,5.450713069
9564,0.18060092,0,0,0,0,0,0,0,0,0,0
9567,0.570920916,0,0.204847479,0,0,0,0,0.193364302,0,0,0
9569,1.338854803,1.825477717,2.029455829,2.224018521,1.86777196,1.56548177,1.59148733,1.542453712,1.332229019,2.774300666,2.174877706
9570,4.774872331,5.660674402,5.895726242,7.066800809,6.210104406,6.824750722,7.480239772,6.950132849,11.09262208,2.787555994,4.109909369
9571,0,0,0,0,0,0.389675276,0.804530405,1.159794983,3.061376902,0,0
9574,5.549429811,0.838464818,4.685468713,0.944168219,0.19289111,2.742377347,0.384622391,2.692852431,0.758900729,0.423293723,0
9578,0,0,0.204847479,0.183790577,0,0,0.189187349,0,0,0,0
9580,0,0,0,0.183790577,0,0,0,0,0,0,0
9583,0,0,0.204847479,0,0,0,0,0,0,0,0
9585,8.237821312,8.225175182,8.342309763,6.891701034,7.981504464,7.430942849,5.928365566,7.334269069,5.710985476,7.461330881,5.227295459
9587,1.14959441,1.624192616,1.835554962,1.314858564,1.657851778,1.355510343,2.362075942,2.118633195,2.297839785,1.503562588,1.752244358
9589,37.43279784,37.5236799,38.23733807,33.33258239,34.40060102,36.34365363,37.90174787,33.61845677,33.6956025,39.32839667,41.50181335
9590,0.361201839,0,0.206941496,0,0,0.195962267,0,0,0,0,0
9592,2.69456357,3.568237064,2.441142913,3.528587396,4.01458988,2.361365794,2.565978741,3.280544874,2.491786345,2.546339423,3.053050836
9593,1.150226154,2.522847021,1.220783421,3.53370266,2.172661367,0.976877905,1.379822636,1.933497205,2.480877953,1.282652232,0.211140241
9594,11.94736601,11.32294099,11.80555728,8.563104573,8.823210087,11.75952625,11.83421557,11.77887463,11.48048337,16.22268426,13.05961404
9595,0.385663465,0,0.204745588,0.370143149,0.173732258,0.190314737,0.205723382,0,0,0,1.74848962
9596,13.94949272,25.32475197,12.63158365,16.70771921,18.54970334,20.12977987,29.46711027,19.3168058,27.38029868,26.74644676,29.21171127
9598,19.44032644,17.14165004,20.5454615,18.38846123,15.52783694,17.84873124,16.73291292,16.41151571,13.18832642,17.71032431,14.38749403
9599,3.274755918,2.520198791,3.464694249,4.283326109,2.937838623,2.742923276,2.553496373,3.667806589,3.055287385,3.853308284,3.265606435
9600,9.388409964,11.27661281,10.18453322,12.47951637,11.70733429,11.1659362,10.91322304,9.463443102,10.139341,11.52269244,13.52732417
9601,0,0.748034982,0,0.37277607,0,0.784566132,1.386820921,0.386973618,0.770031059,0,0
9603,5.948139504,5.076781034,7.539495477,6.140091012,4.749983576,11.1204222,6.477890398,11.7797718,9.564872462,5.120666571,7.199522646
9604,9.879134929,9.564487849,10.167923,9.860752601,10.02685636,12.30935571,9.052191725,10.81009855,8.416821861,9.406634254,9.834042034
9607,1.163544218,0.547134237,0.203508386,0.739482493,0.539088509,0.38767824,0.205723382,0.19251022,0.385904812,0,0
9609,8.431219001,9.447643233,10.93494497,11.91590923,11.1136745,11.11031596,10.79938267,12.56003725,13.57047017,7.907560255,12.23157652
9610,0.576492697,1.425390771,0.605909988,0.18083012,0.372869087,0.776971437,0.592865711,0.190304961,0.384456313,0.430130815,0.224375669
9611,0,0.35194632,0,0,0,0,0,0,0,0,0
9613,0,0,0,0.18083012,0.179977976,0,0,0,0,0,0
9614,0,0.166666667,0,0,0,0,0,0,0,0,0
9615,0,0.188312238,0,0,0,0,0.189187349,0,0.189477632,0,0
9619,2.324955564,3.232722344,2.027683849,2.036335438,2.873836117,0.594797325,1.16517427,0.96665699,0.7697601,3.20617902,2.380033967
9620,0.399357907,0.166666667,0,0,0,0,0,0,0.19524964,0,0
9621,1.150226154,1.096408064,2.041961681,1.837656043,1.247651873,1.764621305,1.953938759,1.544658971,2.870525129,0.859844802,0
9622,4.434180416,7.48195432,6.309318933,6.875461215,6.556267382,8.813395199,9.634253966,9.068267946,8.9960131,6.645861413,9.384669022
9623,4.836392495,5.039088218,5.697269121,1.858095414,1.462533478,0.973315784,0.969719701,2.125441439,0.39049928,7.267620507,5.015472799
9625,0.384094626,0,0.604248857,0,0,0,0,0,0.19524964,0,0
9626,0,0,0.204847479,0,0,0,0,0.193364302,0,0,0
9627,0,0.188312238,0,0.183790577,0.180258207,0,0.38789292,0,0,0,0
9628,0.19766656,0,0,0,0,0,0,0,0,0,0
9629,0.397157325,0,1.016461762,0,0,0,0,0.196014109,0,0,0
9630,1.922206673,0.890375834,1.220783421,1.852196834,1.110387769,1.174787337,1.773943723,2.90271544,0.954396817,0.643525216,0.8845815
9631,3.088886509,2.31891369,2.042589393,2.420184513,2.560870777,2.73920008,1.923693013,2.706885523,2.107514679,1.719203311,1.50822489
9632,0.775424804,0.729421996,1.013940608,1.304987828,0.742199875,1.374693805,1.165924861,0,0.580824386,1.076082433,0.8845815
9633,4.830727842,4.351471823,4.285059237,6.144418805,4.741044979,5.090348433,4.324189094,5.028163946,4.615153468,1.912291497,1.304522602
9634,0,0,0,0,0,0,0,0,0,0.418440918,0.435901686
9635,12.90655251,11.7739436,13.03646022,11.71058609,13.14951543,9.786138014,7.280306856,9.648019207,9.559472442,12.17588752,13.93085704
9636,0,0,0,0,0,0,0,0,0,0,0.211140241
9637,3.998633503,8.815952905,3.660778859,8.747234453,8.604897161,2.93198508,4.574290802,1.739033807,2.291094765,5.549274104,7.849464826
9639,0,0,0,0,0,0.197909432,0,0,0.19524964,0,0
9643,0.598848672,0.188312238,0,0.185548766,0.177426564,0.3938717,0,0.388524329,0.189477632,0.432557217,0.43551591
9644,6.370640188,6.078257736,4.468335528,3.903540609,3.986633897,6.645894896,5.349789786,5.806086394,5.91552173,7.676493746,6.956437923
9645,0,0,0,0,1.432871503,0.783546976,0.765517027,1.156490628,0.965881724,0,0.653803165
9646,0,0,0,0,0,0,0,0,0.385057339,0,0
9651,11.13575552,11.92642172,11.40017886,10.80171564,9.845157784,11.75458993,10.78344904,11.97947302,11.09326233,11.95394017,13.05559298
9652,4.217949148,4.550388334,5.69722237,5.39779864,6.16654241,4.683203083,5.281870635,5.408610349,7.442471028,6.3722575,4.787066753
9653,0.771958674,1.646689387,1.220783421,1.860181139,1.644938644,1.95935347,1.592544303,1.352148752,1.723183905,2.341743448,1.962074801
9654,0,0.361854584,0,0.189768808,0,0,0,0,0,0,0
9655,3.864945116,4.847857895,2.031973775,5.588710556,6.716962284,4.882641938,5.692109582,5.606829718,4.991224292,2.552273394,4.125209665
9657,0.201691347,0.364420326,0,0.366378886,0.904286116,0.395818865,0.401158425,1.545669505,0.959713219,0,0.220620931
9658,0.781650174,0.748034982,0.410025953,0.751857907,0.727722216,0,0.393853758,0.193992076,0.378888833,0.212277485,0
9659,0.970278823,1.612455308,0.203508386,0.189313029,0.357404541,0.783546976,0.195435043,0.57882929,0.757176641,0.861784912,0.211140241
9660,0,0,0.204745588,0,0,0,0,0,0,0,0
9662,1.723981456,1.257164751,1.222444552,0.935648485,0.553127294,0.790034141,0.188436758,0.389378412,0,0.212277485,0.422666258
9663,0.201691347,0,0,0.185548766,0,0,0,0,0,0,0
9665,0.977116151,0.703466487,0.818381819,0.379081837,0.741919645,0.981456408,0.788013898,1.15932366,0.384727272,1.085345928,1.30349302
9666,0,0,0,0,0,0,0,0,0,0.861378546,0.653836074
9667,45.7709229,39.57479162,54.74919048,36.27265841,41.4484715,47.88955919,50.71556915,47.35227875,48.44928216,52.32476734,65.80493301
9668,0.195465977,0,0.203508386,0,0,0.197909432,0.188436758,0,0.189477632,0,0
9669,0,0.169232409,0,0,0,0,0,0,0,0,0
9676,27.07567252,21.05986007,30.49760806,19.7098862,17.69168657,16.83646861,15.58028876,10.6362234,9.564655981,21.5424715,22.16835519
9677,0,6.3056537,0,0,4.715079947,0.581009169,10.80877139,4.249025366,8.623864657,1.495336083,0
9678,0,0,0,0.18083012,0,0,0.198705571,0.193364302,0,0,0
9679,0,0,0,0,0,0,0,0.192981542,0,0,0
9681,0.583983614,0.524211314,0.808994445,1.298183457,1.275888086,1.16711994,0.393103167,0,0,0.208996201,0.647394794
9682,1.52905229,0.709490967,1.013841925,0.926709797,1.623352602,0.976331976,1.192442851,1.928484685,1.143231503,0.635571208,0.211526017
9683,0.385663465,0.34592184,0.810333538,0.562544878,0.558247362,0.969233339,0.579306843,1.540404904,0.96515516,0,0
9684,0,0,0,0.183790577,0,0.197909432,0,0.388524329,0.19524964,0.423924347,0
9685,0.37826748,0.533767236,0.206941496,0.189768808,0,0.388224169,0.384622391,0.19251022,0,0.220910356,0
9686,0.201691347,0,0,0,0.179977976,0,0,0,0,0,0
9687,1.911344557,2.146689387,2.234625346,1.864899785,1.826463968,1.958334313,2.364309024,2.318334419,2.493936898,2.335323184,2.832429905
9688,14.40634047,13.38993035,17.07992545,12.86670499,12.78854297,14.68605191,15.7098834,13.52643288,14.73992329,17.28263036,19.40779547
9689,16.10396633,12.28401053,15.43364117,10.40547926,11.13082995,11.35763372,10.87103609,11.59713623,9.373074347,13.23557564,17.21742277
9690,0.787221955,0.195187917,1.217783197,1.673501031,1.649037403,1.185944154,1.400086425,0.965646457,0.960289734,1.505988991,1.978002475
9693,5.538620996,6.47691214,6.933041754,6.694651586,6.926356427,6.277261873,8.105120576,6.760766168,8.048253175,7.274863964,8.502034294
9695,0,0,0.197656014,0,0,0,0,0,0,0,0
9696,1.171316581,1.279121975,1.220783421,0.742919219,0.545614458,0.200925625,0,0,0,1.070374747,0.878173129
9697,0.574292114,0.166666667,0.408253974,0.554389505,0.179977976,1.174787337,0.38789292,1.351677429,0.385178248,0.421497944,0.224375669
9698,0,0.552732565,0,0,0.180258207,0,0,0,0,0.212277485,0.211526017
9699,5.183341236,4.511459963,4.061751641,4.466370197,3.298074806,5.484693361,4.318208729,5.212848321,5.933284098,2.550737623,3.483155047
9700,3.812062579,11.86817474,4.257090284,7.044731492,7.819401045,4.87211381,6.526382944,5.211522915,7.272925594,8.164426869,5.890683747
9701,9.405567221,7.636968529,9.967690694,8.376513049,7.479186312,8.212281843,6.908817814,8.499835992,5.929337207,8.752095977,5.022876715
9702,0.399357907,0.515154249,0,0.559911957,0.903018999,0.385731075,0.188436758,0.965802907,1.148919892,0,0
9704,4.430831064,3.414158904,4.67328169,4.080911666,3.98536678,2.941446955,2.785293537,2.313479353,2.86049335,5.574707649,7.62462814
9705,35.19966139,30.95310162,35.17874843,29.20407316,27.02178639,24.61018573,26.58738412,22.59729813,25.47773477,39.38298211,37.68295642
9708,2.091945477,2.645870201,1.627265416,1.12165303,2.69484239,0.794703793,0.777725559,1.353630608,1.547157086,0,0
9709,0.190197488,0,0,0,0,0,0,0,0.189477632,0,0
9711,0.573733457,0.335899076,0.395312028,0.18083012,0,0,0,0,0.189206673,0,0.211140241
9712,1.719558445,1.448821227,2.038104642,2.229996752,3.092692259,2.935846521,2.355077657,2.512997352,3.440450382,1.280001572,1.948234181
9713,0,0,0,0,0,0,0,0.196014109,0,0,0
9716,0,0,0,0,0,0,0,0,0,0,0.221650513
9717,11.40477439,12.16510239,13.41460613,15.41556575,14.27904217,12.74053647,14.16262621,16.98712433,16.47132605,10.91791847,12.41160576
9718,1.526293051,1.103013887,0.825671968,0.18083012,0.558247362,0.197909432,0.57305915,0,0.189206673,0.853830904,1.082943613
9719,0,0.684386658,0,0.932688027,0.357404541,0,0.596593467,0.193992076,0.385057339,0,0
9721,1.156451524,2.14237945,1.628613466,2.778408026,3.811074062,1.380341336,2.757699047,1.548162861,2.107514679,3.629472743,2.383325701
9724,0.754893034,1.596055722,0.4011644,1.304987828,1.641524568,1.384285537,1.970455266,2.514348528,2.690034012,0.208996201,0
9725,1.743806336,1.464401628,1.418863364,1.861055871,1.48169233,1.767931202,2.158585641,2.12598065,1.528205224,1.93107443,2.169884694
9726,84.58116626,85.45180311,81.59671328,84.83692625,79.90967642,100.5695913,93.13290904,101.6058559,96.68579337,94.10055287,68.16657987
9727,1.156451524,0.552732565,1.017275035,0.748013993,0.351158822,0.388224169,0.189187349,0,0,0.208996201,0.221650513
9728,3.411534057,4.703999651,2.234523454,2.975876428,3.857465063,4.692571036,4.894728306,5.028341072,5.556612249,2.788186617,2.837455827
9730,6.569390017,0.373591892,8.951844479,2.415873054,2.018087961,5.886406365,0.599863996,0.96665699,0.189081134,13.90072335,15.90260102
9731,1.909238907,4.293847979,1.220783421,3.162755706,3.630074776,2.722063524,3.12907546,3.474312611,3.067745305,6.411951674,3.049978517
9733,7.093043867,12.33810628,6.88392875,12.83109785,12.7188498,8.040206888,9.447717872,9.857656909,12.46604352,8.129507599,12.19235085
9734,3.260051294,4.975465089,4.881138351,6.155891387,6.046470818,8.036262687,7.274346018,7.919645281,8.053527656,9.184150349,10.89716476
9735,47.89307571,37.32247844,40.4801168,32.72981505,37.75406239,45.22257017,41.55494572,39.78994497,35.03143123,48.67998147,47.7167652
9736,32.61877573,26.68084511,33.3522149,21.17674282,21.9322238,29.38166267,23.45397365,21.42769877,20.70407988,31.17360392,29.43982914
9737,0,0,0,0,0,0.5866567,0.793955209,0.579683372,0.764259051,0,0
9739,10.02761529,11.13326655,9.153389269,10.60909413,10.55414284,10.3442904,11.63235777,11.97192506,11.46958693,11.75394543,11.98081913
9741,0.19766656,0.195187917,0,0.366378886,0.531136799,0,0.394910731,0,0.574534971,0.841734641,0
9742,24.32532464,19.31434777,23.9988871,16.16461073,17.11980224,17.21655215,15.55640636,18.34757513,14.15359516,22.08052979,23.0150526
9744,0.376066897,0.722079474,0.204745588,0.183790577,0,0,0.377624107,0.196014109,0.378287808,0,0.211526017
9746,1.334851861,3.596831018,1.012078902,3.551987223,4.922867711,3.112757956,2.370269861,2.319816275,2.878393211,1.282652232,2.618564508
9747,0.190197488,0.195187917,0,0,0,0.195962267,0,0.385491762,0.574534971,0,0.663921956
9748,0.585785974,0.550166822,0.60601188,0.751857907,0,0,0,0,0,0.65278871,0.211140241
9750,0.780639993,2.003767191,0.603824928,2.591180722,2.366819594,1.37269677,2.157548195,1.737326645,2.865935291,2.337294982,2.400244343
9751,0,0,0,0,0,0,0,0.196014109,0,0,0
9753,0.188628649,0,0.407931937,0,0,0,0,0,0,0,0
9755,0,0.166666667,0.203508386,0,0,0.190314737,0,0.192981542,0,0.212277485,0
9756,1.533762123,1.058404702,2.033736797,2.428248469,1.448353227,2.338417858,1.596871805,1.356663175,2.479700413,0,0.211526017
9758,0,0,0,0,0,0.190314737,0,0,0.196097113,0,0
9760,0,0.898654405,0,1.478138844,0.741919645,0.380083545,0.582577372,0.964703811,1.142751387,0.6508486,0
9763,0.754893034,1.276556233,0,0.553933726,0.561941668,0.197909432,1.375069617,1.165975454,1.722974747,0.212277485,1.082910704
9765,17.46477351,13.11500382,19.33465858,9.662272499,10.12050471,17.75256036,14.51388317,17.20164048,13.59088249,12.42246614,18.72165833
9766,0.195465977,0,0.4011644,0,0,0,0,0.193992076,0,0,0
9768,0,0.169232409,0,0,0,0.396887892,0.394140614,0.386973618,0.189206673,0,0
9769,0,0.195187917,0.197656014,0,0,0.190314737,0,0,0.378287808,0,0.220620931
9770,0,0.166666667,0,0,0,0,0,0,0,0,0
9774,24.03610451,20.65100436,27.25284691,17.32459804,17.6780544,36.93960558,32.90387072,40.94852649,37.87268122,18.57323457,14.84107902
9775,22.82251843,20.44486657,25.62649567,20.63614663,20.06914812,27.39016862,24.02798646,24.3515249,21.06102556,23.92173461,21.96167429
9776,40.38779775,37.32688628,40.27828425,32.0417359,31.21565022,38.34690032,33.50007772,34.00575039,32.16285729,32.4972915,24.60891101
9778,6.554707238,6.142528258,8.560197873,8.91264905,7.838591617,9.40750835,9.266221655,8.499095276,10.33549722,8.104005588,5.862758919
9779,0,0.872698897,0,0.744201139,1.449620344,0,1.387877894,0,0.763862554,0,0
9780,0.385663465,0,0,0,0,0,0,0,0,0,0
9781,6.187838686,3.049624077,7.923097011,3.154563508,3.134862915,5.87208067,4.738593497,4.250349768,3.068075371,4.057177155,4.566407208
9782,1.911344557,1.45150147,0.60601188,1.11439288,0.711395006,1.560518413,1.171866172,1.738467822,1.142751387,0,0.446026181
9786,1.343889772,1.991760028,1.226737685,1.666648068,1.084264092,4.31443743,3.7286526,2.702186907,3.447481612,2.132971504,3.924468431
9787,0,0.188312238,0,0,0,0,0,0.19251022,0,0,0
9788,0.201691347,0.531086993,0,0.745879677,0.357684771,0.583640508,0,0.769788798,0.568095507,0,0
9790,0.37826748,0.364420326,0,0,0,0,0,0,0,0.220910356,4.118618506
9793,0.785021372,31.66516242,0.600057615,3.945918094,6.992330615,0.395868736,29.97926405,2.127873008,32.74806622,6.152159875,9.167894553
9795,1.539355749,2.179605424,1.218587513,1.116478605,1.627327139,1.174787337,0.983448941,1.355181319,2.101742671,0.842141007,0
9796,0,0,0,0,0,0,0,0,0,3.401014746,3.928184556
9798,3.812082365,4.34261191,4.265027716,5.021199146,4.956487045,5.284191093,8.057320041,6.758962373,6.898239361,4.925879086,6.550503802
9799,0,0,0,0.183790577,0,0,0,0,0,0,0
9800,15.89814565,17.60878684,18.94643291,13.9728951,16.91572596,14.24078783,12.76771097,10.82251107,11.85639832,15.13473794,22.6449258
9801,7.508457233,7.687876505,7.920680956,9.124541767,9.50539917,6.257582352,6.286282719,5.606427287,5.159828185,7.893816606,8.075227521
9805,0.580517484,0.364420326,0.204847479,0,0,0,0,0,0.189807699,0,0
9807,1.547383478,1.083934058,1.824599392,0.926709797,1.301434124,1.174787337,1.377589554,1.352148752,0.764589118,0.864435572,1.086626828
9809,0,0,0,0,0,0,0,0,0,0,1.085211469
9813,7.097121956,12.79056241,8.536607378,11.92261346,13.14539943,9.997815545,13.18576956,11.58814143,13.96751264,9.15388155,9.841165734
9815,4.574822909,11.19738408,5.084548054,9.85122389,11.1508811,7.997208814,12.03947703,9.467145523,14.36666104,6.407409144,5.872922028
9818,3.087929628,3.098035665,2.834259032,2.609953321,3.276084312,4.097726615,2.941695675,4.43984373,4.019595071,1.484549307,3.914916218
9819,14.02042164,39.51062328,11.7979191,42.96883695,43.23537323,42.84201691,54.13968715,73.96710933,84.2574805,8.109633347,8.051978863
9820,0,0,0,0,0,0,0,0,0.196097113,0,0
9821,0,0,0,0,0,0,0.195435043,0,0,0,0
9822,0,0.914701649,0.613110411,1.857639635,1.449620344,1.353945257,2.162913143,0.770616106,2.677521614,0.630494145,0.887306656
9823,15.13560127,7.007135788,16.07194775,7.972336512,5.650870158,13.92842779,10.06275455,13.32966153,10.13906541,15.58738555,11.9943512
9825,87.17387042,44.87687191,91.29435837,32.94046308,35.06783601,69.14169365,30.92770507,53.5098488,18.94661581,76.47824967,89.74124163
9826,0,0,0,0.375317574,0.533968441,0,0.205723382,0.196014109,0,0.219600869,0
9828,2.887923897,5.384543215,2.443558967,3.532770612,5.107668347,2.913012563,6.294937723,4.054535194,7.650887966,12.77562657,18.97414403
9829,1.565102708,2.702102194,1.837419876,1.669993377,3.44329062,4.916406094,5.11472293,3.280136343,4.387124536,9.408017577,7.639392781
9830,1.141188243,0.195187917,1.015604947,0.935648485,0.54021416,0.588130637,0.195435043,0,0,0,0
9831,0.391888835,0,0.406592844,0,0,0,0,0,0,0,0
9835,7.801986625,12.61864976,8.944563287,13.95590879,13.5687927,13.31152778,13.42091733,15.44749322,13.18053732,12.1906449,9.411980967
9836,2.461175046,2.173580944,2.040402442,2.038050801,3.66146208,1.962530737,1.75848419,2.124541878,3.067624396,0.209220459,0
9838,2.48713574,4.278226888,2.646745316,6.331721193,5.273729125,3.913866154,6.678960369,5.797134678,6.485784976,1.950942592,2.378965771
9839,26.24018104,20.2093034,23.98547923,24.16209238,22.29119286,21.75600908,17.85672425,26.28490677,22.40629171,10.93790434,7.208794644
9843,38.41480405,37.72008872,34.76669852,34.19037267,32.05705678,42.05857655,36.38551624,38.62084399,37.3223034,28.8284422,27.6485831
9845,0,0,0,0,0,0,0.195435043,0,0.196097113,0,0
9846,0,0,0,0,0,0,0,0,0,0.208996201,0
9847,0.190197488,0,0,0,0,0,0,0,0,0,0
9850,0,0,0,0,0.19289111,0,0,0,0.19524964,0,0
9851,0.382292267,0.179255173,0,0.370143149,0.744751287,0,0,0,0,0,0
9853,0,0,0.204745588,1.120778297,1.275888086,0.390221205,0,0.582359954,0.189081134,0.423924347,0
9855,14.41449459,6.588321355,16.28279568,5.561207163,5.275698103,7.257978388,5.54670732,7.721418809,5.764487046,7.497934316,9.339891371
9856,32.97574443,43.13315318,34.19954163,33.12871213,32.47222345,30.14565139,40.27837889,42.90199834,40.57821077,41.63961062,44.31311552
9857,16.5253497,16.37765141,14.84604001,16.02136263,17.84823111,16.6190179,16.72608585,15.0596889,13.9894963,18.16050946,15.71101544
9859,9.207626766,15.74638502,9.342573072,14.14489428,14.54987128,12.9589835,11.16747554,11.00240923,11.07293633,12.61418613,12.20573875
9860,4.806642595,6.255953721,5.677905438,7.998701365,7.303463103,5.104983302,5.156368036,6.37673285,6.706032138,1.272678187,0.442271443
9862,0.559427057,2.321946276,0.4011644,2.410023066,3.781412087,2.161753032,1.789036319,1.158967675,1.34456603,2.785129591,2.406433299
9863,0.201691347,0,0,0,0,0,0,0.190304961,0,0,0
9864,0,0,0,0.18083012,0,0,0,0,0,0,0
9865,0,0.373591892,0.197656014,0.747139261,0.738505569,0.59114683,0.57305915,1.934508706,0.95255182,0.423924347,0.660244445
9866,1.323358001,3.141793652,2.441566842,3.343913362,3.627243134,2.143001519,2.377268146,1.734963932,2.102590145,0.630494145,1.528898271
9868,3.656975098,3.606740388,2.24171492,2.6073204,3.852503639,2.34762751,2.364615406,2.318334419,2.67095661,2.356084005,3.057796542
9871,0.78377767,0.898768905,1.016037833,1.484536029,1.116353257,0.397815901,0.78130247,0.583370487,0.573411909,0.420867321,0
9872,12.31135225,15.18957685,11.40384428,16.16640879,16.59790145,13.88870672,16.36326664,21.0455194,19.48052545,12.61775038,12.15809488
9875,0.956584381,1.438912963,0.818381819,0.743702534,2.194371631,1.171771145,1.791249874,2.128726087,2.102319186,0,0
9877,0.195465977,0.169232409,0,0.18083012,0,0,0,0,0,0,0
9879,0.784064492,0,1.4152069,1.482857491,1.081992911,0.581693343,0.39416014,0.386728604,0.769634561,1.494299094,1.307247758
9880,0.195465977,0,0,0,0,0,0,0,0,0,0
9881,0.965622292,0.185279653,0.607249081,0.935648485,0.531136799,0.788128254,0.97643113,0.770642881,0.378558767,1.282652232,1.08931337
9883,2.099341463,1.089958538,2.042920388,0.918226887,0.907980423,2.151665242,1.178883983,1.160361935,1.148919892,0.644834702,0.643930994
9885,18.85838504,13.46796884,18.73377873,18.22493306,19.92792875,6.492903662,12.04349815,5.990498981,4.602695548,0.863094398,0.432790753
9886,7.936679991,8.65457402,9.550269492,7.98345691,6.90447034,8.252873761,9.067422983,6.949049095,6.8803395,7.703280954,8.533493585
9887,0.201691347,0.335899076,0,0.187227304,0.179977976,0,0,0,0,0,0
9888,9.397035392,5.753470465,10.57880577,6.525201516,3.658204012,6.443927284,4.5199175,4.637863564,3.635239786,6.633947259,4.581949107
9892,0,0,0,0.189768808,0,0,0,0,0,0,0
9893,0.578061535,0.712523553,0.203508386,0.928923764,1.841928514,0.190314737,0.410389791,0.580311145,0.189807699,0,0
9894,10.96467808,9.955881113,10.18414103,10.22993264,10.0271048,11.92356032,11.43142562,11.57674991,10.52332183,8.990886145,8.060649386
9896,0.770389835,0,2.24744583,0,0.191623994,0.195962267,0,0,0,0,0
9897,4.591256805,5.864138526,5.896975609,6.514753514,6.765817534,5.079183023,6.314914656,6.564231552,6.31124647,2.788641223,4.154184275
9898,5.393874335,6.877747931,5.09018028,5.018181373,4.162917567,5.115766633,5.52630752,4.823565539,4.02644112,5.334029285,5.001670793
9900,5.25522075,4.344440954,5.507512745,4.849714901,4.537933613,5.071799274,4.930881003,3.856089516,5.534992427,5.562263025,5.865522689
9901,1.154250941,0.694409422,0.818381819,0.745879677,0.353990465,0.780915637,0.971220883,0.772664914,0.769634561,0.852521417,0.211140241
9902,11.29365554,10.70526726,13.01103142,10.7818117,10.93098647,12.13200086,7.688750421,12.36238383,7.285196174,11.96189418,11.54902505
9903,5.926667323,8.467611836,7.930288476,8.56621693,8.057028765,8.832531565,8.452772774,10.24851007,7.450125324,6.200484894,7.383520335
9904,0,0.361854584,0.206941496,1.119439062,0.372869087,1.175333266,0.583347489,0,0,0,0
9906,0.393132537,0.888746141,0.203084457,0.548411275,0.544049933,1.367572337,0.404428953,0.578289112,0.568366466,0,0
9907,0.748055706,1.070878708,0.203084457,1.480643523,1.98473168,1.767881332,1.36030293,0.772664914,1.344169532,0.211646862,0
9908,9.757153963,7.188105505,12.01531598,8.348494716,7.658579219,9.75441515,9.638268577,9.477998839,8.623899254,10.02925432,5.879110984
9909,31.67207806,26.4124949,30.5073312,25.34874052,23.53416354,25.59135142,22.06738751,25.10448772,22.57953512,33.55414248,28.33733915
9910,28.74073664,23.5761407,30.94262969,14.70023513,16.07801094,24.85296042,23.61655923,22.99361442,21.79933455,24.76825259,21.92324421
9911,0,0,0.206941496,0,0,0,0,0,0,0.209220459,0
9912,4.401893126,9.062813996,3.662739606,8.915689159,10.37715245,5.869244204,6.498924304,5.023172101,5.93995013,4.960269913,4.999236576
9914,3.275671167,6.894609033,2.024884201,3.681717995,6.201448676,2.927406576,4.567272991,5.403693459,4.21077228,1.917544577,4.366448936
9915,2.510193229,2.341410461,2.447517898,1.67759283,2.044918294,2.551046228,1.577065243,1.353159285,1.717015399,1.080979415,1.307247758
9916,18.835438,17.51529241,17.67971487,18.40587781,17.85494743,18.38379168,15.59267152,20.09119561,18.42765456,16.46202145,13.93533964
9917,0.201691347,0,0,0,0,0,0,0,0,0,0.211140241
9919,0,0,0,0,0,0,0,7.538112422,7.667723872,0,0
9920,0.370798408,0.354512062,0,0.364620697,0.3718822,0.197909432,0,0.193992076,0.196097113,0,0
9921,1.545581119,6.025337967,0,3.922925454,8.013310762,1.373715926,11.19266272,2.90022305,9.9347549,22.0394654,25.94060337
9923,2.137519376,1.445903142,1.220681529,0.928795522,1.452327764,0.395818865,0.797225738,1.158496352,0.776921499,1.921554991,0.878173129
9924,0,0,0,0,0,0.195962267,0,0,0,0,0
9926,0.201691347,0.542824301,0.203084457,0.187227304,0,0.197909432,0,0.19251022,0.764919185,0,0
9927,0,0.195187917,0,1.49003799,0.708843594,0.200925625,0,0,0.196097113,0,0
9928,0,0,0,0,0,0,0,0,0,0.211646862,0
9929,5.971282281,4.357807955,4.89375826,3.145134939,3.870675605,5.28975025,5.267103949,5.990498981,5.738159997,2.770937428,3.478162034
9930,8.821890214,7.85142128,7.737436402,8.184518507,6.800423688,4.106226488,3.946584514,4.83315427,5.372601068,8.330367685,6.725467377
9933,1.163288852,2.165187873,2.020594275,1.501957626,0.904286116,1.365102074,1.748215377,1.355181319,1.528205224,0,0.220620931
9934,0.190197488,0,0,0.739482493,0.353710234,0,0,0,0.189477632,0,0
9935,0.962809751,5.041768461,0.206941496,3.349108278,0.91691902,3.110425937,5.507400579,5.219656565,6.708239691,1.703519553,4.118618506
9937,0,0,0,0,0,0.195962267,0,0,0,0,0
9938,0,0,0,0,0,0,0,0,0,5.769735945,1.508263504
9939,22.70010182,29.26000238,21.77801697,23.60518186,35.49012708,13.30830064,34.60468769,11.99539511,31.03530015,19.42784652,24.49244502
9940,6.89135252,7.446360403,8.750273078,8.748457213,8.9281,8.9793023,9.20518816,8.309105188,8.806698298,8.560655177,9.161283194
9941,1.31958858,0.335899076,0.197656014,0.189768808,0,0,0.198705571,1.159393519,0.196097113,0,0.224375669
9942,1.154250941,0.895621819,1.220783421,1.116478605,0.904286116,0.973861713,1.36432405,1.15916721,0.952822779,0,0
9943,0.190197488,0,0,0,0,0,0,0,0,0,0
9944,3.480472053,3.94306451,3.058203297,2.797180625,3.305902295,2.536377161,3.936296174,2.703799406,2.297714246,2.759878154,3.93186777
9945,0.576492697,0.552847065,0.618730472,0.927165575,0.903018999,0.785112061,0.582577372,0.770642881,0.763616105,0,0
9946,0,0,0,0,0.177426564,0,0,0,0,0,0
9948,0.190197488,0.354978905,0,0.371017881,0.724027909,0.397815901,1.386820921,0.769161025,0.953670252,0.208996201,1.108957169
9949,22.14069108,25.05741442,17.92838794,18.92369123,26.0721984,17.79730889,30.13290147,21.64293222,31.94049604,1.713899963,1.085597246
9950,16.58899942,23.83298512,18.71101907,32.22187989,33.54992717,16.62468826,22.68969064,19.89392453,21.80562144,16.03136017,11.1024805
9951,0.201691347,0,0,0,0,0,0,0,0,0,0
9952,0,0,0.197656014,0,0,0,0,0,0,0,0
9953,0.962156162,0.700433902,1.023127407,1.859853603,1.650601929,1.174787337,1.182154512,1.545041731,1.344169532,0.850773878,1.08287209
9957,0,0.373591892,0.204745588,0.739482493,0.544049933,0.780915637,0.794261592,1.15916721,1.148919892,0,0.221650513
9958,0,0.898768905,0,0,0.366623368,0.200925625,0.805300522,0.19251022,0.953423804,0,0
9959,24.65479453,22.94864135,19.93150323,19.72957788,22.54056015,27.48865013,27.21089322,26.09181893,27.79441559,31.40354914,25.46872751
9961,1.154250941,0,1.016461762,0,0,0,0,0,0,0,0
9962,0,0,0,0,0,0,0,0.193364302,0,0,0
9963,0.201691347,0.338464818,0,0.374861795,1.274603791,0.583640508,0.787243781,0.962681778,1.332955584,0.212277485,0
9964,1.344448429,0.907359127,0.814190577,0,1.089664391,0.3938717,0.394910731,0.193364302,0.189807699,0,0.217934388
9968,2.673074919,5.845262502,2.635365817,3.346475356,3.653669014,2.153612407,3.136073744,2.892308642,4.032880584,2.983652966,4.545425279
9969,4.012583311,3.741115415,3.65692182,5.395932699,5.478968114,5.261136131,3.983945028,6.37917976,6.721761566,4.686586072,6.300361883
9970,0.19766656,0.722079474,0.410025953,0,0,0.586183472,0.599863996,0.77284814,0.76301508,1.283282855,1.088283788
9971,5.376064443,4.141399513,6.719325316,2.601989507,1.435142684,5.870538415,3.726845036,5.034590398,3.06851379,4.474184483,4.998040633
9972,3.804518361,2.208977873,3.248798265,3.162536046,2.158183707,6.843285439,3.520696136,7.721932248,3.067227898,0.212277485,0
9974,0,0,0,0,0,0,0,0,0,0,0.220620931
9976,5.382737068,6.149092285,6.303870919,6.337040319,5.824322185,5.27179689,6.103994046,5.023711311,6.315235282,7.691871292,8.940585036
9979,0.19766656,0.552847065,0,0.374861795,0.544049933,0.974880869,0.78205306,0.575796722,1.148919892,0,0
9981,2.110203578,2.384701604,1.616853581,1.125417292,1.634839974,3.30663204,2.774718341,3.287797667,2.87295127,2.122853129,1.306900596
9982,0,0.185279653,0,0.183790577,0.360236183,0.769758821,0,0.193992076,0.378162269,0,0
9983,98.4162189,92.57722045,97.28548151,89.67814746,103.0378504,84.50063226,118.9152304,85.54950313,100.6251238,113.0791474,108.8351904
9984,14.07133712,12.46314884,13.63107758,9.110610056,11.67857203,13.3348107,14.01945703,11.00821401,12.05085497,16.46354271,15.03661612
9990,2.458974463,3.619681237,7.315780624,17.52874857,16.69271682,28.53048062,23.52946497,30.32907215,27.39235428,4.05160131,3.506933656
9995,1.340679007,0.940190314,2.024884201,1.864899785,1.248336556,0.984472601,0.983448941,0.967667523,0.959383152,1.055049115,0.422666258
9999,0,2.909878618,0,0.557349962,1.822365208,0,2.575110498,0.775880707,2.473866604,0,0
10000,28.48533855,24.41339785,34.99215848,26.0212687,27.50678063,31.71939635,33.28086253,29.95743753,29.46176864,32.09165302,27.39558872
10003,12.32734423,11.11935555,10.78233373,10.97631965,7.442571963,11.55329667,7.325899507,11.95719631,9.966085694,14.1164497,7.88233333
10005,0,0.169232409,0,0,0.173732258,0,0,0.388995652,0.189807699,0,0
10006,0.18060092,1.083819557,0,2.049494168,1.628331203,1.383307658,1.566776903,1.545669505,1.724031378,0.861784912,1.108957169
10007,54.32509383,59.36693862,55.94699259,58.62554479,62.52589862,46.32445111,51.45744738,44.22177289,50.58979455,57.69524459,60.105875
10010,5.151315606,1.620848379,4.497429177,1.481099302,0.727139782,6.074480232,4.924633309,6.576257952,5.939248076,2.568585748,1.753626807
10011,0.190197488,0,0,0,0,0,0,0,0.189807699,1.061335511,0
10012,12.41910179,17.17585211,12.8401433,19.15207053,18.80095078,22.09479511,21.25985475,19.90214477,20.48216978,20.72276533,17.00517685
10015,36.95822234,36.28044016,35.43141171,29.79436319,30.14213763,36.74161783,38.59614598,34.398649,36.97064361,36.77727697,31.40357733
10016,2.943726108,2.452821874,1.823853425,1.488359452,1.826605434,3.499669263,2.970714076,2.124908329,3.06819628,0,0
10017,2.67953381,0.188312238,4.678286204,0.187227304,0.353990465,5.855658402,0.57305915,0.385963085,0.189477632,1.485441965,8.760023256
10018,0,0.348487582,0,0,0,0,0,0,0,0,0
10019,3.262630314,5.363364487,3.453738679,5.784628663,4.191029558,3.710480325,6.479066506,4.06478554,6.697998755,4.469187348,3.05910634
10021,1.144654373,1.10557963,1.220783421,0.558652373,0,0.974880869,0.771764721,0.773292688,1.148919892,0.852745675,0
10023,0.188628649,0.920726129,0.818381819,1.115176194,0.72020938,0,0,0.38631907,0.385178248,0,0
10024,3.488499782,3.921034582,2.638891861,3.900828036,4.371994421,2.34719556,2.537247195,3.288547845,3.256951978,2.785535957,0.211526017
10025,0.19766656,0.179255173,0,0,0,0,0,0.192981542,0.189081134,0,0
10026,14.19586658,11.75113518,14.63573271,10.96903901,10.78651437,14.48490528,14.54486732,14.09570142,13.57960211,12.80143277,11.30706932
10033,0,0,0,0,0,0,0,0.193364302,0,0,0
10034,0,0.169232409,0,0,0,0,0.376873516,0,0.189477632,0,0
10035,0.942331282,0.531201493,0.613101454,1.125744829,0.929849332,0.197909432,0.566811456,1.162671099,0.189477632,0.629639265,0
10036,0,0,0.197656014,0.375317574,0.3718822,0.59114683,0.198705571,0,0.189081134,0,1.307247758
10037,6.304954588,4.896789163,6.922908413,5.20874222,3.663587066,9.807532232,9.269875836,9.084472455,10.15068049,5.137900626,12.23121406
10038,0,0.166666667,0,0.370143149,0.885127263,0,0.393103167,0.388995652,0.385057339,0.208996201,0.211526017
10039,0.762362106,0.195187917,1.826693409,0.924076875,0.545334228,0.973861713,0.792321873,0.9631531,1.533250667,0,0
10040,47.03368851,54.5942155,39.09145666,48.16540466,53.36446739,35.41778326,41.1307037,33.41618997,36.9135271,42.37651302,44.17341328
10042,0,0,0.206941496,0,0,0,0,0,0,0,0
10045,5.743326949,5.321435544,4.66272442,6.129473786,6.563395646,3.553090109,2.367579552,5.017934274,3.824926576,5.146747292,4.135994449
10046,15.94070289,11.21025223,17.47917818,11.55024458,10.22439688,16.79099442,16.12623403,16.81132866,15.52270041,15.10574656,13.27420866
10049,0,0,0,0,0,0,0.195435043,0,0,0,0
10051,0.369229569,0,0.204745588,0.559108151,0.180258207,0.396887892,0.583327963,0.386345844,0.574264012,0.212277485,0
10053,0.201691347,0,0,0,0,0,0,0.193992076,0,0,0
10054,0,0.169232409,0.204745588,0,0,0.199906468,0,0.383669263,0,0.432557217,0.439584901
10055,5.16463367,4.344980501,5.086511651,4.272666057,2.940546043,3.708521792,3.894186496,5.199270243,7.273110241,4.094442901,2.604338112
10056,0.201691347,0,0,0,0.373149317,0,0,0,0,0,0
10058,0,0,0,0.189768808,0,0,0.198705571,0.196014109,0,0,0
10059,0,3.453938473,0,0.18083012,0.177426564,2.912466634,4.320918565,3.867596376,4.97494039,0,0
10060,5.425337992,5.062166332,3.260660042,5.575192033,4.030934268,3.733813115,2.201639665,3.667650139,3.457577128,1.085976551,1.274407146
10064,0.190197488,0,0,0,0,0,0,0,0,0,0
10066,8.275640573,10.54071262,7.948609475,14.15307188,15.88001964,10.97685156,12.78503665,8.891586579,12.06373389,9.226229474,6.968071487
10067,1.54054615,1.787400545,0.820475836,2.780912705,2.162579875,0.97844299,1.196170607,1.547125553,2.296716722,0.41821666,0.221650513
10068,0,0,0,0,0.179977976,0,0,0.193992076,0,0,0
10069,25.14002048,27.73729432,23.79916368,24.74350815,23.4978733,21.51411815,23.63464851,20.27916224,23.16573501,27.36393949,30.91536131
10071,0.195465977,0,0.203084457,0,0,0,0,0,0,0,0
10072,3.276580123,4.314090659,2.842731242,5.016083882,4.91379035,4.490720177,5.523649757,2.705752585,4.393684909,3.641793263,5.457049917
10073,5.187271091,4.623183028,5.895958553,2.613390048,4.761488127,5.861469782,4.728154312,3.477590191,4.223434728,7.051271261,11.12463488
10074,0.18060092,1.263189231,0,0.737724304,0.915932133,0.974880869,0.400101451,0.9631531,0.56776544,0.65278871,0
10075,0,0,0,0.369339344,0,0,0.189187349,0.386502295,0.196097113,0,0
10077,0,0,0.206941496,0.369339344,0.191623994,0,0,0,0,0,0
10078,0.576492697,1.076943879,0,2.604838056,3.107752352,1.771490549,1.360589786,0.767338526,0,0,0
10079,26.83756993,20.06097008,26.84319295,16.54045317,18.31721175,17.2023176,19.69669297,17.19069447,17.25242018,20.5322442,28.74829661
10080,0,0,0,0,0,0,0,0,0,0,0.220620931
10082,0.188628649,0.370559306,0.204745588,0.18083012,0,0,0,0,0,0,0.217934388
10083,1.530621129,1.084785257,2.238482385,2.038121728,0.531417029,1.393445318,1.371648243,1.15916721,0.959838758,1.285933516,1.310963883
10084,1.753497836,1.049388327,1.82626948,0.914790161,0.347464516,0.390221205,0.40337198,0.190304961,0.378955265,0,0
10085,0.18060092,0.364534827,0,0,0,0,0,0,0,0,0
10086,0.384094626,0.361854584,1.017800856,1.49003799,1.664377727,1.955702975,1.377302699,0.580965693,1.918554454,0.212277485,0.65379746
10087,0.952559594,2.491178685,1.220783421,1.670959527,2.383163982,2.149668207,2.545747498,1.931832124,2.298169851,2.139133796,2.605014827
10088,0,1.218932388,0,0.189313029,0,0,3.334511986,0.192981542,4.38664442,0,2.17049559
10090,0,0,0.204745588,0,0.360516414,0,0.394140614,3.483103511,8.413523735,0,0
10092,0.382292267,0.502565742,0,0.756077949,0.373149317,0.200925625,0.205723382,0.383669263,0.189477632,0,0.221650513
10093,0,0.521178729,0,0,0,0,0,0,0,0,0
10094,0.190197488,0,0,0,0,0,0,2.310855317,0.56776544,3.637651009,3.059492116
10095,2.292424578,1.608612215,1.82835454,5.210072731,4.559924108,3.736826533,3.784202011,3.481503616,2.876944712,3.407944253,3.511282863
10096,0.195465977,0.693443723,0,0.189768808,0,0,0.198705571,0,0,0.211646862,0
10098,3.031767509,1.438912963,3.864095627,1.288825815,0.558247362,1.956248904,1.377589554,1.351494204,0.959713219,1.711249303,1.749519202
10101,0,0,0.197656014,0.189768808,0.191623994,0.200925625,0,0.383669263,0.378888833,0,0
10102,0,0,0,0,0,0,0.205723382,0,0.189206673,0,0
10103,77.36621471,45.58409961,76.31151364,47.22035693,45.66126781,74.4450067,47.58420101,60.82988033,44.60853967,62.5814106,57.73125968
10104,8.609055305,7.791471735,8.744531554,6.900639722,6.37092353,8.604752307,7.473821706,6.757165646,5.543331366,10.25614079,7.172698924
10105,0,0.166666667,0,0.189768808,0.191623994,0,0,0.383669263,0.378888833,0,0
10108,1.1560533,0.933666978,1.423443949,0.366378886,0.553127294,1.751761158,1.786346009,2.121309776,4.014399578,0,0
10109,1.337052443,2.001201449,2.441142913,1.11856433,2.19977193,1.165195606,1.569296841,1.159821757,1.338727591,0.861378546,0.651110918
10110,4.479645122,9.174038205,3.058203297,4.470880949,0.19289111,12.71806176,7.484534727,11.78184541,5.34627865,4.915984968,0.224375669
10111,0.952559594,0.885713556,0.607249081,0.373559385,0,0.380083545,0.195435043,0.769788798,0,0,0
10113,1.139385883,2.64436385,2.653503896,2.606445667,2.192100449,2.531698916,1.75848419,2.120838454,0.378888833,3.433475925,3.691167928
10114,0.770156315,1.385713556,0.204745588,0.366378886,0.914665016,1.370065431,0.377624107,0.969689557,0.971323665,0.428821328,0
10116,6.148256637,10.78268243,9.787254387,14.14943609,10.84467561,15.84886861,12.62546276,14.68007417,12.99585158,12.19235029,11.80516123
10118,0,0.166666667,0,0.364620697,1.263396649,0,0.205723382,0.383669263,0.573933946,0,0.211140241
10119,0.190197488,0.908210326,0,0.74116103,0.904286116,0.200925625,0.788013898,0,1.147742352,0.852521417,0.644316771
10121,0.201691347,0.166666667,0.206941496,0,0,0,0,0,0,0.420867321,0.431761171
10125,11.70466236,15.72360179,11.57615283,21.59977478,23.3139112,11.59026215,15.76783627,9.464749767,13.58450213,5.558382806,5.45068016
10126,2.099038171,2.462657434,1.431381381,2.413787329,2.010575126,0,0,0,0,0.839083981,1.08931337
10127,0.201691347,0,0,0,0,0,0,0,0.189206673,0,0
10130,0,0.748886181,0,0.185548766,0.19289111,2.737848715,4.548662065,7.535000498,5.561231227,1.070599005,0
10131,0,0.72627491,0,0.560330911,1.093621684,0,0,0.963624423,0,0.420643063,0.422666258
10132,1.507605271,2.398183106,0.812529447,2.413368375,1.626060022,4.683364158,2.937348647,2.8910718,2.4935404,2.570525857,2.590821341
10133,0.195465977,0,0.206941496,0.187227304,0.177426564,0.197909432,0.188436758,0,0.385574746,0,0
10136,31.01398992,13.7644924,40.64028255,18.2468787,11.6332895,48.39201769,13.357457,25.87749425,15.49933873,29.46401012,26.37502388
10137,0,0.195187917,0,0.183790577,0,0,0.205723382,0,0.385057339,0,0
10139,8.095092955,9.120213295,8.742948343,9.834175698,8.933044246,7.225250605,7.859907062,7.913117063,8.609290782,11.52307758,10.90737151
10141,0.18060092,0.357544647,0,0,0,0.189768808,0.189187349,0.19251022,0,0,0
10144,49.28376186,38.48728625,42.05415522,26.00761563,24.5459302,32.44892107,26.22343051,29.3692346,23.52767898,37.58469869,52.21318776
10145,0,0.185279653,0,1.488359452,1.273336674,0.77200808,0.188436758,1.353630608,0,1.50072982,0.881927867
10147,0,0.166666667,0,0,0,0,0,0,0,0.629639265,0.67040185
10148,7.677564293,7.978351431,7.529251287,7.993675673,7.744615186,7.014375436,7.41942237,8.298096389,8.231010297,7.036738133,7.173156223
10149,0.954128432,0.35194632,0.822238859,1.670412331,0.56449308,1.171771145,1.182905103,0,0.391346753,0.220910356,0.442310057
10151,0,0.166666667,0.203508386,0.189768808,0.19289111,0,0,0,0,0,0
10152,0.564695546,1.074876993,0.60558795,2.219299875,2.173928483,0.589149794,0.204666409,0.582516405,0.763741645,0.41821666,0
10153,73.6809277,65.18846118,72.25924169,66.47642728,67.13796929,57.15611293,64.89954782,50.21987694,59.16673184,80.83115296,79.67751784
10154,9.214814392,9.757006564,8.963607573,9.846083567,10.75839974,7.633979488,10.86357672,8.887332475,8.801790951,10.23029042,9.349730632
10155,0,0.166666667,0,0.183790577,0.180258207,0,0,0.192981542,0.189081134,0,0
10156,1.357744648,0.166666667,0.406592844,0.560330911,0.3718822,0.584186437,0.189187349,0.579300612,0.756972114,0.641098813,0.432146948
10157,0.952559594,0.364420326,1.015935942,0.554389505,0.37160197,1.560518413,0.761495908,1.15916721,0,0.212277485,0.862636935
10158,0,0,0,0,0,0,0,0,0,2.356084005,2.39114943
10160,0,0,0,0,0,0,0,0.193364302,0,0,0
10161,5.747730174,3.034075689,5.701806163,2.591192489,2.014113424,2.925620487,2.343294644,1.544701088,0.579976912,4.072148336,4.994781808
10162,0,0,0,0,0,0,0,0.19251022,0.189807699,0,0
10163,0.973091364,3.026263962,1.016461762,2.235134352,2.711008797,1.566662002,1.575257679,2.308310382,2.109088717,0,0.220620931
10166,1.729174799,5.381240775,0.810757468,5.588790207,7.284148243,4.119591287,6.494120048,2.905208796,6.509710617,1.923526788,3.021206895
10167,1.163288852,1.067886814,1.024364609,0.742115414,0.904286116,1.160999182,0.40337198,1.934037383,1.338397525,0.842141007,0.211526017
10168,0.574292114,2.170433858,0.206941496,2.044539403,2.183161853,1.757408689,2.15608523,1.740358209,3.433850781,0.849240134,1.535692418
10169,0.18060092,0.179255173,0.413882993,0,0,0,0,0.192981542,0,0,0
10170,2.317773313,5.155588063,2.647373029,4.079529605,2.194651861,1.747816957,3.568828252,3.687671438,4.973491891,7.072032082,8.079749235
10171,0.201691347,0.166666667,0,0,0,0,0,0.196014109,0,0,0
10173,37.89788725,35.48959654,38.2662283,27.19708167,28.84825029,39.9557821,44.53795492,44.80226989,46.87486612,36.71256473,34.41361484
10175,0.190197488,0.179255173,0,0,0,0,0,0,0,0,0
10178,1.31156085,2.839666267,2.64287932,2.23845917,2.744947513,3.321057272,3.92110397,3.104055938,3.060603787,2.78427471,3.252756783
10179,0.382292267,0,0.206941496,0,0.179977976,0,0,0,0,0,0
10180,0,0,0,0,0.173732258,0,0,0.193992076,0,0,0
10181,0.960353802,2.827731808,1.42605483,2.792869166,2.718556055,3.133033277,1.956590015,3.858809182,2.290619278,0.635571208,0.862251159
10182,0.188628649,0.35194632,0.203508386,0,0,0,0,0,0.189081134,0,0
10183,0.772612263,0.354978905,0.197656014,0.373103606,0,0,0,0.190304961,0,0,0
10184,0,0.562755329,0,0.930929838,0.180258207,0.974880869,1.182154512,1.15916721,1.148919892,0,0
10189,1.539914406,0.166666667,0.616534564,0.560786689,0.177426564,0,2.3470224,0,1.907611464,0,0
10191,3.251790044,4.490198747,3.452176232,7.625233397,6.756564284,5.095441442,3.53588834,3.86688004,4.01564355,2.33838021,2.845240943
10192,0.201691347,0,0,0,0,0,0,0,0,0,0
10193,1.321789162,0.531086993,2.650271361,1.112215737,1.102436059,1.775093948,0.992967163,1.736828548,0.952426281,0,0
10195,2.700390717,2.701635351,2.036545403,2.602752331,2.753761888,3.700342664,2.553496373,4.827539784,3.643795206,1.494929717,2.386050857
10196,0.566264385,0,0.203084457,0,0,0,0,0,0,0,0
10197,12.28977294,6.592351653,10.36637173,7.459476663,6.012514924,5.669451715,4.54894892,5.795836048,4.974092916,7.062180113,6.097650563
10198,1.367180782,0.687845396,0.197656014,1.295174408,0.708563363,2.931561723,0.966912907,1.163708407,0.378888833,0,1.310963883
10199,1.15581978,0.867567412,0.204745588,1.491716528,2.028871314,1.182431904,1.583006554,0.772821365,0.946779813,0,0.217934388
10200,22.07010651,16.26038175,24.82799538,14.32664653,15.02154216,31.08091401,35.86510177,33.43750599,37.70900608,16.87596973,20.04581772
10203,0.779449592,0.713800904,0.409593067,0.558652373,0,0.189768808,0.377624107,0.193364302,0.947380838,0,0
10204,6.394963226,30.43975745,6.714710144,23.98647767,24.31114546,15.46221791,30.96527501,23.7668874,37.29404967,16.06996709,26.1260114
10205,51.31669469,57.97044561,48.01442717,48.93028228,53.96034298,33.60460603,36.97399489,26.44486413,31.7184778,35.70989078,46.89550725
10206,0,0,0,0,0.191623994,0,0,0,0,0.630269888,0.640600646
10207,0,0,0,0,0,0,0,0,0,0,0.211140241
10209,1.343491548,2.141912608,1.427292031,2.599791874,1.646205761,0,0.383871801,0.193364302,0.568492005,0.211646862,0
10210,17.54970352,25.91689509,13.83832155,17.71490761,22.91545204,14.48868841,18.6931189,12.74903648,17.41731204,27.33466991,27.46283777
10211,0.201691347,0.166666667,0,0,0,0,0,0,0,0,0
10212,5.545660389,5.591780092,4.686714872,4.646744538,5.316180012,8.80939274,9.465174868,9.667302764,9.191876546,6.835437968,3.684132178
10213,1.369563644,0.897803206,3.04747683,0.18083012,0.173732258,0.794703793,0.97825822,0.388524329,0.189477632,0.850773878,1.958320063
10214,4.613000822,3.678629942,3.04634152,2.053386673,2.20884929,4.120037474,3.146055701,4.247489961,3.825503091,2.562023181,1.309934301
10218,2.31809845,1.21205671,2.030634682,0.558245186,0.179977976,3.538623395,3.732380356,7.328222639,6.506868097,4.048692678,4.379589526
10219,0.201691347,0.35194632,0,0.183790577,0,0,0.189187349,0,0,0,0
10221,0.390319996,0.179255173,0,0,0.179977976,0,0,0,0.189807699,0,0
10222,8.05428478,7.893668529,6.9142596,5.58067766,5.810529209,5.268951831,9.272089392,8.69059593,9.792203971,3.208199057,2.377270197
10223,0,0.361854584,0,0.560330911,0.922177852,0.587584708,0.986719469,0.965802907,0.953670252,0,0
10224,0,0.898654405,0.818279928,1.862358281,1.469059427,0.388224169,0.387142329,0.385491762,0.385178248,0,0.217934388
10227,0,0.195187917,0,0.55360619,0.357684771,0.391240361,0.404428953,0.577278578,0.764589118,0.63781753,0.851740887
10228,0.190197488,0.169232409,0,0,0,0,0,0,0,0,0.220620931
10229,0,0,0,0,0,0,0,0,0.189081134,0,0
10230,0.188628649,0,0,0,0,0,0,0,0,0,0
10231,0.382292267,0,0.203508386,0,0,0,0,0,0,0.433187841,0.662930988
10232,0,0,0,0,0,0,0,0,0,2.350956675,0
10233,5.972005641,4.898139218,5.489000129,3.347757276,5.279431561,5.459316439,4.788671839,3.854068449,4.387100025,6.40023009,7.199846494
10235,0,0,0,0,0,0,0,0,0,2.13782431,4.79577589
10238,0,0,0,0.368057424,0.550295651,0,0,0,0,0,0
10239,0.188628649,0,0.406168914,0,0,0.197909432,0,0,0,0,0
10241,0.384094626,0.335899076,0,0,0,0,0.188436758,0.579483837,0.19524964,0.219600869,0
10242,0.574292114,0.748034982,0.4011644,0.926709797,1.09591011,0.197909432,0.771764721,0.38281518,0.959838758,1.491648434,1.307247758
10244,1.918181886,4.015303057,1.216926382,3.343457583,4.009908687,2.151665242,1.789036319,1.738467822,1.906493031,2.789496104,3.928537422
10246,17.68393078,13.92058697,18.91224182,12.83650079,13.44245392,17.59711731,15.0834884,16.4183578,15.89960346,16.90097131,23.27437851
10248,0,0,0,0.18083012,0,0.190314737,0,0,0,0,0
10249,0.382292267,0.185279653,0.819619021,0.56676492,0.357684771,0.980822105,0.38789292,0.583370487,0.189807699,0.65278871,0.65379746
10250,5.76685354,5.580582331,5.90895564,5.772580784,5.879810428,3.916034323,4.124430406,3.678014819,3.838623837,4.690546218,3.92754075
10251,1.531508239,2.522847021,2.645275803,1.674803441,1.831584036,1.15968632,0.99298669,1.736445788,1.155088398,3.207488506,3.281489791
10252,0,0.729421996,0,0,0,0,1.761461355,0,1.344812478,2.787069701,3.707492102
10253,4.59930432,6.043393699,3.661109853,6.514112177,7.807031128,7.249649649,5.715357043,10.6388579,5.745392457,9.20999026,10.04171848
10254,1.514821037,3.25230103,0.203084457,2.78094953,2.328501889,1.35247132,2.384096059,1.743705648,2.488043981,0.640874556,0.221650513
10255,0.19766656,0,0.605486059,0.374861795,1.068799547,0.3938717,0.188436758,0.582516405,0.378888833,0.641777676,0.438555319
10259,11.86651,14.25531638,10.98100965,11.31809228,10.77046739,13.33553053,12.2421842,16.61161819,12.83899041,16.21980934,15.0056752
10261,0,0.709490967,0.4011644,0,0,0,0.795012183,2.517224645,2.101287066,0,0
10262,4.411941219,5.539909767,4.270354268,4.28649446,3.844973626,3.52877944,4.734865741,3.09639361,4.604599653,2.981987381,3.057229964
10263,0,0,0,0.370143149,0.365356251,0,0,0,0,0,0
10264,21.6914397,21.37691144,20.32144827,24.02353483,23.45754427,19.55175126,21.42108982,21.65543798,21.84489198,21.55717252,24.70795348
10266,0,0,0,0.185548766,0,0,0.188436758,0,0.379285331,0,0
10267,14.02819938,11.75901836,15.68156662,11.35581444,11.34574598,14.65474235,14.7600894,16.60328379,15.33372031,19.89279645,19.84692765
10268,0.549830488,1.070452556,0.411687084,1.681892522,0.938909514,1.353945257,0.795299038,1.36212731,2.290552847,0.219600869,0.431761171
10269,0.190197488,0,0,0,0,0,0,0,0,0,0
10271,0,0,0,0.189768808,0,0,0,0,0,0,0
10274,0.761118404,1.083934058,1.017275035,1.119915331,0.365356251,1.174787337,0.787243781,1.737996499,1.339370537,0.633144806,1.307247758
10275,0.378826137,0,0.402503493,0,0,0.395868736,0,0.388524329,0,0,0
10276,0.190197488,0,0,0,0,0,0.189187349,0,0.378558767,0.211646862,0
10278,0.195465977,0,0,0,0,0,0,0,0,0,0
10280,0,1.083934058,0,1.499452947,0.730834089,0,0.566811456,0.193364302,0.953670252,0,0
10281,6.554473718,5.16552834,6.307001562,5.587986401,5.334071748,3.343730154,4.516666498,4.450495541,3.061184931,7.493754283,7.640521778
10282,2.849272614,3.247803889,3.665452378,3.161901464,4.213602487,3.183476434,3.144129002,2.708340604,1.724031378,3.650650392,3.493978444
10283,13.62096251,12.28229599,12.41788678,10.78855091,13.10607502,13.88092535,14.11475491,15.05886062,15.68984385,13.87698067,11.53451342
10284,0.387864048,1.067886814,0,1.306247412,1.095629879,0.587584708,0.188436758,0.579866597,0.959713219,0,0
10285,4.785765902,7.087890747,6.098488662,10.03906932,8.722558808,6.84682052,6.454336553,5.221521181,6.496459701,4.683404942,6.511810673
10287,11.53579515,11.87092643,10.35570041,11.17122005,9.840920261,12.12316469,11.38927122,13.91792799,12.81985853,9.17587193,8.254194269
10289,0,0,0,0,0,0,0.189187349,0,0,0,0
10291,0,0,0,0.37277607,0.714226648,0.199906468,0,0.385874522,0,0,0
10292,6.296926859,6.513160268,7.107236346,6.514485262,6.544655788,6.661045784,5.307638035,6.180961359,6.316629303,5.558981742,5.447816534
10293,0,0.373591892,0,1.667870827,2.775613618,1.750833149,3.726419518,5.604179911,5.561682203,10.66077734,8.693531863
10294,0,0,0,0,0,0,0,0.388995652,0,0,0
10295,7.50487436,11.11422978,5.481623104,12.11076977,9.281668834,12.32790905,9.239010817,15.64477188,11.87132467,6.591602424,5.202558792
10297,2.687328019,6.292680838,2.037169907,4.45697573,2.190394458,5.088824625,4.539430698,4.448186377,3.074034719,1.491872691,1.518387999
10298,0.370798408,0.702999645,0,0,0,0.390694432,0.5892888,0.770171558,1.149249959,0.858727886,4.357644961
10299,0.574923858,0,0,0.185548766,0.564773311,0.400832093,0,0,0,0,0
10302,2.908897547,1.626758359,2.841450498,1.667451873,1.093358698,1.562465578,1.361073048,3.283865538,1.338001027,0.861378546,0.43551591
10303,0.589555395,0.179255173,0.611539006,0.183790577,0,1.172155999,0,0.771810832,0,0,0
10304,1.526293051,2.807645589,1.220359492,0.745879677,1.281008154,0.389675276,0.782033534,0.766955766,3.069048384,5.327460628,0.438555319
10305,1.735380383,2.170433858,2.037393261,1.855961097,1.269642367,1.76097081,2.566761877,1.549173394,1.723454863,1.275328848,1.960698056
10309,1.724916491,0.169232409,3.056762313,0,0.351158822,1.567974864,1.165905334,0.770015107,0.770031059,0.417992403,0
10310,0.948790172,1.419833134,1.434916383,2.230415705,2.357880997,0.779896481,1.379072046,0.9631531,1.337796499,0.420867321,1.07983268
10311,3.828589348,3.241427067,4.267836322,2.605733279,2.590532752,3.139650093,3.746996197,0.962498552,0.574865038,3.217462551,1.541104117
10313,0,0,0.206941496,0,0,0.197909432,0,0.196014109,0,0,0
10314,0.397157325,0.179255173,0.206941496,0.744201139,0.177426564,0.583640508,0.204666409,0.388995652,0.385178248,0.220910356,0
10315,0,0.542824301,0,0,0.531136799,0.190314737,0,0,0.573537448,0,0
10317,0,0.335899076,0,0,0,0,0,0,0,0,0
10318,8.067113957,5.517629851,6.525693987,5.407005703,5.838782666,6.648185637,5.082244102,4.637637255,4.97901745,4.707181337,3.91597871
10319,0.763930945,0.904678885,0,1.853875372,1.09619034,1.374693805,1.188402205,1.551222203,1.527808726,0.430130815,0.217934388
10320,15.01547076,19.42034586,17.08511552,19.90838448,19.36925766,18.18154758,19.88948222,18.74745697,19.89177967,14.10423542,17.18005328
10321,19.03538455,20.24882526,18.30371199,23.42520414,19.55820595,21.36218304,16.71012269,21.62508743,18.38281931,11.09428794,6.116610815
10325,26.50049032,21.69007058,24.59631271,21.76584728,19.84492346,24.86067769,23.06082575,22.59839719,23.12415783,20.10283573,19.59979154
10329,0,0.169232409,0,0.189768808,0.351158822,0.189768808,0.38789292,0.190304961,0.947050771,0,0
10330,28.26915429,23.43340681,25.02419504,20.31680755,19.30609794,22.89403031,20.8569465,21.44064197,19.33107213,21.3643022,25.04488422
10331,4.41662589,2.141445765,2.025688516,4.476155516,3.464294229,3.520165588,2.159336232,2.517537546,0.947506377,6.843167718,5.869205904
10332,6.136299053,3.491251389,4.876668614,4.668010049,4.363180046,3.34010249,2.748950942,3.668277912,3.441317736,3.20811913,4.308915288
10334,12.05558797,12.66109081,12.83454089,8.739347456,8.19767043,13.86602107,10.39388373,9.854162225,8.23990124,13.45787135,15.91791892
10335,0,0,0,0,0,0.190314737,0,0,0,0,0
10337,0,0.166666667,0.206941496,0.36166024,0.180258207,0,0.198705571,0.389378412,0.189807699,0,0
10338,9.672925639,8.114242757,7.542388061,8.911403956,8.342052664,3.72597181,3.911605275,1.536744564,1.53277518,10.65776855,8.268420665
10339,0,0,0,0,0,0,0,0.193364302,0,0,0
10340,0,0.166666667,0,0.373103606,0,0.199906468,0,0.196014109,0.770482035,0.209220459,0
10341,9.023634862,8.292241553,9.769038489,9.291922446,7.292977159,8.222239981,7.256653403,7.524149153,5.746594508,8.122404798,7.19180335
10342,1.530317838,1.618168136,1.431059344,2.418505975,2.545810684,1.37269677,2.560514184,1.546523587,1.919426438,1.923120422,2.393874586
10345,5.584899726,7.890253951,5.290638483,4.819986972,4.883265711,5.084880425,4.149617587,4.057211775,4.601247049,3.617376481,5.013671664
10346,0.385663465,0,0.406592844,0,0.177426564,0.395818865,0,0.386345844,0,1.065702023,1.086588214
10347,1.737022309,0.373591892,1.628715358,0.187227304,0.173732258,2.736870835,0.771764721,2.31810811,0.95944226,0,1.09879406
10348,2.50492474,1.620733879,1.830550448,1.496435174,1.819938019,1.950739618,1.365094167,1.164876358,0.960686231,1.710842937,1.73900893
10351,3.642700153,2.695922523,3.452989504,5.586157285,5.147550578,3.721041342,3.53244744,2.516397337,2.683623688,4.261052118,3.70154103
10354,3.494380229,3.420650227,4.898262582,5.045960544,3.633927727,3.537515864,1.77396325,3.668529992,1.906944007,1.282652232,1.096107517
10356,0,0,0,0.187227304,0,0,0,0,0.189477632,0,0
10357,1.516011438,1.989464141,2.033312868,0.923749339,2.744667282,2.547484107,1.379822636,1.354354011,0.19524964,1.486751452,0.662892374
10358,0,0,0.204847479,0,0,0,0,0,0,0,0
10360,0,0.166666667,0,0,0,0,0,0.966212442,0.189807699,0,0
10362,17.48523646,10.54156382,16.65768109,14.89030641,10.19806182,16.83851531,8.447790642,11.21026067,7.088953641,10.03295243,8.721273903
10363,0.188628649,0.195187917,0.408355866,0.925031259,0.915651903,0.59114683,0.5892888,0.9631531,0.189807699,0.649731684,0.64969556
10364,6.505783987,6.812540419,6.082648383,4.460819644,6.050569577,8.22222133,10.72025989,5.413220402,8.618035478,8.752527939,11.52021939
10365,0.973650021,0,0.409593067,0.556566648,0.19289111,0.200925625,0,0,0,0,0
10366,0.958784964,0.700433902,1.023127407,0.741616809,0.191623994,0.389675276,0.78205306,0.577661338,0.568492005,0.211646862,0
10368,2.113647863,0.364534827,1.621523892,0,0,0,0.376873516,0.196014109,0,0.208996201,0.438555319
10370,30.61316566,29.19541466,28.8689859,26.42696274,23.5550649,28.15810008,25.34780655,26.64820938,25.08744464,22.18078578,20.47404556
10371,2.664037009,2.321904479,3.446132241,1.856872655,1.816523943,4.49419115,1.949421359,5.021574944,1.728955912,0.431247731,0
10373,0.397157325,0,0,0,0.177426564,0,0.205723382,0,0,0.432557217,0.8845815
10374,14.03128044,0.927290155,16.25969673,2.038378337,1.456146293,10.75240503,2.361325351,14.09575494,6.501721625,2.997713288,8.683334717
10375,0.18060092,0,0.203508386,0.189768808,0,0,0.589595183,0.578289112,0.379285331,0,0
10376,2.080451618,1.265640473,4.278460897,0.739482493,0.915651903,2.173097964,1.772500285,1.936625402,1.148197958,2.996776453,2.171194492
10380,5.760445891,1.881710816,4.276892701,0.920768391,1.831584036,3.508576821,1.960937044,1.162016551,2.101075215,16.88019596,34.67602272
10384,0,0,0,0,0,0,0,0,0.189807699,0,0
10385,2.109664707,1.036799821,2.237523678,1.666229114,2.342820904,2.352044938,2.172314881,1.162199777,2.089597631,0.208996201,0.211526017
10386,7.989769795,9.557300518,10.57107953,8.190431687,7.869101715,8.629608905,10.24389966,7.541835517,9.959365184,9.416616733,8.733132586
10388,0.190197488,0.179255173,0,0,0,0.195962267,0,0,0.189206673,0,0
10390,4.62075134,3.914190917,3.263088261,2.798810571,3.653949244,1.943233296,1.57708477,0.582987727,0.776074025,1.497854902,2.36856106
10391,0.771958674,1.945831695,1.220783421,1.112258563,1.273336674,2.737798844,0.771764721,2.704208941,0.378558767,2.125017497,1.325823361
10392,26.04644751,17.36028502,19.94094574,12.47649859,10.59613552,16.38902337,13.52739932,16.04252362,12.05473482,26.8735702,19.14425176
10393,0.751521836,1.231520895,0.395312028,0,0.351158822,0,0,0,0,0,0
10394,0,0.169232409,0,0.743793952,0.723041023,0,0,0.581348453,0.196097113,0,0
10395,0.768587476,1.416800548,1.214931048,1.4913404,2.179187315,1.564462613,1.57600827,1.54699491,1.723575772,2.771874263,1.963737466
10396,8.313123266,11.86280541,10.77424796,10.96821287,13.52278634,7.250084373,9.033000579,6.383181747,5.17021454,14.51991944,14.57433272
10398,1.141188243,1.269213711,1.630809374,1.116478605,1.09591011,1.365102074,1.182154512,1.351677429,1.148919892,1.282652232,1.307247758
10400,0.195465977,0.166666667,0,0,0,0.189768808,0,0,0,0,0
10401,0,0,0.197656014,0,0,0,0,0,0,0,0
10402,0.382292267,0,0.203508386,0,0,0,0,0,0,0.212277485,0
10403,1.747831123,3.241468863,2.455946565,3.907316638,4.174297895,2.33400043,2.596550396,2.702186907,2.49369045,1.282652232,1.080218457
10407,0.391888835,1.393763125,0.406168914,1.493474716,1.102436059,0.97882507,0.583327963,0.771810832,1.724031378,0,0.442310057
10408,3.859276344,8.922352825,3.450837139,11.73586843,11.8482029,7.070189634,9.846649723,12.38026973,14.17124394,25.63052582,21.34807247
10411,0,0.34592184,0,0,0,0,0,0,0,0,0.644316771
10412,0,0.518612987,0,0.368057424,0.533968441,0.390221205,0,0.576650805,0,0,0
10414,0.188628649,0.166666667,0.413882993,0.375317574,0,0.195962267,0,0.580965693,0.19524964,0.850773878,0.224375669
10417,0.952559594,1.071345551,1.213591955,0.751857907,1.253897591,0.781461566,0.592865711,0.96665699,0.952943688,0.6424083,0.432790753
10418,11.13470039,10.58920906,9.164004887,6.494350969,7.237856854,7.229970128,8.452962672,6.376758657,6.696094651,11.3181049,12.63968683
10420,0.201691347,0.188312238,0,0,0,0,0,0,0,0.428597071,0.653836074
10421,0.775983461,1.263189231,1.220783421,2.231278671,3.110722758,4.888918157,4.918131306,6.382334732,5.359024716,1.293032643,0.872375654
10422,0.201691347,0,0,0,0,0,0,0,0,0,0
10423,0.399357907,0.531086993,0.60558795,0.932688027,0.74348417,0,0,1.735591705,0.189807699,0.65278871,0.43317653
10424,0.399357907,1.625043815,0.40459751,1.307549823,0.910812065,0.976877905,1.182154512,1.157145176,1.338456632,0,0.43317653
10425,1.530949582,1.810323468,2.833123722,1.495141488,1.269922598,2.155861666,2.542476969,1.938395355,2.677768062,2.144661401,1.307247758
10426,1.943928844,1.618053636,3.048011608,1.4913404,1.276168316,1.750833149,1.950648704,1.542453712,2.108362152,0.630494145,0.217934388
10427,7.303374902,4.769679719,6.121631255,5.189269,5.308791399,5.438021962,5.080761611,4.249181817,4.594556507,4.461912203,3.480815667
10428,17.65349377,16.86117801,16.44785442,14.90547982,16.10295737,15.03316107,14.62232422,11.59223905,13.81292293,25.39873018,26.76986861
10429,0.587354812,0.179255173,0.203508386,0.366378886,0,0.200925625,0,0,0,0,0
10432,5.602125799,6.526994113,5.076830767,10.41164622,8.225941066,4.110545484,5.523804458,5.597842989,4.971792314,3.004929121,1.733668755
10437,10.68864497,10.91294468,8.731862353,8.762918352,9.143157428,10.37296862,9.820531216,10.43083884,10.34696494,7.485573991,7.383339533
10439,0,0,0,0,0,0,0,1.158512662,0.189081134,1.05868485,0.66396057
10440,7.430954697,8.213989567,7.112432478,6.334669884,6.779152299,9.202809659,8.449208882,8.498850263,9.008688328,4.920269526,5.435491129
10441,0,0,0,0,0,0,0.189187349,0,0,0,0
10442,0,0,0,0,0,0,0,1.158512662,0.189081134,1.05868485,0.66396057
10443,6.128128466,8.700772208,8.329881472,10.78212747,10.39717667,10.35715054,9.864512709,11.19440702,9.765167545,16.00416088,15.91466839
10444,0,0,0,0,0,0,0,0.19251022,0.19524964,0,0.211140241
10446,0,0,0,0,0.179977976,0,0,0,0,0,0
10447,0,0.166666667,0,0.187227304,0,0,0,0,0,0,0
10449,1.539914406,1.658426695,0.812953376,2.228238563,1.792827456,1.167330886,1.935901545,3.101788891,3.257757531,1.503562588,3.490995258
10451,0,0.364420326,0.197656014,0.556147694,0.537382517,0.774501174,0.404428953,1.15916721,0.385303787,0,0
10452,0,0,0,0.750099718,0.546881575,0.974880869,0,3.471976672,1.14931639,0,0
10455,0,0,0,0,0,0,0.204666409,0,0,0,0
10456,10.14207318,11.59576643,11.98079389,11.90214871,11.49776527,10.3533362,13.94676533,15.86816285,16.07876447,23.4778962,21.52079404
10457,0,0.335899076,0.411788976,0,0,0,0.195435043,0.774303221,1.148919892,0,0
10458,0,0,0,0.18083012,0,0,0,0,0,0.428821328,2.406685624
10460,0,0.166666667,0,0,0.173732258,0,0,0.193364302,0,0.220910356,0.448751337
10461,0,0,0,0.371017881,0,0,0,0.386345844,0,0,0
10462,0.967424651,1.48002272,1.834800039,1.854331151,2.554749281,0.778918602,2.363558433,1.163325647,1.913112513,1.502253102,1.951564529
10463,0,0,0,0,0,0,0,0.196014109,0,0,0
10464,4.784797351,7.677418747,5.898747588,6.532465822,6.750757441,7.412255445,7.077448011,6.762991135,7.467182341,6.616954015,6.766026159
10465,7.264963469,5.239137765,6.112778658,4.264246465,4.221115322,3.712133784,4.348493529,3.672347787,1.723701312,3.852223055,3.704194663
10467,1.14521303,1.045390043,1.012502832,0.553933726,0.545334228,1.761989966,1.377589554,1.937096725,0.757176641,0,0
10468,12.6338142,8.643802411,10.58162499,7.815677768,6.590520751,8.614328366,7.848462141,12.35811833,7.848884554,5.975662631,7.410029804
10469,0,0.185279653,0.408355866,0.929670254,1.290365745,0.197909432,0.394910731,0.96353586,0.189081134,1.070374747,1.312626547
10470,0,0.179255173,0.402401602,0.373103606,0,0,0,0.192981542,0,0,0
10471,0,0,0,0,0,0,0,0,0,0.211646862,0
10474,1.916938184,0.512588507,0.812427555,0,0,0,0,0.196014109,0,0,0.220620931
10475,4.371329202,2.532402942,2.449717015,2.032571175,2.565956423,1.760920939,1.969417819,1.938551806,2.107514679,2.777630189,2.371544245
10476,0,0,0.206941496,0.185548766,0,0,0,0,0,0,0.224375669
10479,2.46575849,1.43833162,0.612575633,0.92327307,0.353710234,1.375621814,0.791571283,2.123488261,0.56776544,1.06502316,1.522142737
10482,0,0.188312238,0,0,0,0,0,0,0,0,0
10487,0.19766656,0,0,0,0,0.981368034,0.598807022,0,0,0,0
10489,5.358600579,5.434866335,4.079041861,6.528202954,5.691196058,4.511850805,6.892745516,6.576231178,7.825749802,3.207082141,0.432790753
10491,0,0,0.204847479,0,0,0,0,0,0,0,0
10495,0.190197488,1.050521528,0,0,0.173732258,0.586133602,0,0.386973618,0.580427888,0,0
10497,2.106810535,3.413889048,1.628613466,1.673849058,3.817880241,4.301806676,3.355043105,3.487657312,2.480360546,2.346365906,1.944384605
10499,35.2999589,31.30489148,33.42795502,29.57157554,32.44066296,30.17308237,31.09960579,31.11508299,24.10968884,41.72801159,34.16568456
10500,0.766058441,2.330110346,0.81660984,2.408264877,0.366623368,0.784092905,0.598826549,0.385491762,0,0.636832455,0.669372268
10502,0,0.166666667,0,0,0,0,0,0,0,0,0
10504,5.374709339,7.829553362,6.914361492,6.333028171,8.86877605,5.882982489,6.311930984,5.418101276,7.456840377,4.060944732,2.614495517
10506,8.838181252,27.00877726,7.929051275,20.83335353,24.26922061,4.294211981,27.40292256,13.5326545,29.07279684,10.04050007,13.53104288
10508,0.952559594,0.898654405,0.604248857,1.299485867,1.096896996,0.975808878,0.788300754,0.773675448,0.953152846,1.073656031,1.086626828
10509,0.201691347,0.709490967,0,0.37277607,0,0,0,0,0.189206673,0.220910356,0.211140241
10510,0.201691347,0,0,0,0,0,0,0,0,0,0
10513,6.882639746,6.425767473,7.51826719,6.479761586,6.699506787,6.046519067,4.926573028,7.529187481,6.312965927,3.416526857,3.702184836
10514,6.13985253,6.667705271,6.713059628,5.583732258,4.203382231,4.89587855,5.278542363,5.792148933,6.118300126,3.873838757,5.66964413
10515,0,0.179255173,0,0,0,0,0.387142329,0,0,0,0
10516,0,0,0,0,0,0,0,0,0,0.209220459,0
10517,0.583330025,0,1.015935942,1.861939328,0.179977976,0.389675276,0.189187349,1.155322677,0.580824386,0.649731684,0.429460406
10518,1.920615989,1.293891868,2.858784261,0.932688027,1.273056444,1.761989966,1.976396577,0.579710147,0,1.931480796,1.74311083
10519,1.137185301,0.917267391,1.220783421,0.926709797,0.730553858,1.174787337,0.97643113,1.15916721,0.76419262,0,0
10520,0.19766656,0.364534827,0,0.185548766,0.915651903,0,0.188436758,0,0,0,0
10521,3.251391821,4.526998568,3.055101182,4.481635142,4.244828987,6.064201553,5.930272738,6.757289053,4.590213118,3.419765991,5.020151558
10522,3.045675686,5.149518437,3.243895642,4.64248167,6.219588922,3.345204092,3.1393638,2.902558989,3.435816687,5.983402843,5.203571946
10524,0.762362106,0.54379,1.023127407,0.550169463,0.549308765,1.180980797,0.583327963,0.776352029,0.764259051,0.64046819,0.657552199
10525,0,0,0,0,0,0,0,0,0,0.209220459,0
10526,13.42592827,14.85375064,12.81499036,18.03266373,14.74334482,11.16585511,7.628416281,10.62773477,7.466605826,3.653757685,3.472991938
10527,14.62374457,13.53258286,18.11528896,12.44215673,12.92636003,14.31229446,12.6555121,13.71956141,14.18050142,12.84813802,15.03714979
10530,1.906688026,1.803095447,2.85482533,1.293544462,0.936375281,1.175765216,0.796475147,0.57882929,0.769634561,2.78356416,2.384393896
10531,4.214833316,5.936028079,3.855332757,8.907645694,9.47626587,3.695329437,5.507094196,5.412864417,5.928610642,1.054642749,1.525182147
10532,0,0,0,0,0.191623994,0,0,0,0,0,0
10535,0.195465977,0.179255173,0,0.183790577,0,0,0,0.385874522,0.378287808,0,0
10538,4.442372848,3.385170811,3.868054558,4.452316244,3.824108781,3.316314919,3.143822619,4.624595993,3.635306217,1.502253102,1.757414454
10539,0,0,0,0.941626715,0.735673926,0,0,0.193364302,0,0.211646862,0
10540,4.994586199,4.297691073,5.089651251,5.377288343,5.991964733,4.328730237,5.326100767,5.018316067,5.92778305,8.098303992,11.57713638
10541,8.04602353,3.220133837,7.51240586,2.983056927,3.260619766,4.726476211,4.262965701,4.81814352,4.987481928,4.513776477,3.278488996
10542,1.903572194,2.167753615,1.828889318,1.306247412,1.45331465,1.174787337,1.575257679,1.156762416,2.877541108,3.415175221,2.608087146
10543,0,0,0,0,0,0,0,0,0.19524964,0,0
10546,0.190197488,0,0,0,0,0,0,0,0,0,0
10547,0.18060092,0.169232409,0,0,0,0,0,0,0,0,0
10548,0,0,0,0,0,0.391240361,0,0.196014109,0,0,0
10549,1.150247999,0.690877981,0.600159507,0,0,0,0,0.385491762,0,0,0.432146948
10551,2.719587169,6.542033861,3.454069674,8.916621207,9.495566189,7.622570448,8.277752365,8.508091043,9.948272145,46.43564481,36.83437078
10553,0,0,0,0,0,0,0.189187349,0,0,0,0
10554,0,0.34592184,0,0.189313029,0.173732258,0,0,0.386973618,0,0,0.211140241
10555,0.18060092,1.284834803,0.413882993,2.042313669,2.540147399,2.747058366,1.97535913,2.323189485,2.671203059,0.433187841,1.512018242
10557,3.438291197,5.243946557,4.481487006,5.78005875,4.218846777,4.098842739,4.102986652,6.380907597,5.347029725,3.228259789,2.374197878
10558,1.926841359,8.336310085,4.267121733,11.52984619,11.85174119,6.466786846,6.702920204,6.565379832,6.312815878,17.10942049,11.08131233
10559,1.34910496,1.781687717,0.410025953,2.797052382,2.199613285,1.168593878,1.542778851,2.315301852,2.108428584,0.220910356,0
10560,0,0.879574575,0,2.233831941,1.475585376,0.386277004,0.205723382,0.58033792,0.19524964,0,0
10561,1.746618877,0.502565742,0.615297362,0.189313029,0,0.199906468,0,0,0.189807699,0,0
10562,0,0,0,0.364620697,0,0,0,0,0,0,0
10563,0,0,0,0,0.179977976,0,0,0,0,0,0
10564,0.39533312,0.179255173,2.249963776,0.557826232,0.366623368,1.176734502,0.583347489,1.935519239,1.540596712,0.420867321,0.220620931
10565,10.9310986,17.34315312,13.03007307,14.33160545,14.46644582,15.46169204,16.97518447,15.6635075,16.44361804,16.2458398,16.34123728
10568,1.340445487,0.879190219,1.21503294,0,0,0.199906468,0,0.385491762,0,0,0.432146948
10569,3.460928618,2.311145017,3.253994397,2.785212397,1.28908145,2.939408642,2.738643075,1.154312143,2.493214964,1.502253102,0.868692439
10570,3.870393825,3.99669007,3.475742754,3.546556189,3.110179542,1.958334313,2.578087663,1.934193834,2.108487691,3.412260499,5.227575675
10571,3.064048505,3.260859239,2.243808937,4.844164349,4.958775471,4.492030265,4.890249959,5.219185243,7.461464811,5.585959493,4.571510358
10572,1.564449118,1.071033899,1.423867878,1.120322518,0.745031518,0.994610261,0.804530405,1.548162861,0.769634561,2.994125793,2.616152477
10573,10.86057916,9.564029683,8.93629486,9.501810823,8.594535505,11.58169686,11.02789629,13.51433666,15.87717556,10.69754468,10.23030896
10574,9.837939094,7.95280993,9.551469209,8.746257735,8.035286715,9.793189555,8.860355771,10.05085669,10.33398962,12.17089038,10.91160686
10577,4.6052797,14.62852392,3.646297244,7.447213157,8.778349254,11.15579576,15.72763376,16.80086008,15.88689446,30.35132264,25.04642484
10578,0,0.534234078,0,0.183790577,0.521196774,0,0,0,0,0.209220459,0
10579,20.19728685,11.58190723,17.49861559,5.584130721,4.862244925,8.814696694,7.286187612,7.901699768,5.76152631,21.17364111,18.50180194
10580,8.436911794,9.240636627,7.514020808,8.550633173,8.205778083,8.240697788,6.703996704,9.08921222,7.648796521,7.479503418,10.02852166
10582,0,0.185279653,0,0.183790577,0.360236183,0,0.205723382,0.192981542,0.384456313,0,0
10583,0.559427057,1.263189231,0.407830045,0.941626715,0.903018999,0.974880869,0.97643113,0.775497947,0.763741645,0.649507427,0.429460406
10584,1.338223059,5.460748033,1.204306473,4.824229349,5.468060539,2.532718073,5.72743342,4.252843125,6.513866666,2.774749181,3.908893624
10585,1.916938184,4.994945876,0.808570516,6.134218689,5.115337191,4.314396153,5.912986114,4.062223292,4.41257497,10.28557664,10.69481591
10586,0,0,0,0,0,0,0,0.196014109,0,0,0
10587,0.964053453,1.269099211,0.816618797,1.301072987,1.284982691,0.395868736,0.195435043,0,0.385057339,0.433187841,0.422666258
10588,5.031624952,4.685656356,4.066938816,4.298682472,4.022258724,4.480270365,4.727561074,4.060672581,4.790207275,2.361884108,4.126860921
10589,0.965622292,0,0.409593067,0,0,0,0,0,0,0,0
10590,1.922206673,2.505980591,1.430957452,1.848281993,2.191101114,1.572905332,1.762231473,1.742154937,2.291070254,1.909865094,0.880512509
10592,1.924009032,0.72638941,2.029777866,2.043188401,1.468779196,1.561446421,0.765517027,0.776352029,0.57465588,1.715840073,1.096146131
10593,0,0.738012218,0.203508386,0.745879677,0.353710234,1.174787337,0.993717754,0.9631531,0.959713219,0.861784912,0.442271443
10594,0.961597505,0.348487582,0.203508386,0.935192706,0.754849957,0.587584708,1.590717212,1.547691539,1.521765759,0,0
10595,8.041243927,6.856401866,7.124947287,6.138888743,5.468308983,7.996499036,7.862941971,7.722204036,10.30861817,5.54635501,4.803632529
10596,0.740027976,1.074876993,0.605486059,0.560410562,0.366623368,0.586183472,0.583327963,0.388995652,0.568762963,0,0
10597,2.903325766,1.824978861,2.633593837,0.56676492,0.722760792,0.985491757,0.983755323,1.153458061,1.34994154,3.212385488,4.785690008
10598,5.554676455,6.355550667,6.295331403,6.692913887,6.567947822,6.281817546,5.712086515,6.183820199,5.161875602,5.134702944,7.219451679
10602,11.83071701,7.931716051,13.22121472,7.275513284,6.219749659,9.395194132,7.330072308,9.092245754,8.049208777,12.79716641,15.63111973
10603,13.66703917,15.60978235,15.05727464,18.42572628,15.76289864,12.94670779,14.86578792,12.36114602,13.59670105,19.03460512,21.36431327
10605,0,0,0,0,0,0.388224169,0,0,0,0,0
10606,0,0,0,0,0,0,0,0,0,0,0.217934388
10607,2.687328019,2.680923465,3.054346258,2.221932796,1.806037998,3.304089075,3.751110417,3.091198868,3.825774049,1.073025407,1.735678582
10608,0.581761186,1.068001314,0,0.371017881,0.384515104,0.579990013,0.384622391,0.960947841,0.763616105,0,0.217934388
10609,1.363970018,0.547134237,2.245775742,1.11008142,1.098461521,1.369046275,0.975680539,1.926723974,2.110207149,0.211646862,1.081456731
10613,62.70489343,75.58781044,62.37513757,82.46348246,81.48287584,56.90998262,71.53107707,57.94057752,61.95169998,75.47407476,94.27386642
10614,34.27112784,35.28665832,34.56515637,31.24822443,35.12812858,31.57587705,35.28665814,30.13875359,31.76449649,56.18914333,60.51021222
10616,1.741605753,0,1.208163512,0.563328193,0,0.190314737,0,0.196014109,0,0,0
10617,4.045524191,3.252269016,3.853721018,2.986074701,3.293695817,4.29459406,2.542457442,3.866121588,3.45462313,4.051825568,1.960698056
10618,16.76289957,11.17064772,12.19682925,10.77705023,11.29803147,12.67468161,11.2102362,12.94363665,11.10504817,12.35014523,12.64548431
10619,2.692596508,0.502565742,2.428946933,0.187227304,0.353710234,2.552447464,0.378374698,0.771810832,0.189807699,2.132522989,2.835540838
10620,1.718946487,0.533767236,1.220783421,0.745879677,1.09591011,0.583640508,0.977488103,1.352531512,0.580427888,0.853830904,0.878173129
10621,0.385663465,0.185279653,0,0.18083012,0,0,0,0,0,0,0
10622,4.638779237,3.549653728,5.106552128,4.659390173,5.131064723,4.711918348,5.919578407,4.636197516,5.543966989,5.550317184,5.669605516
10624,22.3062959,22.49133347,24.8334434,24.76208615,26.56997886,22.15699109,24.37948358,24.36320356,21.67227962,21.80958263,19.17630941
10625,1.348473216,1.256625204,0.605486059,1.11856433,1.287534103,1.948742582,2.371326835,2.128029459,2.297839785,2.353026979,1.298152845
10627,6.165504556,5.667673258,7.733767772,4.272338521,4.373541768,5.474417456,5.354249443,5.01118685,5.573142599,5.120452776,3.923014459
10628,1.743247679,3.050901428,1.231407997,2.231178529,3.255236711,2.541886447,2.578493655,2.117622661,2.48665459,1.073656031,1.534662836
10629,3.077701316,1.995176969,4.475303639,3.162208509,2.009290831,4.482911761,2.748931415,5.41219356,3.249460513,3.836491057,3.921781889
10630,3.241539887,2.540596662,3.65348871,2.244876845,2.764140788,1.158528919,1.782018508,0.772664914,0.959959667,0.420867321,0
10631,18.57314932,18.39998979,21.76957614,18.02543048,16.75559152,19.20609321,17.73660613,18.35501821,15.51079913,22.22807749,17.63765793
10633,0.78377767,2.903200091,2.64974554,1.490456943,2.019652487,1.367733413,3.55972904,1.161755229,0.56909303,0.842365264,0.422280482
10634,1.355942288,1.63410088,1.418015505,0.553933726,0.891092752,1.172840172,1.403356954,0.38281518,0.763616105,2.143127657,1.956943318
10635,17.72846377,17.36388916,12.61828409,14.33940679,12.92156205,11.95202891,10.99703778,10.43304313,7.448284957,14.99410891,14.57260423
10638,4.419640495,3.207233679,3.860863092,3.166471377,3.831919025,4.87776134,3.298743103,5.026319038,4.002012719,1.510661715,1.516087233
10641,0.754893034,0.185279653,0.203084457,0,0.173732258,0,0.205723382,0.384297036,0.385574746,0,0
10642,0,0.185279653,0,0,0,0.400832093,0,0,0,0,0
10643,0.376066897,0,0,0.189768808,0,0.190314737,0,0.579866597,1.533250667,0,0
10644,2.130101545,1.602547044,2.843544514,0.919429156,1.293779822,1.95375581,2.363271577,1.545041731,1.14779683,2.78162405,4.141334624
10645,0.19766656,0.34592184,0,0.557826232,0.180258207,0,0.393103167,0,0,0,0
10646,0.762362106,1.636781123,0.818381819,1.114344288,0.725312204,1.374693805,1.182924629,1.352148752,1.148919892,1.063051363,0.871731849
10647,2.652616236,1.060544292,2.042174421,0.737396768,0.537942978,0.772554009,0.401158425,0.387356378,0.775803067,0.211646862,0
10648,0.201691347,0,0,0,0.173732258,0.189768808,0.188436758,0,0.189477632,0,0.211140241
10649,0.201691347,0,0,0,0,0,0,0,0,0,0
10652,0,0,0.206941496,0,0,0,0,0,0,0,0
10653,0.376066897,3.204201094,1.222979329,2.013847168,2.915002708,1.367595168,7.080431684,4.248527269,8.822237863,9.396750598,13.04838472
10654,0.574292114,0.188312238,1.017275035,0,0.180258207,0.5866567,0.777725559,0.388524329,0.391346753,0.208996201,0.221650513
10655,13.4430137,20.88133055,10.77134963,19.71539873,17.50275545,14.85642485,17.06273082,11.98159072,11.65780864,15.58204005,16.31119448
10657,0.387864048,0,0,0.189768808,0.177426564,0.197909432,0,0,0,0,0
10659,0.19766656,0,0,0.741616809,0,0.985491757,0.188436758,0.776352029,1.154236294,0.211646862,0
10660,0,0,0,0,0,0,0,0,0.189206673,0,0
10661,0,0.169232409,0.204745588,0.562089099,0,0.190314737,0.205723382,0.19251022,0.19524964,0,0
10662,1.15581978,1.474424392,1.832647673,0.566309141,0.741919645,1.768565505,1.570353814,0.770642881,1.919401927,3.215442514,3.050397203
10663,0,0,0,0,0,0.190314737,1.585526492,0,0.959838758,0,0
10665,0.19766656,0.166666667,0,0,0,0,0,0,0,0,0
10670,0,0,0,0,0,0,0,0,0.196097113,0,0
10672,0.775983461,0.877008833,1.227974887,1.491388991,3.482185964,0.395868736,1.776540932,0.576650805,1.728229348,0.861154288,1.511593852
10673,13.44701664,9.616025549,11.80696943,8.91660944,9.803007008,12.5182921,10.94652174,9.668096026,9.94755484,17.28442411,13.73454535
10674,8.43005468,7.129156801,8.346009202,7.438852724,7.665987713,9.576872186,10.01003146,8.484782158,9.170641268,10.47991561,10.88437015
10675,11.04689233,13.73644585,13.83719199,13.01532483,15.80943695,13.70061841,14.79449144,8.693409291,14.92979472,16.63940933,17.84149168
10676,12.33841268,11.03421684,11.97203997,11.91671303,11.3527108,12.73403363,13.38307356,13.71639013,14.75833786,11.9618564,13.09105319
10677,2.663711872,3.275191939,1.418439435,3.897938506,3.998845104,3.323436387,3.545406562,5.424526761,4.204332816,1.723163457,2.594851718
10679,0,0,0,0,0.549028534,0,0,0,0,0,0
10680,2.294880527,3.032402942,4.461725023,2.236951701,3.265739834,1.161633485,2.158605168,1.929338768,1.722908316,3.864013106,3.737717695
10681,1.15951943,1.493389721,1.825354316,0.375317574,2.018087961,1.375712962,1.74819585,1.745413813,2.30957114,5.331426865,3.055775992
10682,0,0,0,0,0,0.390221205,0.189187349,0.19251022,0,0,0
10683,5.75236486,4.814912208,6.715153645,4.265984163,4.01430965,4.309856153,4.550450102,4.439800646,3.635966351,7.029014474,5.865484075
10684,7.824359069,5.643379457,7.724636682,7.834401775,7.847215562,8.801169355,9.047578204,8.499505778,8.408811052,7.68769735,6.315579247
10685,14.79048634,13.89840608,15.66191284,13.36194752,14.82309211,14.87441948,16.93336446,15.07681634,15.71341932,14.53534522,14.18798159
10686,0.188628649,0,0.206941496,0,0.177426564,0,0,0,0,0,0
10687,1.15581978,1.433314635,1.630376488,1.116478605,1.062553828,1.169139807,2.331256484,1.546523587,1.71151898,1.070374747,0.439584901
10688,0,1.759263651,0,4.635628707,6.929292477,0,0.205723382,0,0.56776544,0,0
10689,0.201691347,0,0.206941496,0,0.353990465,0,0,0,0,0,0
10690,0.19766656,0,0,0,0,0,0,0,0,0,0
10694,2.494674582,2.512938757,3.047052901,2.599791874,2.734603035,2.737798844,1.775020223,2.317323886,2.487768393,2.996552195,3.482158374
10696,0.387864048,0.179255173,0.203508386,0.375317574,0.900467587,0.195962267,0.394910731,0.193992076,0.384456313,0.433187841,0.657552199
10697,17.38405815,21.5554566,18.6918761,26.01992173,28.8096013,16.25103762,14.74643092,10.23979274,14.18638238,10.47603539,14.10697287
10699,1.16227867,0.188312238,0.61353434,0.553933726,0.177426564,1.950307667,0.205723382,2.120682003,0.378162269,3.214505679,4.579833719
10700,0,0.547134237,0,2.243993389,1.649037403,0.398835057,0.593616302,0,0.385178248,0.209220459,0
10701,0.587354812,0.367567412,0.204847479,0,0,0.190314737,0,0,0,0,0
10703,0,0,0,0,0,0,0.198705571,0,0,0,0
10704,0,0,0,0,0,0.190314737,0,0,0,0.208996201,0
10706,0.387864048,0.531201493,0.203508386,0.371017881,0,0.199906468,0,0.193364302,0,0,0
10707,0,0.515154249,0.4011644,0.745879677,0.19289111,0,0,0,0.19524964,0,0
10708,0.188628649,0.367567412,0.204745588,2.053805627,1.45331465,0.783546976,0.598807022,0.579866597,0.769388113,0,0
10709,2.676162612,2.133748538,2.636111784,2.23559013,1.641244337,0.59114683,0.982678823,2.125782083,2.890208185,0.440511225,0
10713,0,3.799787609,0,1.108742185,3.842280747,0,6.701573724,5.790886319,9.378745326,4.479760328,0
10714,0,0.166666667,0,0,0,0,0,0,0,0,0
10716,12.32670288,13.20585535,14.8382974,13.95219008,13.29470657,15.6523688,14.1528016,13.71697579,15.30754794,16.42607293,16.57718571
10717,5.95099036,3.248343436,4.473014796,2.424404555,2.213810714,2.728639063,2.153681777,1.937897258,1.92039945,2.58410395,2.834802194
10718,0.762362106,0.534234078,0,0,0,0.200925625,0,0,0,0,0
10720,0,5.108990023,1.017698964,4.652765595,5.82828218,6.854758792,8.279409085,6.177867004,8.246086933,3.642872402,3.26192322
10721,0.18060092,0,0.203508386,0,0,0.969917512,0,1.547446525,0,1.704150176,1.744107503
10722,5.205697211,6.530877896,3.655582727,6.715467083,6.745620194,6.667621323,7.330646019,5.994840644,7.669802537,2.565304464,1.304522602
10724,0,0.188312238,0.408253974,0,0,0,0,0,0,0.632514182,0.211140241
10727,12.6501948,11.91336637,11.6014509,9.673397054,12.77238894,14.24258959,14.75010744,16.61118289,16.09381635,17.33458502,14.56682894
10732,10.99146667,9.359899201,8.760857319,8.378094403,9.644470971,9.580611055,7.813183027,8.876715714,8.235843889,8.765881774,7.626790436
10733,2.118863051,3.088168092,2.445949702,3.349435814,2.872286133,1.973485201,1.975513832,2.694429917,1.917953428,0.209220459,0
10734,0,0,0,0,0,0,0,0,0,0.209220459,0.221650513
10735,8.596295898,8.552521376,7.120233433,5.22288759,6.350341618,6.844873355,6.720976946,6.380688391,7.069878933,6.180222855,4.142364206
10737,18.42388898,15.40181856,16.27217431,13.56063868,13.13207711,12.93088409,12.07016517,14.68574608,11.88561563,15.41649951,13.71973893
10738,3.075845656,6.247757637,2.645601049,4.269013703,4.160085925,3.516442391,2.731931647,1.932842657,1.337855607,4.47957822,4.542705827
10741,3.066839201,1.780058024,3.457069897,2.782343358,2.555892175,2.367398179,1.178883983,3.678685676,2.298110744,1.064168279,1.307247758
10742,6.307245834,7.037371582,6.717349553,6.70989604,6.936822491,10.93127202,12.34397174,11.98814488,14.56069333,7.247043821,8.664743815
10744,0,0,0.204745588,0,0,0,0,0,0,0,0
10747,2.497130531,2.523698219,2.038250077,2.054212814,1.825477081,3.72367268,3.360240332,2.705752585,2.872621204,0.852521417,1.529284047
10748,6.161554915,5.049225483,4.473438725,5.402785662,4.947974874,5.864727035,4.520700637,4.438407353,3.6361164,6.426436562,7.018866029
10749,1.141188243,1.307757726,0.809096337,2.230871484,1.628314025,1.761989966,1.363573459,2.512326495,2.481274451,0.649507427,0.432146948
10752,1.590217923,1.58047532,2.853779747,2.609953321,2.214673378,2.946369035,1.76367491,2.707957844,2.872495665,2.356308263,3.060521698
10753,36.81134612,25.82720084,36.0151243,20.99410592,21.91733959,25.22178741,20.11479342,23.57707957,18.3662451,27.76052023,34.88098542
10754,1.956969697,3.993625471,1.835554962,5.955169093,5.267483407,2.535537526,3.557444722,4.061343438,5.744303992,0.641098813,0
10755,5.337185015,6.29528727,5.479961973,6.500200956,6.362423808,7.24910372,5.908252621,3.858452193,6.13686012,6.403965979,6.101613994
10756,0.195465977,0.188312238,0.410449883,0,0,0.190314737,0,0,0.19524964,0,0
10760,4.3889535,4.969415414,4.481867392,7.051572688,6.93527521,5.079778823,5.696587928,4.642404762,6.710602095,7.466824772,6.084448045
10761,0,0,0,0,0,0,0,0.196014109,0.189206673,0.429906557,0
10763,2.121116935,1.257476403,1.832223744,0.939868526,1.28880122,1.375712962,1.182154512,2.123330843,1.345017006,0.423924347,0.65379746
10764,0,0.166666667,0,0,0,0,0,0,0,0,0
10769,1.154554232,1.643656801,1.220783421,2.047408443,1.984451449,1.3783443,2.185103632,1.15916721,1.344440491,2.144437144,1.950534947
10770,4.043882265,4.923129027,2.427085227,4.294022986,4.952373744,2.161891276,3.371272755,2.708436234,2.700400487,2.132116624,4.371452671
10772,0,0,0,0,0,0,0.188436758,0,0,0,0
10773,4.838614923,1.769213711,3.859805702,2.415964472,0.935108164,3.318808013,1.778441596,3.67268843,1.326336103,0.209220459,0
10774,2.881623381,3.260859239,3.462396449,2.407005293,1.448353227,2.344611317,3.137881308,2.318334419,2.879449842,1.485666223,3.067348755
10775,0,0,0,0,0,0.38767824,0.410389791,0.390006185,0.189206673,0,0
10776,2.32959231,6.496614168,2.453771778,5.583416488,6.165523738,5.665580216,6.510929918,5.216746403,7.086192803,3.627452706,3.487289857
10779,0,0.166666667,0.204847479,0,0,0,0,0,0,0,0
10782,0.195465977,1.048921485,1.00788766,0.559911957,1.265665194,1.771035769,2.342575763,3.100368823,3.060980404,27.5999954,16.78064025
10783,0.966865994,3.105066535,0.604248857,2.612842851,3.096123513,3.143300588,2.758162781,2.711556396,2.88403968,2.776951326,2.601260089
10784,1.156451524,1.812889211,1.826693409,0.558245186,0.180258207,1.363154909,0.970489819,0.773858673,0.378558767,3.619060646,2.405656042
10786,0,0,0.197656014,0.183790577,0,0,0,0,0,0.654098196,0.220620931
10787,0,0,0.203508386,0,0,0,0,0,0,0,0
10788,0,0.185279653,0,0.189768808,0.366623368,0,0.189187349,0.579300612,0.19524964,0.428821328,0
10790,0,0.169232409,0,0,0.173732258,0,0,0,0,0,0
10791,1.162331971,29.07339254,2.450954216,20.28147164,24.29977967,0.589149794,24.9526415,6.57826468,41.75662373,0.433187841,1.299424029
10793,6.595717478,7.309622334,7.126914093,5.387948394,4.747449342,5.287279987,4.913033686,4.053209788,4.427599821,5.321939113,7.179178818
10794,0.18060092,0.188312238,0,0.557370453,0.365356251,0.76581462,0,0.38631907,1.338126566,0.219600869,0
10796,0,0.179255173,0.598396485,0.563328193,0.370317675,0.588603865,0.411446764,1.738850582,0,0.423924347,0
10797,8.078491039,10.89268985,12.59023603,10.03417384,11.42421001,8.467637412,8.253003722,8.893921514,9.184986106,12.42264825,11.52639694
10798,6.542042764,5.723237034,6.326620961,5.193953544,7.287842549,7.616793061,7.829386643,7.532167466,7.840202768,6.63551269,6.706858865
10801,0,0.195187917,0.203084457,0,0.383247987,0,0,0,0.189807699,0,0
10804,0,1.106430828,0,0.747139261,0.905850641,0.974407642,2.571069852,6.56092623,3.837192525,1.07100537,0
10805,0,0,0,0,0,0,0,0.192981542,0,0,0
10806,0,0,0,0,0.19289111,0.190314737,0,0,0.19524964,0,0
10809,7.900958026,10.08375927,7.534339779,9.280865776,9.524504264,7.067223313,9.611119132,7.739741017,8.580701703,12.15774567,13.3447021
10811,3.706066368,1.636666622,5.291913479,1.122001056,1.661670307,1.572988091,2.741913604,4.83315427,4.038071447,7.073017157,3.709959229
10812,0.190197488,0.169232409,0,0,0,0,0.188436758,0,0,0,0.211526017
10814,0.370798408,0.709024125,0,0.185548766,0.707420469,0,0.204666409,0,0.189081134,0.211646862,0
10816,1.728543055,1.441977562,1.017800856,0.931385617,1.279862623,0.979509243,0.988639661,2.123959584,1.149190851,0,0
10818,3.267993736,2.114242556,2.860123354,0.554389505,1.627046908,0.979802949,0.780996087,0.966185667,0.770962151,4.257358378,3.269394082
10819,0,0.364534827,0,0.185548766,0,0,0,0,0,0,0
10821,0,0,0,0,0,0.195962267,0,0,0,0,0
10822,17.75977919,8.352210815,18.92142862,16.74458025,12.99211039,14.31023749,6.152532154,13.31678815,6.495348592,12.41207526,16.57438532
10823,0.570920916,1.053698264,0,1.11008142,0.173732258,0.380629474,0.57380974,0,0,0,0
10824,0,0,0,0,0,0,0,0.769788798,0,0,0
10825,0.201691347,1.458262648,1.024364609,0.931348792,0.553127294,0.3938717,0.794261592,0.193992076,1.149520918,0.418440918,0
10826,5.765427558,7.869811921,4.896566865,9.669262429,9.488898774,4.302784555,4.749000972,6.188334622,6.534579906,3.850383099,4.142364206
10827,0,0.166666667,0,0,0,0,0,0,0,0,0
10828,0.18060092,0,0.408253974,0,0,0,0,0,0,0.219600869,0.217934388
10829,0.190197488,0,0,0,0.173732258,0,0,0,0,0,0
10830,0,0.195187917,0,0,0,0,0,0,0,0,0
10831,0,0.188312238,0,0,0,0.38767824,0.195435043,0,0,0,0
10832,1.148982452,1.997358355,0.409593067,2.232222486,2.007850527,0.396887892,1.586602992,0.968862249,0.958991284,0.841734641,1.300067835
10833,5.413465695,7.611365363,3.882010352,9.669752309,10.574742,4.899055817,6.883939668,5.801318887,10.54236194,7.019935432,7.628188185
10834,0,0,0.204847479,0,0,0,0,0,0,0,0
10835,0,0,0,0,0,0,0,0,0,0,0.220620931
10836,0,0.364420326,0,0.370598928,0.545334228,0,0,0.192981542,0,0,0
10837,2.890284914,3.713258159,3.250985217,6.326551336,5.12710743,3.901902592,4.538373725,4.432337854,4.021294648,1.073025407,1.284531641
10838,0.574292114,0,0.407016773,0,0.177426564,0,0,0,0,0,0
10839,0,0.166666667,0,0,0.549028534,0.389675276,0.992680307,1.157145176,0.959838758,0.431247731,0.432146948
10840,0,0.562755329,0,0.927165575,1.273336674,1.162179414,0.984199531,0.968008166,0.573537448,0.211646862,0.432790753
10841,36.32053587,38.18214405,31.52442678,35.92279401,39.12025254,37.76430762,39.80163273,27.42395512,32.36476018,67.04745123,72.39010025
10842,0,0,0,0,0,0,0.188436758,0,0,0,0
10845,7.408996945,0.867100569,7.522254648,0.74842118,0.540355626,5.283606661,0.378374698,3.671563563,0.189081134,2.566389693,1.742086953
10846,2.696924587,1.991208335,2.637348985,5.213053679,3.849796219,3.519871882,1.576601508,4.445368687,2.290949345,0.852745675,0.446026181
10848,0.771958674,0.748034982,1.220783421,1.116478605,1.09591011,1.174787337,1.182154512,0.965175134,1.148919892,1.282652232,1.307247758
10849,0,0,0,0,0.173732258,0,0,0,0,0,0
10850,0.969647079,0.166666667,0.810757468,0,0,0,0,0,0,0,0
10851,1.894278917,1.41599004,1.220783421,1.296085965,1.089242694,1.378255927,0.195435043,0.772193592,0.770482035,0.211646862,0
10853,1.707452627,0.90180149,0.603824928,1.302027371,0.552140407,1.182293659,0.205723382,0.969061784,0.573808407,1.05868485,0.211140241
10857,0,0,0,0,0,0,0.205723382,0,0,0,0
10858,5.512139007,3.936500483,4.289509402,4.652059096,4.543175267,2.720116359,4.128003461,4.447845734,4.601843445,3.422509068,4.589844359
10859,5.784929361,5.090646892,6.117783172,8.378174054,7.684444638,7.025726217,6.905646894,8.701924698,6.900685383,4.910559544,5.658021344
10861,0,0,0,0,0,0,0,0,0,0,0.221650513
10862,1.52970588,0,2.236295433,0,0,0,0,0.38631907,0,0,0
10866,9.068669889,10.31812116,8.942135068,8.349388742,8.206903733,11.16983053,10.06350514,11.02148986,11.11511372,10.92047507,11.77807948
10867,3.633358951,5.291277782,3.464461938,5.95009481,6.37972066,3.71374874,3.347142548,4.063748232,4.015126143,4.058893008,2.397870926
10869,0.741596815,1.43242164,0.408355866,0.185548766,0.896773281,0.190314737,0.393103167,0,0.189206673,0.211646862,0.220620931
10870,0,0,0,0,0,0,0,0.38281518,0.39049928,0,0
10873,0,0.179255173,0,0,0.366623368,0,0.205723382,0,0.189477632,0,0
10875,3.277568459,5.200737901,3.882010352,4.100410264,4.218140121,3.697872401,4.532145558,3.674641609,4.588087076,4.06644065,5.026978615
10876,0.965622292,0.166666667,0.406168914,0.183790577,0,0.976331976,0,0.383286503,0,0,0
10877,1.34287959,3.436655674,1.614756356,3.90180291,5.635266848,4.130748103,4.914534868,4.43844947,5.360594124,4.277408648,4.141511708
10878,10.16212734,9.569162274,9.968637236,11.36635801,11.13538956,9.987659438,10.41222816,12.36404891,13.03531409,10.70410725,8.060424266
10881,0,0,0,0,0.173732258,0,0,0,0,0,0
10883,2.660665811,2.174743794,2.440227749,1.670084795,0.545334228,2.353518875,1.599542587,2.323415795,1.155334846,1.282652232,0.217934388
10885,0.579958827,1.580008477,0.605486059,2.426988884,0.74320394,2.342999135,1.782018508,0.585392521,0.574264012,0,0
10886,4.224483185,3.224713465,4.065277686,3.169537742,2.185574501,2.749810968,2.576724308,3.481633292,3.062303364,2.340482202,1.7549309
10890,1.152050358,0.502565742,1.019369051,0,0.360236183,0,0.189187349,0,0,0,0
10891,0.577758244,0.531086993,0.4011644,0,0,0.783546976,0.188436758,0.190304961,0.189807699,0.220910356,0
10894,0,0,0,0,0,0,0,0.196014109,0,0,0
10898,2.318730194,1.598237108,1.830228411,1.481099302,1.638692925,0.79966715,1.585546019,0.779384596,1.147345854,1.935440942,1.743077921
10899,0.587986556,1.070878708,0,0.741616809,0.179977976,0.586183472,0.394140614,0.968862249,0.391346753,0,0
10900,0.593580182,0.706458382,0.411788976,0.741616809,0.56449308,0.976877905,0.985662496,1.15916721,1.344169532,0,0
10901,0.190197488,0.185279653,0,0,0,0,0,0,0,0,0
10902,2.705659206,0.357544647,1.831366929,0.55360619,0,1.159002146,0,0.388995652,0,0,0
10904,0,0.6869524,0.197656014,1.306666366,1.09619034,0,0,0.192981542,0.384330774,0,0
10905,0,0,0,0.187227304,0,0,0,0.196014109,0,0,0
10906,9.214761091,10.11411385,7.728775423,8.545554734,9.301846837,9.209858425,11.38240425,5.978950004,9.177807297,9.604387046,11.12301083
10907,0,0.348487582,0,1.299485867,1.438254557,0.390221205,0.376873516,0.383669263,0.378558767,0.209220459,0
10912,2.462977405,5.545267889,2.044262689,5.971308771,5.687906204,4.72293692,5.105758893,4.837469159,6.716374103,14.77616152,8.267996275
10913,0,0,0,0,0.177426564,0,0,0,0,0,0
10915,1.745864061,2.667089621,2.444901269,4.257538079,4.563053225,2.339437014,1.774426985,3.092480222,2.69450757,0.854055161,1.746832659
10916,0.19766656,0.333333333,0,0.185548766,0,0.190314737,0,0,0.189477632,0.208996201,0
10917,0.201691347,0,0.4011644,0.185548766,0.191623994,0.391240361,0.582290516,0,0.196097113,0,0
10919,0,0.185279653,0,0,0,0,0,0,0,0.649507427,0
10923,3.860867028,4.273376299,2.642757857,2.594141179,3.106609457,3.126546111,3.943894204,3.09349269,4.392997572,2.567955125,3.668981761
10924,0.201691347,0,0,0,0,0,0,0,0,0,0
10925,0,0,0,0,0,0.199906468,0.384622391,0.575796722,0.568492005,0.209220459,0
10926,0,0,0,0,0.173732258,0,0,0,0,0,0
10927,2.692921645,4.357807955,2.441244804,3.352416762,3.250801326,3.536496708,4.500417321,3.867917348,4.987752887,4.293547012,4.102835006
10929,0,0.518612987,0,0,0,0,0.195435043,0.573591463,2.31089873,0,0
10931,0,0,0.611338431,0,0.191623994,0,0,0,0,0.6424083,0.874071229
10933,0.403382695,3.057040409,0.410449883,0.370598928,0.921897621,1.365102074,3.161841144,0.384297036,0.384456313,3.185193942,1.527868689
10935,0.378826137,0.534234078,0.204745588,0.185548766,0.191623994,0.390221205,0,0,0,0,0
10936,0,0,0.197656014,0,0,0,0,0,0,0,0
10937,16.52457937,15.58084035,17.68711012,18.23918903,18.76388301,18.36954597,17.29734961,20.10032812,19.50821738,14.42057468,20.86338031
10938,0,0,0,0,0.19289111,0,0,0,0,0,0
10939,0.18060092,0,0,0,0,0,0,0,0,0,0
10940,0.746865304,0.917267391,1.209836808,1.29604914,1.446788701,1.95935347,0.983448941,1.354170786,2.10875865,0.864435572,0.653450298
10941,6.541666386,5.601491205,6.098064732,6.872543583,6.223141762,7.625700619,6.869491547,6.956354434,7.481359719,6.403511374,7.607532414
10945,2.687328019,1.78436796,3.865858649,0.930929838,1.26042354,1.170369909,1.566776903,1.935519239,1.527808726,3.179211731,3.047952262
10946,1.337664402,0.35194632,0.819619021,0.750099718,0.564773311,0,0.377624107,0.77284814,0,0.211646862,0
10947,9.403136434,14.7639066,6.097907701,13.02454823,13.28415449,11.174982,11.96394418,11.39937288,11.12893189,5.57512854,6.098069249
10948,0,0,0.203084457,0,0,0,0,0,0,0,0
10949,10.19593017,13.36172076,13.01733625,12.84841627,12.20815885,11.9074217,14.18499357,11.39983177,11.31834309,14.54249259,15.23784169
10950,1.909143975,1.464401628,2.236719362,1.480315987,1.83939428,1.569587046,1.182154512,1.15878445,1.14931639,0.854055161,1.297123263
10951,2.11767265,5.394680644,2.232528121,10.60357168,7.856029936,2.745778393,3.334798842,2.120838454,2.492692927,1.967677864,1.07983268
10953,0.973650021,0.923758714,1.432720475,0.744121488,0.3718822,0.789056262,0.205723382,0.575796722,0.770302018,0.220910356,0
10954,9.166028473,11.21849011,10.773502,12.07631055,13.12993225,10.36086535,12.21212835,9.855723438,11.47976143,14.48235357,15.90536479
10955,4.014764108,2.318602038,2.436138399,2.598054176,2.392521573,2.555624732,1.771749695,1.54914662,0.97190018,2.795254057,2.379609576
10956,7.456937236,6.113612869,7.742731217,4.836148985,4.392593577,6.829359039,5.308675481,6.566767026,5.733511052,4.284700345,4.983556207
10957,1.521024561,1.43844612,1.220783421,1.489254675,1.461266361,1.764621305,2.338541624,5.026675023,5.164292483,0.220910356,0
10960,0.201691347,0.179255173,0,0,0.360236183,0.195962267,0.189187349,0,0.379285331,0,0
10961,2.331161148,2.331190545,2.028308354,2.976332207,4.03019319,0.964269981,1.948708985,0.770171558,1.527658676,0.212277485,1.102515888
10962,3.505167199,2.850000683,2.032397704,3.155404138,2.721689901,2.355718264,3.370985899,3.476873855,3.048727011,0.420643063,0
10963,8.838599262,10.10450746,10.17653459,8.742350739,9.666885799,8.777669671,10.24180909,11.19359505,12.63668287,8.970611617,8.484620865
10964,12.02975366,11.61205372,13.8163021,12.28811761,11.35753076,16.64416522,15.94787619,15.82116519,16.48426326,13.8864347,13.73172536
10966,0,0,0.206941496,0,0,0,0,0,0,0,0
10968,1.14867916,0.364420326,1.417202233,1.306247412,1.09591011,1.375712962,0.592559329,0.772664914,0,0.630494145,1.306861982
10969,2.901125184,0.899080557,0.613101454,1.116478605,0.180258207,0.5866567,0,0.577661338,0,0.440511225,1.521041632
10972,0.386295209,0.38046757,0.615195471,1.303705909,0.732118384,0.983999373,0.987776443,0.965802907,0,0,0
10973,0,0,0,0,0,0.398835057,0,0,0,0,0
10975,0,0.357544647,0,0,0,0,0.394140614,0,0,0,0
10977,0,0,0,0,0,0,0.195435043,0.196014109,0,0,0
10978,13.22050913,13.307244,7.312893889,11.33231143,10.90811606,11.40304359,13.22853673,11.01558824,12.05901852,10.06530299,11.11617807
10981,3.076132477,1.969999956,2.640985878,4.274886026,1.812688169,2.743358001,1.964207572,3.283937792,1.338727591,1.27051382,1.069708185
10982,5.59086752,7.824075027,8.540656036,10.05168685,8.019819533,8.013678179,7.465360458,11.97226667,9.938691342,10.50243443,9.780495131
10983,2.312271303,2.501201449,2.03507589,1.854679178,2.168686829,1.566711872,1.586583465,1.546140827,1.717015399,1.282652232,1.307247758
10984,2.506982465,4.125466769,5.275114493,4.28771722,5.668623129,3.145297624,5.107012272,2.898645565,4.008361242,7.485838053,7.83400586
10989,27.0837158,25.22487851,27.85294232,28.82923762,26.79633599,26.22806334,21.28983316,24.92786891,23.16729896,23.94026362,22.86414209
10991,4.03397703,0,4.05713647,0.366378886,0.19289111,0.380083545,0,0.190304961,0,4.682143696,4.34710178
10993,14.43094827,11.11039663,15.42658012,13.02151412,13.15704281,11.90213619,7.872572821,10.43910923,4.785883766,4.9053803,3.672030765
10994,0,0,0,0,0,0,0.195435043,0,0,0,0
10995,0,0,0,0,0,0.199906468,0,0,0,0,0
10998,0.592011344,0,1.218265475,0,0,0.38767824,0,0.579683372,0,0,0
10999,9.623367327,9.386124565,8.949305669,7.817891735,8.406320793,9.782284962,7.824966877,10.42762305,9.7783474,7.27966853,7.166329167
11000,0,0,0,0,0,0.189768808,0,0,0,0,0
11002,0,0,0,0,0.19289111,0,0,0,0,0,0
11004,1.543358691,5.336630484,2.230870198,8.926365545,9.897129701,4.877238242,5.494173291,6.35974315,6.509430398,1.503156222,3.495393802
11009,0,0,0,0,0,0.785112061,0.583347489,0.577278578,0,0.220910356,0
11010,5.589410083,4.145721595,5.905729522,3.722667663,4.546006909,4.8839548,2.589838968,1.927856912,1.723100286,4.036405873,5.020190172
11011,9.220130807,7.759378353,9.350633518,7.619623684,7.819400979,10.17484678,8.438887996,6.183549378,6.325031979,10.47502065,10.01482522
11012,0,0,0,0,0,0,0,0,0,0.430130815,0.438555319
11019,0,0,0,0,0,0,0,0,0.384456313,0,0
11020,0,0,0,0,0,0,0,0,0,0,0.651110918
11021,51.70946305,48.62606419,46.78100619,46.88399157,44.21413639,40.13385114,47.24518916,36.89084932,40.75041003,49.57233974,56.38416518
11022,4.066636464,2.537335076,3.458417947,5.025966384,5.62289693,5.888297811,6.688327746,5.230891638,6.305769931,2.562651777,2.85847637
11023,1.93149995,3.788322356,0.809096337,1.302375398,1.457291824,5.677883271,4.681562431,4.642561212,2.308452708,2.785311699,2.176534667
11024,0,0.169232409,0,0,0,0,0,0,0,0,0
11025,0.370798408,0.917267391,0,0.376540333,0.725592435,0.199906468,0.195435043,0.190304961,0.764463579,0,0.221650513
11026,0,0,0,0,0,0,0.195435043,0,0.189081134,0,0
11028,0.399357907,0.166666667,0.411788976,0.37277607,0,0,0.59957714,0.388995652,0.189206673,0.208996201,1.096107517
11029,3.292615795,4.214104902,3.459794835,3.159678772,0.52489108,5.451084666,4.535296951,6.180788599,3.066380424,1.493588543,1.297767069
11030,0,0,0,0,0,0.395818865,0,0,0,0,0
11034,1.146781869,0,1.628613466,0.941626715,0.173732258,1.566662002,0.593616302,1.543847006,0.757243072,3.19579861,3.488566745
11035,0,0.195187917,0,0,0,0,0.189187349,0,0,0,0
11036,6.179293931,9.83561644,4.273236237,8.555310838,9.155951135,9.976585381,12.27918042,7.334183905,8.981602055,7.480530642,8.049473122
11039,24.5804787,28.11489755,26.68011381,28.09104305,27.93403923,28.56350208,29.42137212,20.27876317,17.83969329,31.84215194,31.81642262
11040,0.566896129,0.364420326,0.408355866,2.039751674,1.084544323,0.189768808,0.583347489,0.386973618,0.568161938,0,0
11041,0,0,0,0,0,0,0,0.19251022,1.166903372,0.212277485,0
11042,0,0,0.203508386,0,0,0,0,0.190304961,0,0,0
11043,0.564695546,1.436731576,0.204745588,0.553933726,0.527722723,0.397815901,1.582542819,1.93529293,2.493606832,0,0
11044,5.546292133,3.162198341,3.243573605,4.088092165,3.478070027,2.929637389,1.558721646,5.409735217,3.459944161,1.073656031,0.443301025
11047,0.754893034,0.559722744,0.822238859,0.740742077,0.353710234,0.195962267,0,0.193364302,0.763862554,0,0
11049,0,0,0.197656014,0,0,0,0,0,0,0,0
11050,1.539914406,0.166666667,1.839211426,0,0,0.395868736,0.994774727,2.319816275,0.952822779,0,0.438555319
11051,0.954782022,4.489502739,0.206941496,4.806217729,7.090270246,0.977805913,1.371341861,0.773947236,1.346073637,1.302520394,0.43317653
11052,5.000252912,6.822138137,4.267124941,7.820294428,6.367935879,6.863895742,7.526544797,8.704713255,8.982804105,5.134814558,4.975490876
11055,1.495931192,0.515154249,2.227535772,1.491796179,0,1.780489255,0.970489819,4.06107165,1.710642366,0.433187841,0.217934388
11057,0,0,0,0,0,0,0,0,1.148919892,0,0
11061,0,0,0,0.189768808,0,0,0,0.19251022,0,0,0
11064,21.46228009,24.50746351,19.11730204,29.39989504,30.6914094,24.66600268,28.66318529,25.31510721,27.54998454,21.33165117,27.56855964
11069,0.585785974,0.552847065,0.400740471,0,0,0.38767824,0,0.771339509,0.19524964,0.430130815,0
11074,0,1.814603754,0,2.051708135,2.729202736,0,0,0,0.384727272,0,0.65613684
11075,5.149746767,0.917267391,6.303899447,0.18083012,0,0,0,0,0,0,0
11079,0.201691347,0.69786816,0.40459751,0.37277607,0.904286116,0.397815901,0.393103167,0.965175134,0.763862554,1.074062396,0.653836074
11080,0.397157325,0,0,0.183790577,0,0,0,0,0,0,0
11082,1.529307656,2.548450186,0.613958269,1.485838439,2.91072806,1.382288501,2.133124624,2.123330843,2.683293621,1.083405818,0.64021487
11085,5.968544887,5.173505041,5.497104118,3.734495881,3.111570881,1.954886171,3.13905091,1.161817017,0.76552021,2.988143582,3.701122344
11086,1.554262438,0.731987738,1.82626948,1.857163366,0.722760792,4.306931109,2.93112048,6.750980077,4.423375234,2.13342611,7.215768465
11087,0,0.166666667,0,0,0,0,0,0,0,0.642184042,0.220620931
11089,0.190197488,0,0,0,0,0.200925625,0.394910731,0.384297036,0.19524964,0,0.211140241
11090,0.377257298,0.195187917,0.613101454,1.126719703,0.756397304,0.5866567,0,1.160989709,0.768787088,0,0
11091,17.67674647,12.7200802,18.29988954,12.09115654,11.29478083,16.059048,15.6696809,17.38776022,14.3676632,18.3717921,18.04318414
11092,4.483618668,2.862858881,4.273456383,1.675586756,2.537858973,2.537346447,1.377589554,1.351677429,0.959112193,2.557574714,2.600616283
11093,0,2.027271457,0.197656014,0,0,0.588130637,8.102719774,7.328893496,8.235934831,4.697165143,4.558660707
11094,1.351917501,4.315294201,0.605486059,4.456627703,5.489205614,2.134639891,7.722003223,5.792305383,7.447131927,1.059315474,3.26192322
11096,0,0.169232409,0.203084457,0,0,0,0.205723382,0,0,0,0.211526017
11097,0.18060092,0,0,0,0,0,0,0,0,0,0
11104,2.875398011,2.548221186,2.241918703,3.907262045,3.284036022,1.952939006,1.961687634,2.511855172,2.864361253,1.713899963,1.086588214
11105,4.224104747,5.040844558,3.469509995,2.610859113,2.923658372,3.544725706,4.353127414,2.703102778,4.412432244,7.659990849,6.317880013
11106,0,0.361854584,0,0.373103606,0.177426564,0,0,0.383286503,0.574781419,0,0
11109,0,0,0.197656014,0,0,0,0,0.19251022,0,0,0
11110,3.791370375,7.920403789,3.260050553,6.522304375,7.493944202,5.113558651,8.072203211,6.178310585,8.227839818,11.3253966,11.54318783
11111,0,0.169232409,0,0,0,0,0,0,0,0,0
11112,0.382292267,1.592212628,0.410449883,0,0,0.195962267,1.191672734,0,0.568366466,0.861378546,1.307247758
11114,0.761351924,3.597225157,2.429048825,5.401910929,6.053944502,2.750952696,5.532861596,4.449013685,5.347810767,1.494299094,1.307247758
11116,1.141188243,1.646689387,1.629339862,1.295630187,1.097177226,1.186326234,1.391148423,1.352531512,1.148919892,1.07015049,0.211140241
11117,2.293238601,2.85656471,2.85168573,5.209268926,5.436695208,2.141909661,4.298441221,2.319344952,1.913964616,2.77583441,3.281786434
11118,1.926841359,1.609111071,0.61010123,1.316408859,1.636545966,2.722063524,1.563799738,1.934665156,0.378558767,0.428597071,0.881894958
11123,13.62216458,6.532759777,15.2669812,4.459040964,3.112450723,10.16413615,7.269442153,11.40208347,6.898840386,8.790571055,17.2045086
11124,10.2576524,20.60791711,11.59581293,18.63406852,22.43190067,24.64799383,25.24430256,26.85311203,23.5392881,20.55039784,13.07375447
11127,6.362707391,5.024829328,4.075710643,3.72253942,3.830513144,4.70309355,4.506378159,4.250166543,4.216665197,4.266397614,4.75656552
11128,0,0.524211314,0.204745588,2.049166632,2.20089758,0,0.195435043,0,0.57465588,0,0
11129,50.03929231,47.37788616,46.96433187,37.75763661,36.80823924,43.78636778,48.14405076,41.53168677,40.1971515,59.32447407,57.02945278
11130,0.754893034,1.043675499,0.204745588,1.670412331,2.396637577,1.16982398,1.56052921,0.57882929,0.568221046,0,0.217934388
11132,0,0,0,0,0,0,0.189187349,0,0,0,0
11134,1.161088269,0.902113142,0.607249081,1.866997277,1.282414035,0.390694432,0.998928001,0.775880707,0.964884201,1.291915726,0.644316771
11137,4.625968588,0,5.487806471,0,0,0,0,0,0,0,0
11138,4.633712812,2.877077081,4.478727792,1.86411647,2.000476456,3.150260981,4.098082787,3.285802408,4.229303134,4.702011858,2.188113134
11139,0.37826748,0.72638941,0,1.673828567,0.915932133,2.13851139,1.365094167,2.315301852,2.670355585,0,0
11140,0,0,0,0,0,0,0.205723382,0,0,0,0
11141,11.38208367,9.210171668,10.57692294,7.798008286,8.375374523,11.36757888,10.9690373,9.6656798,11.49461635,10.26121786,7.842495582
11142,15.35211604,14.59993232,16.69062282,11.36680203,10.05581911,19.32760682,18.82257368,16.61761544,20.66148335,16.60605955,13.72777135
11143,0,0,0.812953376,0,0,0.380083545,0.377624107,0,0.189477632,0.851404501,0.431761171
11145,7.876874839,7.413329866,10.98634837,7.61918424,7.512116168,9.987448492,7.869615183,8.890993819,9.185653562,11.54081306,10.26110684
11146,1.344448429,1.801266403,2.031540889,1.675934783,1.442107508,0.774501174,0.377624107,0.386345844,0.574781419,0,0
11147,3.499340052,0,2.433138175,0.559108151,0.720333603,2.748409732,0.204666409,1.543847006,0,0,0
11148,1.915981303,1.573132799,2.027884424,2.622200493,1.832868331,2.153612407,3.131746243,2.321011001,3.060854865,0.853830904,0.211140241
11149,0,0,0,0,0,0,0,0.196014109,0,0,0
11150,0,0,0,0,0,0,0,0.383669263,0,0,0
11151,0.386295209,0.166666667,0.204847479,0.18083012,0.357404541,0.975426798,1.369534297,0.192981542,0.95944226,0.421497944,0.211526017
11152,0,1.6138582,0,1.112258563,1.083277206,0.585637543,0.794242065,0.57882929,0.953670252,0.208996201,0.211526017
11154,0,0.710342166,0,0.927165575,1.627327139,0.974880869,1.559778619,0.965802907,1.724302337,0.208996201,0
11155,3.996076328,2.846541946,3.658069294,4.850894835,2.379749906,1.555416811,0.767743602,2.900694373,1.722703788,0.430130815,0
11156,0,0.335899076,0,0,0,0,0,0,0,0,0
11157,0.195465977,0,0,0,0,0,0,0,0,0,0
11159,2.670028858,2.867835175,3.046663558,2.038469755,1.459840599,0.994610261,0.58853821,1.156334177,1.345618031,0.423924347,0.435901686
11160,0.585785974,5.465760631,0.614771541,3.166052423,4.557092466,2.93198508,6.271606323,9.083101571,7.469502824,2.755966248,3.686577119
11161,0.201691347,0,0,1.298510993,0.369050558,0,0,0.193364302,0.189206673,0.431878354,0.224375669
11163,0.391888835,0.185279653,0,0,0,0,0.572308559,0.196014109,0.391346753,0,0
11164,0.385663465,0,0.203508386,0,0,0.197909432,0,0,0,0.211646862,0
11165,0.574292114,0.185279653,0.816618797,0.18083012,0.180258207,0.190314737,0.778476149,0.775497947,1.148794353,1.693545508,0.865362092
11167,3.853072819,9.08389372,3.246704248,6.152096065,6.18454119,6.855645318,7.095153645,9.279107646,10.13929198,24.00021007,18.93455408
11169,0.18060092,0,0,0,0,0,0.188436758,0,0,0,0
11170,0.594823884,0.902964341,0.411788976,0.935320949,0.910531835,1.38283443,1.164887415,1.154626012,0.946779813,0,0
11171,8.095631826,8.089677995,5.09007518,16.21387528,12.35805106,10.56302385,9.425794713,13.5356829,7.2790941,14.17431071,13.954714
11172,4.010382729,0.923758714,4.672424875,1.866578323,1.273336674,1.755796507,0,0.775497947,0,1.282652232,0
11173,3.99732003,8.644031412,3.665158869,12.49814439,14.02001878,3.703519932,4.544795647,4.63486601,6.127511704,1.931753293,4.773226133
11175,5.745925755,5.615439549,4.276366881,6.323981731,5.429867056,4.90147621,5.866700616,5.212875095,7.07006358,5.786272556,6.117327272
11176,2.485004928,3.074915591,3.054244366,3.343933852,3.467708305,2.147175113,2.732395382,2.313819029,2.114530658,1.282652232,2.839185439
11177,0,0.169232409,0,0,0.549308765,0,0,0.196014109,0,0.211646862,0.422666258
11178,68.00618404,59.69440853,67.35740093,60.43600809,61.55830157,64.96881137,66.1382605,56.60206572,57.21418872,57.7354551,57.99888327
11182,0.985143881,0,0,0.369339344,0,0,0,0,0,0,0
11183,7.138574075,10.09518938,8.338975337,8.931908487,10.62085061,16.22661993,13.97225057,15.85077165,15.71827549,17.06033465,15.95075022
11185,1.352476158,2.394724369,2.640460057,2.606537085,2.930045557,2.737252915,2.967156692,2.699939531,2.498531366,2.136707393,2.839900767
11186,1.737580966,0,1.423867878,0,0,0,0,0.389378412,0,0,0
11188,6.948376587,9.011255322,8.338975337,8.931908487,10.07523615,16.02569431,13.57733984,15.46489713,15.33321815,16.84805717,15.07296287
11189,0.985143881,0,0,0.369339344,0,0,0,0,0,0,0
11192,1.154250941,0.910391712,1.418439435,0.936104263,0.936375281,0.973861713,0.97643113,0.775497947,0.568492005,1.07100537,0.647041927
11193,0.190197488,1.834534782,0,2.045729905,2.018087961,0.400832093,1.759541163,1.929338768,2.86620625,0,0
11194,0,0,0,0,0,0,0,0,0.573808407,0,0
11195,0,0.348487582,0,0,0,0,0,0,0,0,0.224375669
11196,0,0.354978905,0,0,0,0,0,0,0,0,0
11197,0.190197488,0.354512062,0.197656014,0.189768808,0.353990465,0.189768808,0.188436758,0.193364302,0,2.13602853,3.037547551
11200,0.399357907,2.007692772,0.409593067,1.844517731,2.922374077,5.277574277,4.931801965,4.443530845,4.224011243,5.798337132,4.776556481
11201,0.570920916,0.710342166,0,1.116934383,0.900591809,0.787059226,0.787994371,0.38281518,0.378287808,1.491872691,0.43551591
11202,1.34726097,0.697753659,1.227550957,1.684545935,1.090651277,1.18340119,0.97643113,1.162383002,1.539214645,0.850095015,1.081842508
11203,9.796468976,11.40427729,8.128879225,8.92969452,11.31694451,9.573398439,13.36164933,9.658010369,9.380260256,9.401637118,11.14540812
11204,0.19766656,0.195187917,0.411788976,1.10410319,0.933823869,1.370749605,0.778782532,1.544031198,0.575382445,0,3.499077017
11205,5.17361828,5.362627788,5.287298308,4.836057567,4.575264432,5.103158709,4.156615871,4.638308112,4.980611369,5.763123111,6.314163889
11206,19.79893375,18.86486272,26.46260288,19.33617208,18.10163803,22.3194356,19.4467104,19.69046637,20.66369279,20.33141948,13.92736802
11207,0.583330025,0.364420326,1.015503055,0,0.531136799,0.983071364,0.771764721,2.127846233,2.103316709,0,0
11208,0.579958827,0,0.203508386,0,0.180258207,0,0,0.769788798,0.196097113,0.429906557,0.43317653
11209,1.981548101,2.934406039,1.220783421,1.479093228,1.097474635,3.135118686,4.348493529,2.320984226,4.406076398,2.343956055,1.726874607
11211,0.190197488,0,0,0,0,0,0.188436758,0,0.19524964,0,0
11212,0,0.709024125,0,0,0.74348417,0,0,0,0.385178248,0,0.211526017
11213,0.399357907,0.712523553,0,0.556566648,1.256729233,0.3938717,0.576329678,0,0.574985947,0,0
11214,0.384094626,0.188312238,0.408253974,0.183790577,0,0,0.205723382,0,0,0,0
11216,0,0.188312238,0,0,0,0,0,0,0,0,0
11217,1.36521372,0,3.855243031,0.739482493,1.09591011,1.174787337,0.993717754,0.966212442,0.953670252,2.564898099,2.610740779
11220,0,0.179255173,0,0,0,0,0,0,0,0,0
11223,6.133369734,7.392464988,5.512810769,9.841991768,8.976779427,4.294666761,4.908287174,5.021437197,6.519946923,2.975791374,1.970178746
11224,6.167619852,4.074873794,4.074139239,2.623154877,1.650338943,2.154085635,1.785289036,2.894062286,1.906217443,2.555634604,1.746832659
11225,1.332651278,0.917267391,2.03916524,1.30920787,1.275888086,1.178731538,0.384622391,0.581348453,0.189081134,0.853152041,0.442310057
11226,5.574778546,5.443996104,6.493478652,5.754343615,5.273853347,5.484472357,5.885887905,6.384915684,6.110712262,5.995717273,4.997177412
11228,0.775424804,1.062288486,1.4256309,2.231654799,2.379749906,1.75477735,0.599863996,0.96665699,0.76301508,0,0.65613684
11229,0,0,0,0.189313029,0,0,0,0,0.189081134,0,0
11231,0.382292267,0.713489252,0.402401602,1.479013577,2.193087336,0.587202629,1.36432405,0.577661338,1.148193328,0,0
11232,1.534645917,0.901646299,0.409593067,0.743702534,1.102436059,1.752780314,2.560494657,0.968679024,1.528205224,0,0.422666258
11234,0,0,0,0,0,0.200925625,0.205723382,0,0,0,0
11235,0,0,0,0,0,0,0.188436758,0,0,0.209220459,0.65379746
11236,0.18060092,0.188312238,0.204847479,0,0,0,0,0,0,0,0
11237,2.093514316,5.812726366,2.83687887,3.908543965,4.596553065,4.705090585,6.870203921,5.403807829,6.520067832,4.724388377,3.940110186
11239,0,0.188312238,0,0,0,0,0,0,0,0,0
11240,0,0,0,0.371017881,0,0.790507369,0.591808738,1.735591705,0.196097113,9.429585428,7.180594176
11242,2.685686093,3.183095069,1.824277355,2.060646823,2.000196226,2.363201755,2.931426862,2.704837682,2.481875476,1.916021295,1.515443428
11243,9.408383078,8.7030429,9.366674372,7.441314577,8.575535297,9.963187694,9.429680658,7.344564894,9.382866415,10.27051304,8.509522766
11244,2.695355748,2.484801862,2.44719586,2.962127677,1.623491366,1.58575709,0.974217574,3.683383324,3.245671598,1.270738078,0.650081336
11245,0,0,0,0,0.19289111,0,0,0.38281518,0,0,0
11246,0,0.37444309,0,0.185548766,0.180258207,0,0.198705571,0,0.763862554,0,0
11247,0,0,0,0,0,0,0,0.193364302,0,6.412033629,5.879716175
11248,12.63939357,5.448321536,12.81389284,9.683643918,8.37993413,13.31217491,6.306376137,3.473859992,0.763616105,8.753064499,4.565674269
11249,0.393132537,0.383500156,0.818279928,3.168149915,1.640098806,0.976877905,0.595536494,0,0.385303787,0.639127016,0.868692439
11250,0,0,0.206941496,0,0,0.190314737,0.204666409,0,0.19524964,0,0
11252,0.201691347,0.512588507,0,0.185548766,0.180258207,0,0,0.192981542,0.189081134,0,0
11253,1.169115998,2.891265631,1.625380931,0,0.19289111,0.583640508,3.542906151,2.123488261,3.447114254,6.206917647,0
11255,1.511427993,2.359597295,1.231730034,2.054668593,2.380892801,2.151665242,2.579244245,1.748246846,1.912782446,1.279777314,1.756346258
11256,0.961852871,0.502565742,1.023229299,0.56676492,0.726859552,0,0,0,0,0,0
11257,2.671831217,0,1.822613016,0,0,0,0,0,0,0,0.211140241
11258,0,1.112455308,0,1.122875789,1.09591011,0,2.175891792,0.390006185,1.906889529,0,0
11260,1.929675745,8.714411264,3.053007165,9.494792668,9.51301905,3.117588683,12.57906463,5.797789226,10.32722741,6.622887985,6.323683193
11261,3.275693013,8.361925397,4.282321145,7.642675485,7.634724631,3.513457419,6.338142591,4.441753825,5.720652004,3.625705167,3.043570146
11263,8.399409315,6.607662199,8.167784177,7.246998192,8.014577879,9.180568726,10.80625229,7.917390838,11.47034809,11.5275095,8.479776603
11264,11.53975017,15.64472888,9.958117761,12.11011371,15.74743673,9.529613376,12.1763855,0,0.385057339,0,0.217934388
11265,2.287411454,3.011578919,1.832647673,3.717456413,3.838586441,2.144020676,0.60476786,2.122921308,0.953670252,0,0.211526017
11266,0.39533312,3.641326809,0.204847479,8.735754262,6.767223415,0,1.95468935,0.774487413,1.918825412,0.219600869,0
11268,0.559427057,0,0.407931937,0,0,0.190314737,0,0.193992076,0,0,0
11270,3.050332217,4.106698592,2.028828116,6.125593047,3.416740518,3.69622733,3.112539427,4.050281126,3.795549131,0.629863522,0.666647112
11271,0,0.169232409,0,0,0,0,0,0,0,0,0
11272,0.95815322,1.102547044,1.424291807,0.932688027,1.09591011,0.984472601,0.992967163,1.15916721,0.959838758,1.073431773,0.878173129
11274,14.57844456,12.62875517,16.89239672,11.73285338,12.38414511,15.66283867,13.52749612,15.46619815,13.00046804,15.36687547,15.70527306
11275,0,0,0,0,0,0.599760682,0.394140614,1.357045935,0.76419262,0,0
11281,3.834109888,3.28082228,4.680673731,3.167742728,4.217859891,4.704159803,4.687816632,3.482984468,4.406393907,3.856995933,5.215369829
11286,7.911966316,9.897706682,7.922995119,9.279027936,16.23909318,7.831090768,10.98105858,5.40535854,7.647152702,14.56969624,17.85281093
11287,0.572489755,0.515154249,0.411788976,0.189768808,0.372869087,0.390221205,0.204666409,0.388524329,0.770235587,0,0
11289,5.802036633,5.790197582,4.487923548,5.952117218,5.835687972,6.057129955,5.299006414,5.60600241,5.180551875,5.546612982,6.334875884
11290,24.80895235,10.36160396,27.22864977,13.22602878,9.554750831,13.65450321,4.172094931,14.68514747,3.826892482,5.795751873,0.653411684
11292,0,0.166666667,0,0,0,0,0,0,0,0,0.211140241
11293,6.894745563,4.524007779,6.0905708,3.722120466,3.640453676,5.276646268,5.108356101,5.399266631,4.986178849,4.075966179,4.782931943
11294,0,0,0,0.187227304,0,0,0,0,0,0,0
11295,1.531274719,1.591745785,1.012604723,1.679849623,1.294060052,1.180434868,1.771443312,1.930978041,1.540867671,1.073431773,1.307247758
11296,0.576492697,0.738012218,1.023127407,0.187227304,0,0.397815901,0,0.579683372,0.196097113,0,0
11299,1.319355059,0,0.614873433,0,0,0,0,0.385491762,0,0.421497944,0
11301,0,0,0,0.18083012,0,0,0,0.19251022,0,0,0
11304,0.573733457,0,0.614771541,0.18083012,0,0,0,0,0,0,0
11305,4.254726241,3.20361975,4.466816624,5.217342803,6.537125774,1.736521896,1.579278798,1.151593445,1.154361833,0,0
11306,0,0,0.204745588,0,0,0,0,0,0,0,0
11307,5.396778492,3.239213667,3.857708477,3.891561812,4.906243093,2.94271854,3.120014465,1.349812813,1.906889529,1.923981394,0.429460406
11308,0.952559594,1.263189231,0.408253974,0,0,0.787059226,0.576329678,0.579300612,0.57465588,0,0
11309,2.671831217,2.167753615,1.826795301,3.916540036,4.201676239,2.547484107,2.72462698,2.897007258,1.332354558,4.276960133,4.995559065
11311,0,0.166666667,0,0.183790577,0.173732258,0,0,0,0,0,0
11313,8.449996337,8.625230115,7.703968491,9.318461534,10.95996376,7.655941157,9.050116832,9.273153484,7.455842853,5.522943529,7.836015688
11316,1.347914559,1.062288486,0.808181173,1.666648068,2.351355048,0.200925625,0.983448941,0.582516405,1.718860396,0.440511225,0.221650513
11317,3.820561619,3.85470156,4.079939111,4.273207488,5.26463452,4.897058782,5.720141772,5.212177463,5.56220424,4.287837298,3.273671766
11321,2.469129688,2.938047526,4.076032681,2.975377824,3.287730329,3.128493276,3.953582798,3.676103757,4.015581748,0,0.669372268
11323,0,0,0,0,0,0,0,0,0.580553427,3.622455571,4.997491665
11324,0,0,0,0,0,0,0,0,0,0,0.865323478
11326,0,0.166666667,0,0,0,0,0.195435043,0,0,0,0
11327,6.00487675,4.358347502,6.709913969,4.285867613,4.411596421,5.276287019,4.129040907,4.829179058,4.987873796,5.342480048,5.239501305
11328,18.44917314,16.31426848,19.33550643,16.5657307,16.25128985,12.15706709,11.63851236,11.7826316,10.5386302,19.85621566,17.41358855
11329,0,1.033652735,0,2.220254258,2.176635904,0.189768808,0,0,0,0.209220459,0
11330,5.177020933,7.014989312,4.664286867,8.001317952,7.100490501,7.614411172,8.479441609,8.30730846,8.218646082,3.829704233,2.622352156
11331,73.66038945,63.3634781,65.73157231,58.25089361,62.28528269,48.74141308,48.81128056,39.79595736,39.82053131,67.49778538,63.1003057
11332,4.000530795,3.967742667,5.906362983,4.279898107,4.379524435,5.854730393,3.519658689,4.259022629,4.411439351,2.353251237,2.818550672
11333,1.35437345,0.854512062,0.409593067,0.185548766,0.711395006,0.584186437,1.37059127,2.894487127,1.900474576,0.209220459,0
11334,0.188628649,0.373591892,0.612677524,0,0,0,0,0,0,0.219600869,0
11343,0.762362106,0,1.023127407,0.183790577,0,0.982002337,0,0,0,0,0
11344,0,0,0,0,0,0.197909432,0,0.192981542,0,0,0
11345,10.85089286,17.0103076,11.3761211,19.13633509,20.97843001,16.80571205,17.67447744,18.1553591,21.99769057,11.72499588,12.62875217
11350,0.201691347,0,0,0,0.711395006,0.199906468,0.605824834,0.385874522,0,0,0.221650513
11352,0.585785974,0.195187917,1.220783421,0.562089099,0,1.174787337,0.993717754,0.96665699,0.959112193,1.282652232,0.43317653
11356,0,0,0,0,0,0,0,0,0,0.220910356,0
11358,0,0.169232409,0,0,0,0.390694432,0.387142329,0.190304961,0,0,0
11359,0,0,0,0,0,0,0,0,0,0,0.220620931
11362,20.4830679,39.75621158,20.57395461,30.8561874,31.45513277,28.13344022,34.07026113,34.58790741,34.46293124,67.71964982,51.51221717
11363,5.413518996,4.612027064,3.059762536,4.294906443,4.553799975,4.689011689,3.754687329,6.367543224,3.635318775,1.483918683,0.431761171
11364,0,0,0,0.183790577,0.563506194,0,0,0,0.378888833,0,0
11365,0,0.333333333,0,0,0,0.197909432,0.204666409,0.965802907,0.763616105,0,0
11366,0.378826137,1.314518904,0,2.055167198,2.738421564,1.371768761,1.18467445,1.537127324,1.913905508,0,0
11368,0,0,0,0,0,0,0.204666409,0,0.384456313,0,0
11370,0,0.373591892,0,0,0,0,0.576329678,0,0.378888833,0,0
11371,0.188628649,0,0,0,0,0.195962267,0,0.386973618,0,0,0
11372,0.754893034,0.728955153,1.015935942,1.116478605,0.900187357,1.375712962,0.195435043,1.15916721,0.953152846,1.282652232,1.307247758
11373,0,0,0,0,0.357684771,0.190314737,0.788300754,0.388995652,0.770031059,0,0
11375,0.956584381,0,0.612677524,0,0,0.195962267,0,0,0,0,0
11376,2.908919393,3.943645853,3.045917591,3.720105668,3.139841517,3.90521249,3.560002877,5.225067152,3.64167925,1.90325226,0.211526017
11380,2.486290261,3.747876593,3.267038235,2.603556137,4.341469782,4.116486721,3.159608062,3.678241128,2.878393211,3.402854701,3.492910248
11381,14.25385717,15.97950359,15.45153823,18.04198911,11.9179079,16.66964773,16.12160401,16.42223835,16.09928976,12.16158911,8.932491372
11382,0,0,0,0,0,0,0,0,0.189807699,0,0
11383,3.638877431,2.899855854,5.706609744,2.598033685,2.887750679,5.085376483,3.142034582,5.020583114,4.20400275,4.482635246,5.439068783
11385,1.969400652,1.077058379,2.228772973,0.746335456,0.918483545,0.773955245,2.773641841,2.132256751,4.398981431,4.693154729,6.323370067
11387,0.566264385,0.521178729,0,0,0,0,0.195435043,0.57882929,0.19524964,0,0
11389,15.21642708,14.81543326,13.83940172,15.81840588,12.33465205,11.72926288,14.50073415,12.17360621,13.19029567,16.22336312,16.75365949
11390,0.958784964,0.517719991,1.013850881,1.292205226,1.27247401,0.97882507,0.787994371,0.968862249,0.378558767,0,0.211526017
11391,1.349716918,1.78436796,1.22464046,1.116478605,0.351158822,0.786563168,0.97643113,1.353699463,0.770235587,0,0.211140241
11392,0.573733457,1.273409147,1.015503055,2.415488202,2.193104514,1.37269677,0.598826549,1.156107868,0.966128172,0.208996201,0
11393,1.745375175,4.472449106,2.838772311,6.884855681,5.288774677,3.923105921,4.138172665,6.370055284,4.792628786,1.7229392,2.396599742
11395,17.35521389,23.16497412,13.64566109,24.17208951,24.90358055,15.66771927,18.09964043,17.1903869,18.36806541,20.31272896,22.22596425
11396,0,0.195187917,0,0,0.173732258,0,0,0,0,0,0
11397,1.937703474,1.445788642,1.833884875,1.862358281,1.66068342,2.153612407,1.986684916,1.738651047,1.717411897,0.431878354,0.43317653
11400,48.84339938,41.0450589,51.09098476,37.94310757,36.94697543,38.52495355,44.69757619,36.89338736,39.99205257,50.44422747,54.72507777
11401,0.384094626,1.290859283,1.013841925,1.113460831,1.448353227,0.576045812,0.977488103,1.354709996,0.960439783,0,0
11402,4.779885454,3.817549397,5.073165346,3.905911044,3.84597769,4.715953697,3.748629533,5.209475074,5.944690017,3.407263363,2.169498917
11404,0,5.590180049,0,0.743374998,1.654157471,0,1.979686632,0,2.297839785,0.220910356,0
11405,0,0,0,0,0,0,0,0,0,0,0.211140241
11406,1.336420699,4.333554845,1.62580486,5.215242588,5.64376657,0.783546976,0.970934027,0.385874522,1.926045919,2.979334694,5.01451474
11407,0.195465977,0,0.197656014,0,0.177426564,0,0,0,0,0,0
11408,24.08695445,26.50599356,20.34080279,27.49119312,27.91042727,21.75082194,24.35790397,24.14769786,25.83102774,21.59296525,19.38065749
11409,0.568464967,0,1.219444328,0,0,0.400832093,0.195435043,0.190304961,0,0,0
11411,3.446857798,4.686904056,4.486160526,3.889315587,3.784928412,3.739075792,5.528434486,3.481005518,4.981254315,4.898232934,5.03257682
11412,0.19766656,0.179255173,0.197656014,0,0.19289111,0,0.195435043,0.57662403,0,0,0
11413,0.190197488,0.35194632,0,0,0,0,0,0,0,5.781019476,6.081503474
11414,0,0,0,0,0,0.199906468,0,0,0,0,0.224375669
11418,4.612347233,6.553423282,5.509932008,5.395106558,6.894547493,4.683364158,5.734373961,4.831488222,7.089286401,9.802596471,9.58592637
11420,8.798315698,31.30792517,11.36997522,25.88662487,36.48016046,26.80027893,38.46301486,36.1122869,50.7262281,38.0530982,42.29648066
11421,3.263262058,2.522265678,3.865960541,4.655227447,3.472967137,2.949246982,1.983433915,3.862993391,2.689829484,1.072090599,2.390119848
11424,7.324506961,5.422350532,7.533930866,7.609222086,9.646586144,6.828279954,6.287513921,6.189146588,7.284203281,8.546687271,8.910749795
11425,4.050739379,0.690411138,2.847401554,0.37277607,0,2.338891085,1.15890705,1.55036812,0.378287808,0,1.944770382
11428,0,0,0,0,0,0,0,0,0,0.208996201,0
11430,0.774181102,0.722079474,0,0.935648485,0.729286741,0,0.188436758,0,0.196097113,3.19844927,3.489557713
11435,5.408484027,0,7.749301029,0.187227304,0,5.106720831,0,0.769632347,0,0,0
11436,1.735380383,1.960091692,2.024247531,1.310011675,2.014393655,1.970510287,1.377609081,0.575796722,0.385057339,2.554924054,1.073777176
11437,6.650027882,7.160358294,6.313960717,4.453581829,4.747573564,5.264420424,5.517324792,6.952824773,7.062490967,4.270795814,13.68313285
11438,0,0,0,0,0,0,0,0.193364302,0,0,0
11439,0,0,0,0,0,0,0.198705571,0,0,0,0
11441,1.154250941,2.551368271,1.220783421,2.982182195,2.559447652,2.158240781,2.760682719,1.546140827,2.296842261,2.776272463,3.492668646
11442,4.036230914,4.43587718,3.043619791,2.986912608,1.831584036,4.317503493,3.390002817,6.377724679,4.778592198,3.638960495,4.117733099
11443,4.743951814,10.02813626,4.882276869,11.73069857,11.32616064,6.861154604,8.863448584,9.858380312,8.829572541,1.063457728,0.429074629
11444,2.888460709,4.025792664,2.247767867,3.528587396,2.563702419,5.126785205,5.116530494,6.362016297,4.96686778,1.510885972,0.874071229
11446,6.707594137,11.85487473,7.315838973,15.40864173,16.55063276,11.16870016,12.56863847,10.25539428,10.33408139,8.522858962,6.098360188
11449,8.28081619,4.547523085,5.701895889,5.196925768,5.596668912,2.946369035,3.346700991,2.893886128,2.304459266,2.982890501,3.286907194
11450,8.101427517,8.410454835,9.551228199,6.515457178,7.305734285,5.678585891,9.444427817,6.578437404,9.007072369,9.655172182,15.66736792
11451,0,0,0,0,0,0,0.204666409,0,0,0,0
11453,17.6546677,17.95750359,17.93343885,19.54682155,17.37291432,16.08886234,14.33382841,17.94921705,16.64102093,17.55211324,17.44420477
11454,0.201691347,0.335899076,0.616534564,0.368057424,0.347464516,0,0,0.190304961,0.196097113,0.41821666,0
11455,11.0128008,7.942984153,8.141943827,7.047432298,4.728692306,9.02372444,7.323457837,10.03142105,9.590502913,9.605505989,6.557120865
11456,0.581129442,1.460942891,0.603824928,2.233455814,2.385995625,0,0.592865711,0.573591463,0.189477632,0,0
11458,8.849514678,8.26333484,8.74664835,5.586995193,6.21241001,8.816320243,7.463339612,6.955604256,8.213152357,6.427459415,9.759337418
11459,7.284905126,7.251410328,10.98780571,7.262602439,7.310574123,10.1784089,9.252315376,9.265312296,11.48212384,8.54384404,7.18900667
11460,1.154250941,1.596522564,1.423867878,3.156686058,3.6454151,2.353086925,1.602813116,2.127646699,1.716956291,1.282652232,0.877787353
11462,3.471465597,6.312726366,3.043285588,6.901825656,5.648598976,6.827473208,6.46875864,6.766562913,6.527627665,3.209925371,2.835116447
11463,13.05510802,7.774876103,13.22441288,6.123729706,6.162304887,8.620027232,4.703294856,7.919978857,4.588538051,5.971178414,10.02369873
11464,1.717049196,1.787400545,3.047578722,0.559108151,0.914665016,2.157262902,2.783910654,1.545895814,2.108362152,1.720737055,3.053050836
11465,3.245893127,4.305855143,2.031218851,2.416371659,2.577619618,1.56942597,2.357597595,0.969306797,1.142275901,1.491648434,1.744107503
11467,0.201691347,0,0,0,0,0,0,0,0,0,0
11469,4.03397703,3.989430035,6.507759691,4.444144537,4.686102655,5.082631166,2.341812153,5.600335342,3.056240517,3.424662973,3.277465118
11470,0.397157325,0,2.225058161,0,0,6.276965394,2.353733828,12.17636799,3.251569145,24.38200238,25.3016432
11472,1.54054615,5.535506139,0.814846818,2.040207453,2.353502007,0.59114683,3.356969804,0.9631531,3.444313655,0,1.096146131
11473,2.117060692,1.393877625,1.627042062,1.116478605,0.353990465,1.763937131,0.805300522,0.768306942,0.95255182,1.070781113,0.221650513
11474,0,0.166666667,0,0.187227304,0.531136799,0,0,0,0,0,0
11475,0.965622292,0.905530083,0.812427555,1.672498056,1.085828618,0.982475565,1.396802878,0.772664914,1.91888452,1.074286654,0.643287189
11476,13.67490647,17.19030596,9.364255109,18.03684856,19.32057823,13.48135625,16.20357726,16.60949107,16.85023147,13.44649173,13.95087583
11477,3.256446576,4.313239461,3.460834002,3.157125502,2.532617319,1.943095051,2.960615635,2.315773175,3.067474346,1.72752997,1.533924193
11478,2.503712493,2.154812766,2.236388368,2.781040948,2.172661367,2.535471983,0.582577372,1.348078877,0.385057339,0.220910356,0.864551925
11479,0.958784964,1.089958538,0.822136967,0.56086634,1.672049207,0.190314737,0.188436758,0.774843399,1.148919892,1.06242074,2.594213617
11481,0.385663465,0.354512062,0.204847479,0,0,0,0.189187349,0,0.189081134,0,0
11482,0,0.34592184,0,0.924988433,0.3718822,0.189768808,0.195435043,0.193364302,0.770356496,0,0
11485,0.935493954,2.16483553,1.008413481,1.695034918,1.807887549,1.761516739,2.189543761,2.890444027,2.102193647,2.341743448,1.747823627
11486,54.45389452,46.45122352,57.37829957,46.27883329,47.16161013,47.76056924,48.51506818,47.11981909,50.71935754,55.48147812,54.22067374
11487,0.18060092,0.179255173,0.203084457,0,0,0,0,0,0,0,0.211526017
11488,0.965622292,0.364534827,1.825836594,0.932688027,0.537662748,0.59679436,0.781282943,1.164248585,1.143808018,0,0.657552199
11491,7.116735161,8.999591824,8.34347966,11.91207588,11.26668338,5.482696325,6.689555091,5.210033992,5.359746651,6.622075254,9.143616313
11492,81.75518887,74.05339472,84.18039994,62.33716079,67.45037154,70.38896838,85.88814295,68.58332547,88.76598667,71.59102168,62.85935088
11493,0,0,0.206941496,0,0.19289111,0,0,0,0,0,0
11494,3.864311313,4.507264527,4.26932085,3.533972881,3.987759548,4.098410788,5.311965537,4.244667394,4.014796076,3.20617902,3.924082655
11495,2.132557494,1.960091692,2.039063349,2.241895897,1.639960042,3.326208745,2.552726255,2.706135345,2.095970664,1.491872691,1.518773776
11496,0.740027976,1.665302373,1.017173143,1.124961514,1.461266361,1.564030663,0.994774727,0.964007183,0.95944226,0.641553419,0
11497,4.920994988,4.342934602,6.92321088,3.731010563,6.953588576,5.303629553,7.861231365,5.023109345,5.73928306,3.208343387,3.707916492
11498,1.327616309,3.458727398,1.618514711,2.233820175,1.837829754,0.583640508,2.547555062,1.15916721,4.223740284,0.220910356,0.211140241
11499,0,0.578688073,0,2.035488807,2.387542972,2.954436958,1.572737741,1.732758673,1.34456603,0,0.211140241
11502,2.679373376,3.717141943,3.463457048,5.004184736,5.491442373,6.657151454,6.272147489,7.532690367,7.665148962,4.694364062,3.877082593
11504,1.345692131,1.250600724,0.814948709,2.053386673,2.000196226,0.581693343,1.155349666,0.962142567,0.76419262,0,0
11506,0.190197488,0.54379,0.203508386,0.187227304,0.372869087,0.781599811,0.40337198,0.766101683,0.189807699,0.209220459,0
11507,5.759855778,2.663091337,6.306246638,1.478138844,0.372869087,1.958880242,0.57305915,6.185555103,2.859190271,0.639127016,5.023301105
11508,3.270099387,3.241779409,2.439370934,3.153269822,3.480621439,3.511754089,2.972634268,3.676793318,3.447360702,3.190901628,2.180250791
11509,2.487460876,1.065321071,3.25942284,0.928844113,1.453594881,1.372150841,1.976416104,1.352776525,2.298687258,2.768542713,2.614495517
11510,0,0.166666667,0,0.566309141,1.275888086,0.579990013,0.384622391,0.771025641,0.378287808,0,0
11511,5.565772091,10.82434152,7.332696307,11.53861064,13.53118165,10.38934961,11.64561025,9.662150103,10.93070141,8.953089931,6.749862587
11513,16.10141545,20.83115927,16.27183115,17.11937112,17.88206069,7.039204994,12.99129734,5.606568395,9.95543085,20.06881146,19.36197746
11517,5.16398008,2.89814131,6.926063029,5.381906847,5.169015034,4.903252241,4.919745115,7.543500599,7.087771471,5.122779025,6.107202777
11522,0,0.195187917,0.204847479,0.927513602,0,0,0.189187349,0.770642881,0.189807699,0,0
11523,7.259391688,7.035939041,8.94590238,5.566709124,8.380514405,6.250076031,6.295414477,5.988729027,7.676404831,7.461971966,7.612741124
11524,5.997714285,5.574132805,4.470487893,5.412640064,6.029863377,7.044756992,6.281836082,6.550316537,6.898502996,4.088184518,4.123877736
11525,14.10263607,11.37397116,12.99588197,9.514436957,10.39290202,11.93410289,11.28882365,11.00054365,10.14511301,10.89520708,9.113747477
11526,7.722181311,5.301030855,6.711700964,4.088462527,5.124977649,5.284313665,4.575447384,3.092550045,2.49236286,4.501200012,6.094667378
11527,22.85561772,15.09243225,21.39343141,13.01430713,14.57216398,19.55536325,20.70106865,17.40657246,14.18213246,16.46440571,17.6686917
11528,2.890029548,2.299407709,2.033210976,2.055891352,2.935006981,3.136137843,2.956117762,3.284991409,2.86620625,2.142497034,2.159374422
11530,0.946987813,0,0.409593067,0,0,0,0.189187349,0,0.196097113,0.417992403,0.217934388
11531,0.966180949,1.279121975,1.202645342,0.746335456,0.534248672,0.78154994,0.393853758,1.553244237,0.954000319,0.428597071,0.211526017
11533,0.19766656,0,0,0,0,0,0,0,0,0,0
11536,2.499889771,9.218336844,3.668301319,5.772660435,11.48314405,8.785769018,15.13207774,13.92142481,20.87121323,13.64875302,14.13302504
11541,13.61404619,10.34945265,12.00619074,8.748693331,8.701974194,8.213634518,11.00931056,9.660335674,8.051150173,10.70079427,9.150096207
11542,1.718946487,1.444937443,1.619751913,0.929670254,1.097177226,0.777899445,1.354055237,1.747837311,1.154962859,0.630494145,0.442310057
11543,13.09353592,28.24179585,12.62875748,42.44067164,43.71587244,23.09858798,31.56770081,34.95073974,39.43227881,15.35102546,14.81781766
11544,25.85840364,27.04779159,24.38737934,25.50429002,29.19073884,26.81910204,24.3755352,27.44734526,25.45918672,24.13672551,18.53401518
11545,1.539302448,1.062755329,2.239719586,1.304568874,1.469059427,0.399812936,0.982678823,1.34947217,0,0.842141007,0.432790753
11546,2.469182989,2.018214392,1.620184799,1.493474716,2.210979072,2.349574675,2.159642615,2.314647304,2.297839785,1.073656031,1.745764463
11547,8.003444451,10.97920054,6.517905197,9.308745297,11.84394813,5.303893445,6.899125364,6.368328415,8.249250311,7.231360063,8.935100686
11550,0,0,0,0,0,7.830323835,5.334729737,0.966185667,0.379285331,0,0
11552,0,0.543675499,0.605909988,0.379081837,0.177426564,0,0.394140614,0.192981542,0.379014372,0.209220459,0.439584901
11553,3.067796081,6.801426251,2.633794412,1.846275919,3.888376977,7.834603018,6.139666132,2.132701299,2.108236613,1.91751289,2.393835972
11554,2.49869937,2.165302373,2.234625346,2.043188401,1.651606059,1.96329767,1.770692721,2.125352877,1.72245734,2.774524923,1.297767069
11555,0.973650021,3.047058335,0.809418375,2.800141083,2.545530453,1.966948165,2.191351325,2.121848987,2.87295127,1.074286654,1.534953775
11561,7.689436591,6.823031132,6.100382103,7.072907282,5.50880807,4.690103547,4.920669934,6.192222239,7.462666862,2.793762462,2.161675188
11564,0.188628649,0,0,0,0.179977976,0,0,0,0,0,0
11565,6.739964689,7.568893405,5.080990273,6.864821654,7.664983582,3.329034047,7.853272905,4.444430407,10.35386001,20.26732913,21.60254711
11567,13.64767802,11.08158892,13.21833275,15.64269975,15.41101862,14.66105707,15.34314353,14.48962003,13.61066194,14.7381832,14.17059493
11568,0,0,0.612677524,0,0,0.197909432,0,0.19251022,0,0.212277485,0.429460406
11569,6.564915765,6.633388706,5.707919016,10.59207972,11.20012835,7.036043399,5.943825099,7.531340158,6.307006579,4.918779959,7.64823537
11571,0.580517484,1.055298307,0.197656014,0.366378886,0.357404541,0.197909432,0.983448941,0.390006185,0.95826472,0.839083981,0.442271443
11572,1.140556499,2.884234762,1.431483273,3.702903855,3.137979583,2.532172144,2.564822159,2.313976447,3.251384498,1.05603419,2.39280639
11574,1.52970588,3.634835486,1.627800194,3.338818588,2.532880372,1.559834239,2.191351325,1.941611148,2.113804093,2.132116624,2.410826138
11578,0,0,0,0,0,0,0,0,0.378558767,0.219600869,0.224375669
11580,0.579958827,1.279121975,0,1.295550536,0.730273628,0.973861713,0.58853821,0.968862249,0.76419262,0,0
11581,0.201691347,0.721964974,0,1.114301462,1.092496033,0.601757717,0.583327963,0.579683372,0.574781419,0.428597071,0.432146948
11582,0.201691347,0,0,0,0,0,0,0,0,0,0
11583,2.314329029,4.073981905,1.623608952,4.8284289,4.571445903,1.179750694,1.77740415,0.970099092,3.061330351,2.144661401,3.041230766
11584,2.689783967,2.551482772,3.467694473,2.786107621,3.248128328,2.737798844,2.158585641,2.128029459,2.682747074,3.205466442,2.375540585
11586,0.587354812,0.547134237,0.615195471,2.416768277,2.044918294,0.984472601,0.789051345,0.77284814,0.574534971,1.062644997,1.30349302
11588,0.201691347,0.877123333,0.605486059,1.113041878,1.819938019,0.773409316,0.591808738,1.348844397,0.378888833,0,0.439584901
11590,0,0,0,0.366378886,0,0,0,0,0.19524964,0.209220459,0
11593,0,0,0,0,0,0,0,0,0.196097113,0,0
11594,0,0,0,0,0,0,0.188436758,0,0,0,0
11595,25.41075009,29.17902281,21.14989912,30.45892723,29.94029297,23.64676675,19.98435177,25.13471999,26.8209508,16.47723344,15.92454558
11597,4.842926532,7.174935656,3.852059887,9.463821612,10.56195579,3.546129717,6.922913992,5.40548922,8.216436422,3.417419516,4.794466092
11598,3.282151903,9.463961439,2.862539409,11.14984864,11.14166491,3.920565731,8.095392929,6.182564652,10.34605104,2.78427471,4.580034117
11599,0.18060092,0,0,0,0,0.200925625,0.189187349,0.196014109,0,0.219600869,0.217934388
11602,0,0,0.197656014,0,0,0,0,0,0,0,0
11604,28.12730161,19.81651938,26.48739821,16.0046788,18.59912114,19.55422006,16.11467648,15.26957258,14.56091316,21.84883468,30.03682459
11605,22.3184278,25.9271514,22.22679633,23.25783675,23.55190407,54.93040507,48.84108043,35.75073593,31.99266621,20.28770381,13.71366011
11607,0.761118404,0.533767236,1.220783421,0.376540333,0.373149317,0.776971437,0.189187349,0.58033792,0.763862554,0,0
11610,2.655072184,2.335667983,3.06175787,1.302107022,2.900944043,4.118907113,2.754122135,3.857640227,3.068922845,3.620129322,2.829814886
11611,7.27673248,8.011031718,7.114424603,7.636220985,8.379614748,7.44361488,7.713193518,8.109211496,6.521516331,7.451997922,7.155500065
11613,0,1.250600724,0,0,0.173732258,0,1.36540055,0.579012515,3.447631661,0,0
11615,0,0,0,0.189313029,0.191623994,0,0,0,0,0,0
11618,29.04000881,24.85543884,28.85997316,24.37180011,23.3652883,25.22868369,22.44114869,23.19937594,21.61800599,32.25947625,34.58369926
11619,2.506382177,3.602782794,2.638891861,5.02245873,3.089860617,2.929816911,2.971190831,3.281958842,3.432318664,1.082288902,0.211140241
11620,1.70965321,2.171711209,1.014367746,2.048747678,2.185574501,1.563011507,1.348094399,1.353499928,2.101742671,1.063051363,1.515057651
11621,1.53432078,6.279002184,0.407931937,4.082113935,4.492224658,3.110921996,4.723101417,4.830189591,7.472828809,3.212789827,3.070260417
11622,0.589555395,0.886065898,0.604248857,0.560367736,0.19289111,0.777899445,0.605824834,0.776979803,0.196097113,0.861784912,0.874457005
11623,22.08556854,16.42986302,22.18341879,19.35789937,18.74245089,21.7300734,18.91252596,17.97281307,19.30295373,20.31456892,17.87725355
11624,34.2951441,27.3851221,32.34670121,23.81861571,25.08570339,27.59303156,31.64337005,34.56590152,32.31802479,31.41509229,30.6923082
11626,0,0,0,0.187227304,0,0,0,0,0,0,0
11628,5.412253448,2.007111429,4.2755504,2.232550022,2.188125912,1.765549313,2.391883987,2.119984371,1.338001027,3.42933367,2.600963446
11629,3.671609951,2.165686729,4.472785693,2.414285934,3.119519955,3.144824396,3.1655689,4.823941232,3.452652594,4.489510115,4.120033865
11630,0.785021372,1.084048558,0.406592844,0.183790577,0.179977976,0,0.198705571,0.383669263,0.189081134,0.220910356,0
11631,0.965622292,3.913692061,0.204745588,3.52052344,3.677224034,1.760424881,1.771749695,2.128883541,2.688339064,0.850998135,0.644316771
11632,3.257292054,1.460091692,2.651842765,2.038121728,2.369527014,3.911021096,3.348795411,2.889815286,2.10201363,1.079638241,2.835116447
11634,1.328014533,0.738012218,1.425206971,0.560786689,0.56449308,0.200925625,0.204666409,0.193364302,0.378287808,0.440511225,0.87814022
11635,11.12325148,9.778029937,13.85601457,11.165205,10.97228201,10.18731646,8.474537744,6.180159858,6.313487964,12.61051504,13.72567487
11638,0,0,0,0,0,0,0,0,0,3.000546056,1.528969794
11639,1.141841832,0.367567412,0.410025953,1.124961514,0.723041023,0.773409316,1.004006093,0.776352029,0.385303787,0.433187841,0.432146948
11641,0,0,0,0,0,0,0.576329678,0.193992076,0.770235587,0.219600869,0
11642,1.549207683,0,0.803566002,0.566309141,0.180258207,0.200925625,0,0,0,7.506561096,8.727715183
11643,0.781650174,1.635815424,1.629139287,0.183790577,0.191623994,2.915482827,3.358026777,3.472420253,3.831486949,2.36799816,3.919018119
11644,0.559427057,1.099981302,1.227974887,0.935648485,1.09591011,1.174787337,1.197633572,0.773675448,1.148919892,1.061741876,1.326891557
11645,5.183012783,5.173848707,3.866715465,6.152081575,6.539394319,2.538324326,3.530233885,3.47140972,3.257407584,1.27775525,1.094692159
11646,17.51500394,12.36479959,22.76604075,11.38060809,12.03416145,15.47803322,13.44058788,14.27551102,12.25154655,12.41891642,16.1481497
11647,0.775424804,0.869666311,0.411788976,0.746335456,0.903018999,0.973861713,0.771764721,0.96665699,0.952822779,0,0.867629948
11651,7.139808167,5.756764065,8.951829464,6.160669193,4.183063306,6.670117191,4.322999966,4.824795314,3.832063464,2.330732415,3.029762436
11652,0,0,0,0,0.360236183,0,0,0,0,0,0
11653,3.051974143,3.866001676,3.257529399,3.521327246,2.53317778,1.378890229,1.573024597,3.285830149,2.675430169,1.273612996,1.076077942
11656,2.476977198,1.87354564,4.463933096,2.408285368,2.527638718,2.345630474,2.740431949,3.474668596,2.670234676,1.934810319,2.623976206
11658,1.911344557,3.038852468,1.016037833,2.78480521,2.042647112,2.156628599,2.155895332,2.315030064,1.918428914,1.28287649,1.729914017
11661,0,0,0,0.370143149,0.384515104,0.189768808,0,0,0,0.421273686,0.221650513
11662,1.327382789,1.445788642,1.82626948,1.676809515,1.834135448,0.967122324,1.191385878,1.159193984,1.141903913,1.711249303,1.542133699
11663,2.901735082,3.284281018,4.895537645,4.841231992,2.932438325,4.30862605,4.699122892,3.280660211,4.184383431,2.984638041,3.479471832
11664,14.08252975,10.44052988,11.79646021,11.53876438,10.63649314,6.250460884,6.692538764,3.089490703,2.878393211,0.852521417,0.643930994
11665,3.074330118,10.42781803,3.05938215,9.125469659,9.997058257,6.257881672,6.666458474,5.408820313,6.323825299,10.6608276,12.23557857
11666,0,0,0,0.187227304,0,0.189768808,0,0,0,0,0
11667,5.38559124,5.370354666,4.074139239,5.401947755,5.7999045,5.472478679,5.507094196,5.027414736,4.966601451,5.334301783,3.92542649
11668,0,0,0,0,0,0,0,0.771653414,0,0,0
11669,2.873756085,2.894143026,4.468112173,3.91783068,4.026235897,3.528940515,2.736722884,1.934891466,2.49518087,3.842911321,3.043955922
11670,0.188628649,0.383500156,0.413882993,0,0.173732258,0.776971437,0.967969881,0.58033792,0.573808407,0.211646862,0.429460406
11671,10.77300668,7.053729373,11.80857506,5.026245329,4.237579204,12.92351879,7.894226001,10.81032725,8.047760278,8.338952316,8.928659406
11672,11.66819191,8.713360714,12.20094521,10.05083261,9.317310839,10.39386401,9.770118478,8.512404964,8.396478671,11.12943349,11.1492989
11673,0,0,0,0,0,0.200925625,0,0,0,0,0
11674,3.089753833,3.455694813,1.832647673,5.211794095,3.830513144,2.541836576,2.972347412,3.285645957,3.069193804,2.989859434,4.591462706
11675,0.39533312,0.585563751,1.227974887,1.112258563,1.635137383,2.156628599,1.363573459,1.15657919,1.33210811,1.700868893,1.740038512
11676,0,0,0,0,0,0,0,0,0,0,0.211140241
11677,0.370798408,1.083934058,0.809096337,0.364620697,0.173732258,1.174787337,0.787994371,0.966185667,0.574985947,0,0
11679,3.043873327,5.22316433,2.83344576,8.722096928,9.306352207,0.189768808,0.198705571,0.193364302,0,26.06708533,20.88889881
11681,27.32237281,29.56295792,26.45450267,27.1689704,28.01604531,23.26508393,22.8250018,18.92075949,22.62589786,20.06278101,20.93460556
11682,26.88252501,26.8794312,30.50947781,28.25776265,26.4305872,26.40597271,25.94840244,23.7576744,23.94901946,21.77501946,21.33403258
11684,0.382292267,0.898654405,0,0,0,0,0.582577372,1.547691539,0.574384921,0,0.211140241
11688,0,0,0,0,0,0.199906468,0,0,0,0,0
11689,0,0,0,0,0,0,0,0,0,12.38623535,12.61828051
11690,0.559427057,0.731136539,0.808994445,1.489254675,2.926351251,0.59114683,0.393853758,0.190304961,0.573537448,1.503562588,1.960698056
11694,0,0.169232409,0,0,0,0,0,0,0,0,0
11695,2.078251035,3.835892528,3.466948506,3.898650894,4.243423106,3.507011736,6.087751377,2.316374173,4.587690578,1.515476742,2.170528499
11696,0,0,0,0.926709797,0.3718822,0.400832093,0.195435043,0,0.189206673,0,0
11698,0,0,0.204847479,0.183790577,0,0,0,0,0,0,0
11699,1.1560533,0.543291144,1.42740288,0.555691915,0.384515104,0.796650958,0,1.35318606,1.155209307,0,0.211140241
11700,6.1506928,5.694164091,7.116478285,6.338889925,4.91379035,6.466786846,5.094033623,4.834416884,4.974442864,4.917246215,5.21576131
11701,0,0,0,0,0,0.391924535,0.188436758,0,0,0,0
11702,11.14699401,5.393600281,9.952058396,5.389643267,4.94259182,6.844873355,3.939566703,5.986099895,5.548435917,8.531491833,9.830511288
11704,0,0.335899076,0,0.18083012,0.704869057,0.190314737,0,0.19251022,0,0.212277485,0.652382102
11705,0,0.364420326,0.605909988,0.739938271,0.904286116,0.976877905,0.97643113,0.577278578,0.770031059,1.064168279,1.096107517
11707,1.17377253,2.173466443,1.421770653,2.033482733,3.276084312,2.34143405,2.141299017,1.739478355,1.717286358,0.211646862,0
11708,3.068966696,3.468594972,2.229196902,4.276928925,3.594169719,3.333028119,2.540517724,1.538766597,1.528781738,0.838859723,0.43317653
11709,3.823954662,5.047044096,4.261272569,5.951732366,5.306961185,3.319190093,3.71836426,3.861798665,4.203359803,3.217686809,3.063246854
11711,0.188628649,0.930634393,0,0.736977814,0.369050558,0.979370999,0.97643113,0.192981542,0.770361126,1.293663266,0.221650513
11712,0,0,0,0.18083012,0,0.787109097,0.771764721,0,0.379014372,0,0
11713,0,0.166666667,0,0,0.537662748,4.104352025,3.522929218,2.70631857,3.83136141,0,0
11714,1.353088116,3.464907069,1.014265854,2.795502087,4.180667836,3.130105458,3.757397165,2.887138704,3.257528493,1.059770079,0.431761171
11716,8.055508696,3.446563938,8.535809122,8.216572312,6.725935303,8.823703993,1.17915782,5.403111164,1.141632955,6.399775484,3.473063461
11717,5.93846779,7.366280479,6.9138613,7.627636089,9.162864292,4.308243971,6.300585671,5.601878986,6.143809668,2.986578151,3.26192322
11718,0.201691347,0.166666667,0.411788976,0,0,0.190314737,0,0.389378412,0,0.431878354,0.221650513
11719,7.620865363,4.144079756,7.121996455,3.911561738,4.702447044,6.251347615,4.524989085,5.79866908,5.548026862,3.839516396,2.617825865
11720,8.375486561,9.554890131,6.107304032,8.376179747,6.199881448,2.352499719,2.751431826,7.144236864,3.263696998,2.146457181,1.324166401
11721,0.574292114,0,0.611338431,0,0.19289111,0.197909432,0.204666409,0.190304961,0,0.219600869,0.211526017
11722,4.045524191,6.650454486,2.236821254,2.794510879,3.107191891,2.168804573,3.521022045,4.250732528,4.417753276,4.086895259,4.12301705
11723,0,0.195187917,0,0.189313029,0.19289111,0,0,0,0,0.212277485,0.211526017
11724,0,0.195187917,0,0.739482493,0,0.388224169,0.377624107,0.193364302,0.196097113,0,0
11725,3.05780129,3.852987017,3.243619788,3.714475464,4.755242408,2.758547392,2.341812153,2.893946949,3.629496919,1.923526788,3.483502209
11728,1.155441342,1.081253815,2.024027385,1.474702118,0.913100491,0.195962267,0.40337198,0.389378412,0,1.277168803,1.093382361
11729,2.103742628,2.547058335,2.639222856,4.081239202,5.821490543,2.727711054,1.768466147,2.513720755,2.493414861,4.672668433,7.0045567
11731,3.68953754,2.346541946,5.491552661,3.720453695,2.729482967,3.523342855,2.778719934,2.51731224,1.345017006,4.478268734,3.487498549
11732,0.935493954,1.617701293,2.244334758,1.298987262,1.441086199,2.157606478,1.000735565,1.732157674,1.325668646,1.056844895,0.432146948
11734,0,0,0,0,0,0,0,0,0.189206673,4.052362128,2.402969499
11736,0,0,0,0.557826232,0.191623994,0,0,0,0,0,0
11737,0.987956422,0.333333333,0.811190354,0.547209006,0.365356251,0.189768808,0.401158425,0.19251022,0.189081134,1.063051363,0.432790753
11739,0,0,0,0,0,0,0,0,0,0,0.220620931
11741,1.361535914,0,0.409694959,0.379081837,0.173732258,1.771531827,0,0.386973618,0,0,0
11742,1.154250941,2.629438601,1.835978892,2.23045253,2.757860647,1.76037501,2.352983237,2.895402998,2.303702734,2.974481888,2.845698242
11744,2.504904954,2.120152535,2.85482533,1.870342586,2.553199297,2.918792724,2.160680061,3.476264786,3.6429777,1.703519553,1.733983008
11745,0,0,0,0,0,0,0,0,0.189807699,5.343567304,7.826567908
11746,0,0,0,0,0,0.197909432,0.984505914,1.546140827,3.252027444,0,0
11749,14.44962644,13.36915258,12.84869918,15.08570542,13.5825685,15.08060217,12.53853055,15.65087913,13.19517576,8.573604293,9.338658801
11750,0,0.195187917,0,0,0,0,0,0,0,0,0
11751,4.459135197,2.716716896,3.66035493,4.075716751,4.187318073,4.108930528,2.553802755,3.28553062,3.263325011,2.983521125,3.487537163
11752,27.76623428,28.10444863,24.02579964,22.14623153,25.89999625,25.43714686,29.54363304,31.8491073,31.55511806,37.69542084,34.88685995
11753,0.559427057,1.398187562,0,2.596375638,2.912029599,0.399812936,1.367320742,0.385874522,0.196097113,0,0.880512509
11754,5.91704891,5.767659015,5.288646358,5.393358938,6.73995691,6.46760365,6.476469298,6.180473727,6.723264543,5.98955061,7.42223565
11756,0,0.559722744,0,0.364620697,0.369050558,0,0.198705571,0,0.189477632,0,0
11757,2.885303246,0.195187917,4.265742305,2.976659743,1.48169233,1.374693805,0,0.769788798,0.575712511,0.428597071,0
11758,0.386295209,3.135109633,0,3.702307943,8.71715851,0.576591741,1.79153673,1.744360196,2.297597966,1.695293048,1.090728728
11760,1.730743638,2.198570753,3.664345596,2.052127089,2.575068206,2.721517595,2.964192546,1.740515663,1.539419172,2.575054252,4.142364206
11761,1.525049348,0.716054994,0.60558795,1.11008142,0.52489108,0.389675276,0,0.19251022,0,0,0
11763,4.214041138,2.532288442,3.664546171,4.085074392,2.712875526,3.321278276,2.162913143,1.740428067,2.694382031,2.588422222,3.278031696
11764,0,0,0,0,0,0,0,0,0,13.02819311,9.588728068
11765,0,0,0,0,0,0,0,0,0,0.854055161,0.431761171
11766,0,0,0,0,0,0,0.205723382,0,0,0,0
11767,3.625729445,1.969999956,4.883990499,2.599675398,0.726455099,3.159379485,0.788300754,2.121848987,0.384727272,2.136707393,9.82517224
11768,0.201691347,0,0,0,0.173732258,0,0.198705571,0.190304961,0.378287808,0,0.221650513
11769,2.890029548,2.299407709,2.033210976,2.055891352,2.935006981,3.136137843,2.956117762,3.284991409,2.86620625,2.142497034,2.159374422
11773,0.594823884,1.053698264,0,2.237177251,2.948217523,0.958076522,0.378374698,0.582359954,1.339124089,0,0
11775,0.968056395,0.731987738,1.843170357,0.932688027,0.922177852,1.762372046,3.154243114,4.245111942,4.406201937,0.208996201,0.651110918
11776,23.84009413,22.22247132,21.76275346,27.19997425,23.07353907,22.46954766,20.31706553,22.98670231,19.9602803,17.51468194,13.27629001
11777,2.30653482,4.199772201,3.654827803,8.008216464,7.133722561,6.863060492,7.620973788,7.528881851,7.662306442,15.59826436,22.21676491
11778,0,1.106545329,0,0.562872414,0.3718822,0,0,0,0,1.921554991,5.23815747
11781,0,0,0,0,0,0.3938717,0.189187349,0.193992076,0,1.927486935,2.181666149
11783,0.378826137,0.515154249,0,0,0.173732258,0,0.188436758,0,0,0,0
11785,0,0.166666667,0,0,0,0,0,0,0,0,0
11786,0,0,0,0,0,0,0,0,0,0,0.221650513
11787,0.370798408,1.25584671,0.612677524,0,0,0.38767824,0.401158425,0.959083225,0.966128172,0.212277485,0.446026181
11788,0.37826748,0.169232409,0.605486059,0.189768808,0,0.591781132,0.205723382,0,0,0.418440918,0.224375669
11789,5.742998496,6.524783076,5.084222808,5.381964163,5.618662043,3.536920065,5.501265513,4.629382204,4.78540365,2.13342611,2.615910875
11790,1.169514222,0.166666667,0.402503493,0.926709797,0,0.390221205,0,0,0,0,0
11791,5.765768211,5.457248605,7.321264208,4.47143687,2.561857664,9.215789603,6.11122795,7.147800607,8.413986664,8.120061997,3.725753452
11792,0,0,0.204745588,0,0,0,0,0,0,0,0
11793,4.216077018,3.870364448,7.116719195,2.601550063,4.020835599,4.314396153,3.909665556,3.284719621,3.26345055,13.06677037,10.64886761
11796,0,0,0,0.189768808,0.179977976,0.190314737,0,0,0.573808407,0,0
11797,0.190197488,0.338464818,0.204745588,0.189768808,0.351158822,0.189768808,0.195435043,0.963780874,0.575111486,0,0
11799,0,0.702999645,0,0.737396768,0.904286116,0,0.590345774,0,0.391346753,0.420867321,0.874071229
11800,0.378826137,1.081368315,0.602253524,1.116478605,1.45331465,1.763937131,1.17263629,0.769788798,0.580824386,0.63008778,0.431761171
11802,1.721705727,0.383500156,2.448656416,1.110956153,0.742199875,0.593778168,1.199441136,1.544004424,1.534824705,2.124568982,2.605400603
11803,14.20746167,15.22921672,12.37172626,14.14157403,11.55086075,11.54512316,11.92270423,16.41770325,14.36526702,14.11214963,13.25042434
11804,0.382292267,0.524211314,1.010083569,0.366378886,0.179977976,0.390221205,0.566811456,0.963597648,0.378888833,0,0
11805,8.221191257,7.332897599,8.1372585,7.09115502,6.252133596,9.367462361,7.287885359,7.143286184,6.685356189,7.039340554,7.829182926
11807,0.783452533,1.071345551,1.023127407,1.116478605,0.531136799,0.779896481,0.195435043,0.389378412,0.385178248,0.211646862,0.217934388
11809,0,0.166666667,0,0,0,0,0,0.582359954,0,0.209220459,0
11811,0.952559594,0.888746141,1.220783421,0.926709797,0.915651903,1.174787337,1.182154512,0.966185667,1.148919892,0.850773878,1.304561216
11813,0.201691347,0.354978905,0,0,0,0,0,0.386973618,0,1.282652232,1.312659457
11814,6.942571286,5.940422866,7.322705193,5.774852068,6.893104553,8.423802683,9.4977116,12.746367,11.48349798,17.9688633,20.24421958
11817,1.917171704,2.880776024,1.828032502,2.785212397,2.737434677,3.126546111,2.930350362,2.511315961,2.867058354,2.78621482,3.498691241
11818,1.163847509,1.615021051,1.227974887,2.045402369,1.654016005,1.177964605,1.387877894,0.390006185,1.534824705,0.644834702,1.085597246
11819,0,0.179255173,0,0,0,0,0,0,0,0,0
11820,0,0,0,0,0,0.195962267,0,0,0,0,0
11821,0,0,0,0,0,0,0,0,0,0.212277485,0.442310057
11823,0.567454786,0.166666667,0,0.185548766,0.544049933,0.760167089,0.583327963,0,0.385057339,0,0.211140241
11824,0.369229569,1.055412807,0.607249081,0,0,0.197909432,0.204666409,0.19251022,0.5814009,1.07474126,1.294012331
11825,0,0,0.410025953,0,0,0,0,0,0.189206673,0,0
11826,0,0.169232409,0,0,0,0,0,0,0,0,0
11828,11.13383844,22.30114952,7.719138083,25.86422313,28.01108494,11.12989851,11.87498058,7.336022713,11.89348834,29.03096021,48.52537209
11830,0.190197488,0,0,0,0.173732258,0,0,0,0,0,0.217934388
11832,1.560047953,0.568779809,0.616636455,1.491796179,0.711395006,0.786563168,0,1.349498945,0.574138473,0,0
11833,0,0.883033313,0,0,0,0,0,0,0,0.220910356,0
11834,1.728543055,1.413808654,1.016037833,1.116478605,1.110107539,1.768565505,1.573024597,1.734963932,0.770302018,1.275328848,1.31775803
11837,10.392915,9.183749481,8.764228872,12.45786296,13.33898977,5.469706322,8.093395307,2.30837217,2.677100605,10.04315073,10.67602202
11838,0.549830488,0.728955153,1.01060939,1.11439288,0.545614458,0.597722369,0.583347489,0.773475913,0.581154452,0.220910356,0
11839,0,0.169232409,0,0.938189988,0.384515104,0.199906468,0.590345774,0.385874522,1.136461972,0,0
11840,0,0,0,0,0,0,0,0,0.189807699,0,0
11841,2.718721905,3.481224169,2.861302207,3.338399634,3.797841546,3.131670544,1.609830927,2.703354858,1.53424819,1.488997773,1.723119869
11844,10.35459423,6.708700528,13.23877759,9.140230234,10.01593418,8.629224051,6.276474991,9.853695304,6.129410352,8.776994989,9.365937836
11845,0.188628649,1.067886814,0.810757468,1.305791634,0.922177852,0.77595228,1.171885699,0.770171558,0.568492005,0,0
11847,0.952559594,0.166666667,0.408355866,0.18083012,0,0,0.188436758,0.196014109,0.952822779,0.211646862,1.314041906
11848,5.900636859,4.383721667,5.498431046,4.296108711,4.184486431,4.120560573,4.950590607,3.867125054,3.066626872,6.390966596,4.344376624
11849,0.188628649,0,0,0,0.179977976,0.773955245,0.410389791,0.965802907,1.338001027,0.854055161,1.303531634
11851,2.093842769,1.300767547,3.256605278,2.237675855,2.383444213,2.159805867,1.741197566,2.507088668,1.533580733,3.235086419,4.588390387
11853,0.979875391,0.926324456,1.628613466,0.743793952,0.932556752,0,0.205723382,0.193992076,0.19524964,1.933276575,2.16616857
11854,4.03026091,2.132970043,2.029777866,2.417224056,3.284898686,3.344135065,2.553802755,1.934481931,2.109084087,1.712783047,1.947809791
11855,0.376066897,0.559722744,0.811190354,0.185548766,0.19289111,0.389675276,0.195435043,0.196014109,0,0.642894593,0.660205831
11856,0,0,0,0,0,0.197909432,0,0.193992076,0,0,0
11857,0.969625234,0.536799821,1.220783421,0.556566648,0.533968441,1.370749605,1.171866172,1.15916721,0.379014372,0.428597071,0.211140241
11858,39.43209918,36.45525545,46.35392802,42.61664311,36.17312409,43.09049885,35.63847315,41.93692712,32.95944637,35.28178142,35.74822146
11859,1.902359948,2.091745785,1.626952335,1.670412331,1.236566316,0,0,0.582742714,0.762744121,1.491872691,1.73709394
11861,6.725616658,4.010129775,7.104514616,4.8369323,3.464737899,5.094544857,4.925110063,4.451594637,4.790449093,4.659394525,3.449317761
11863,0.201691347,0.185279653,1.019470943,0.18083012,0.180258207,0.78214574,1.396802878,0.193992076,0,0.423924347,0.211140241
11864,0,3.138765522,0,3.347736785,4.324738119,0.195962267,1.207921911,0.773947236,1.923870855,0.430130815,1.07983268
11865,4.800975882,3.613418915,5.486101797,3.541210695,2.587964096,4.691643028,4.563735133,5.413020868,6.501692484,5.763801974,5.232520652
11866,5.221402371,3.645325093,5.084446162,3.895770087,4.182797617,4.484981498,6.296451924,4.247263652,5.543824262,5.551251992,6.77088313
11867,0.201691347,0.575655487,0,1.666648068,0.545334228,0.200925625,0.592559329,0.388524329,0,0.430130815,0.438555319
11868,0.19766656,0,0,0,0,0.389675276,0,0,0.196097113,0,0
11869,2.675275502,1.438912963,4.690249873,2.780585169,1.986015975,3.519146431,1.716200284,3.096638624,0.574781419,3.223669019,0.64969556
11870,1.922206673,1.806013532,1.830550448,1.300269182,1.09591011,1.171771145,1.182154512,1.159794983,1.332559086,2.342678256,0.877143547
11871,0,0,0,0,0,0,0,0,0.189807699,0,0
11876,0,0,0,0,0,0,0.189187349,0,0,0,0
11878,0.18060092,1.620267036,0,3.714227579,2.036259927,0.582239272,0.387142329,0.19251022,0.189081134,0.839714604,1.0733914
11879,0,0,0,0,0.173732258,0.200925625,0,0,0,0,0.442310057
11880,0.188628649,0,0.206941496,0.373559385,0.365356251,0,0,0,0,0.220910356,0
11881,7.308685023,6.666697776,7.704089954,5.396856023,4.776246016,6.867862774,6.503638271,6.58028571,5.73106503,3.213288609,1.316381286
11882,7.287878101,9.645818659,6.91339062,7.611188169,9.643067727,14.69046934,14.9096805,6.37513666,6.336300406,10.68276404,9.168715443
11883,18.04410059,16.83009338,18.10897828,14.6872211,20.54722386,22.07836117,19.21177872,19.12584432,19.50697341,20.30332317,23.11016568
11885,5.934534619,1.243258203,4.261882057,0.931755979,0.903018999,2.743969473,0,5.010559077,0.189807699,0.869108296,0
11886,2.304477095,1.45150147,1.63800084,2.043188401,2.204453123,1.174787337,1.182154512,1.542610163,1.155413834,1.06327562,1.514671875
11887,0,0,0,0,0,0,0,0.19251022,0,0,0
11889,12.54689767,10.45545607,14.83819551,11.15326303,11.45404781,12.13375714,13.16409769,12.16706639,12.06385943,12.39833162,9.992312087
11890,2.690794149,1.467434213,3.458841877,1.855633561,0.56449308,2.54430684,2.378750637,2.900667598,2.676854157,2.776951326,2.617220673
11891,0,0,0.203084457,0,0,0,0,0,0,0,0
11892,0,0,0,0,0,0,0,0,0,0.850095015,8.933604382
11894,4.588444264,7.010253224,5.487484433,10.07621802,10.89662606,7.068682808,8.000575831,9.084541346,7.839789083,5.317666664,3.696338024
11895,0.190197488,0,0,0,0,0,0,0,0,0,0
11896,0,0,0,0,0,0,0,0,0,0.209220459,2.598606456
11898,10.75563238,11.51587371,13.42588529,12.6339862,12.94098389,11.91227385,12.23178323,13.91222808,11.68678646,11.78348751,13.11515175
11899,5.010736589,3.588168092,3.658069294,4.073346316,3.986229445,1.560518413,1.755213662,1.351494204,1.52603016,2.160038947,4.570442162
11901,0,0.166666667,0,0.183790577,0.531417029,0.3938717,0.376873516,0.386973618,0,0.209220459,0
11903,0.382292267,0.166666667,0,0.746335456,1.09591011,0.582239272,0,0,0,0,0.446026181
11906,0,0.185279653,0,0,0,0.400832093,0,0.193364302,0,0,0
11907,0.564695546,3.612805558,0.615297362,3.151184097,4.548558321,4.342780674,4.342938682,4.440654729,4.797965069,3.635000348,2.838799662
11908,0.791246742,0.72627491,0.203508386,1.107619568,1.113801845,0.200925625,0.589595183,0.577661338,0.385303787,0.41821666,0.867662858
11909,10.9387207,7.74686255,10.1522382,5.001970769,6.37602642,6.815300009,3.759323864,3.859332083,2.865358777,5.122554767,6.30634016
11910,8.807353609,3.574801091,9.962886755,1.670947761,1.090948686,5.850695045,5.107279601,5.601843972,4.987878426,4.713184773,3.926807811
11912,1.722971274,2.365237419,2.648842541,3.167822379,3.0575084,0.969917512,2.918161358,2.315684612,2.865935291,1.263414693,1.740810065
11913,6.160617821,6.088051499,6.907059178,5.576870571,5.637097062,6.654940698,7.126443345,6.374309352,6.508274675,7.283678943,7.184166126
11914,0.579958827,1.60557963,0.811190354,0.565086382,1.45331465,0.780915637,1.380573227,0.38631907,0.76301508,0.430130815,0.650081336
11915,5.461718748,5.793262181,5.080659278,4.290130481,4.202395345,5.688062209,5.904544392,5.019955341,5.945291043,4.696934795,3.291267124
11916,0,0,0,0,0,0,0,0,0.189477632,0,0
11918,0,0,0,0,0,0,0,0,0,0.851404501,0.87510081
11919,0,0,0,0,0,0,0,0,0.189807699,0,0
11920,1.909775719,1.982204106,2.448232487,4.101692184,3.066461538,1.380887265,1.931905623,2.512353269,1.723851361,1.51111023,1.740424288
11922,0.384094626,0,1.220783421,0.932688027,0.922177852,0.973861713,0,0,0,0,0
11924,2.510193229,1.972680199,4.063514663,7.444344117,5.604461978,1.964527773,0,0,0,0,0
11925,13.26367832,15.85444648,9.788373334,13.02867413,11.86467157,8.795833977,12.77626251,9.075727377,11.86528716,11.12844842,10.24912498
11926,1.34287959,2.008658471,1.017597072,2.057698133,2.351355048,0.968214182,0.796475147,0.58033792,0.768912627,0,0
11927,2.471405418,7.463844645,2.449513231,5.590727198,4.923996064,4.491011108,7.44595338,5.979534693,9.575106075,5.34225579,3.2638053
11928,0,0.169232409,0,0,0,0,0,0,0,0,0
11929,2.886260126,0.738863417,3.040163902,0.37277607,0.544049933,1.37664097,0.394910731,2.309749154,1.155088398,2.127039561,3.030720494
11933,0.581761186,0.748886181,0.406592844,2.058432856,1.829878044,0.391240361,0.195435043,0.190304961,0.189477632,0,0
11934,1.163544218,1.627609557,1.630376488,1.110956153,1.107275896,1.174787337,1.182154512,1.15916721,0.953670252,1.073431773,0.867662858
11935,1.137185301,0.524211314,1.828032502,0.185548766,0.551860177,0.197909432,0.794261592,0.390006185,0.763741645,1.282652232,1.726197892
11936,1.152682102,1.097301059,1.418439435,1.486621754,1.276168316,0.780915637,0.79753212,1.34947217,1.154962859,1.073656031,1.307247758
11938,0,0,0,0,0,0.195962267,0,0.774016091,0,3.202185159,3.242632288
11939,0.551399327,1.068001314,0.817948933,0.562544878,1.086832749,1.174787337,0.787994371,0.19251022,1.142354889,0,0.644316771
11940,0.201691347,0.169232409,0,0.18083012,0.180258207,0.390694432,0,0.193364302,0.189206673,0,0
11945,25.19570591,23.44409483,23.81441979,23.59807044,22.42352997,20.34380948,22.84330634,19.1262979,18.95109207,18.20869654,23.91546236
11946,0,1.036332978,0,0,0.528585387,2.734450443,2.759219755,0.392028219,2.11984706,8.5885775,5.650771884
11947,0.18060092,1.074876993,0,0,0.173732258,0.380083545,0.198705571,2.507340749,1.344871586,0,0
11949,0.201691347,0.354512062,0.60558795,1.11008142,1.26070377,0.788510333,0,0.387356378,0,0.212277485,0
11950,1.364980199,2.886915004,0.605486059,4.641570113,5.63781826,0.787109097,1.970455266,1.744648293,3.635840811,3.194761621,0.662930988
11952,0.390931954,14.93955763,1.010507498,17.09970317,21.34449028,26.61177034,30.85283622,24.71122346,36.56143077,3.433477952,10.00208942
11954,0.18060092,0.169232409,0,0,0,0,0,0,0.19524964,0,0
11955,2.308501882,2.818602038,2.441566842,2.23250143,2.188125912,1.374693805,1.182154512,1.15916721,1.148919892,1.723163457,1.527868689
11958,14.62387892,14.98334763,14.42938719,14.50020016,16.59859086,17.41899442,15.90472521,15.27391227,17.41877249,17.68072088,19.15025923
11959,0,0.188312238,0,0.560410562,1.278595506,1.370749605,0.576329678,0.579683372,0.189807699,0,0
11960,0.384094626,0.552847065,0.607681967,0.556147694,0.3718822,0.199906468,0.795012183,0.773292688,0.770031059,0,0
11961,0.201691347,0.166666667,0,0,0,3.51574816,1.154599075,2.513781576,0.770031059,6.39250034,3.911233003
11962,0,0,0,0,0,0,0,0,0,1.285302892,0.446026181
11964,0.9698806,3.219282639,0.411788976,3.716322029,5.114228719,3.705516968,4.107314154,3.475269595,2.684988568,1.276720288,0
11965,0.771958674,0.533767236,1.023127407,1.116478605,0.905850641,1.174787337,1.182154512,1.15916721,1.148919892,0.850773878,1.300806478
11966,0.201691347,0.751026877,0.407830045,0.18083012,0.19289111,0.588603865,1.171885699,0,0.574264012,0.420867321,0.650081336
11967,6.976702567,7.295740981,7.735045309,7.071969468,6.531035997,6.439592615,5.707626858,5.607935881,6.110739536,8.119207116,7.835662821
11968,9.842127631,9.702175099,9.97287787,9.473059612,12.06820721,9.202336431,13.35734521,13.31520142,14.71008754,10.4678359,7.847202674
11969,7.65992021,6.560646848,8.551960824,8.534002501,7.08103424,2.364129763,3.55109742,3.868613977,2.486344404,4.071924078,6.529097482
11970,6.67750743,5.345557553,6.313367591,6.326117892,6.529018055,6.261637758,7.861734153,7.338446211,7.846938528,4.30177149,2.392420614
11972,1.524651125,0,1.82856728,0.189768808,0.744471057,0.963724052,0.377624107,1.734240529,0.385574746,1.282652232,0
11973,25.27581989,21.63699006,24.60973693,16.54423976,19.33535546,24.10272864,25.77575763,25.321415,22.03492894,22.43908763,16.71237967
11974,0.579958827,0.166666667,1.022703478,0.934773752,0.179977976,0,0,0,0.189807699,0,0.643287189
11975,0.384094626,0.166666667,0,0,0,0,0,0,0,0,0
11977,5.756367802,4.13767092,5.890844742,2.046952664,1.997364583,4.700077358,6.328299297,6.178494777,7.480591234,6.622936225,7.199169779
11978,3.060869196,2.330339346,1.827930611,2.982310438,2.550772107,2.557621767,2.346735544,2.504480942,2.885037203,2.766346658,1.747218436
11980,0.583330025,0.719513732,0.612677524,0.737396768,1.09591011,0,0.777725559,0.190304961,0.763741645,0.219600869,0.422666258
11981,0.791246742,0.166666667,0,0,0.180258207,0,0,0,0,0,0
11982,20.53479408,15.19536018,21.76000895,16.02312975,13.38454278,20.93084682,17.53094132,18.53872926,18.56443349,13.48123091,12.4136485
11983,8.268312149,8.985496966,8.965277661,8.923924183,7.965333262,9.779874627,9.855587726,5.613890043,7.07138654,4.905207957,3.696376638
11984,1.743806336,2.86258919,1.632996326,4.840883965,3.120105025,3.53288749,2.362775296,3.280676521,4.217692687,1.05868485,0.650725142
11986,0,0,0,0,0,0.189768808,0,0,0,0,0
11989,4.422547968,11.31237757,4.266175191,13.77806418,16.43372464,10.94968016,9.841284774,7.912501725,5.915576208,13.4767403,14.61959859
11990,0.19766656,8.209709281,0,2.603519312,1.843354275,15.49064392,13.21461373,21.03908681,13.78716425,0,0
11991,0.973650021,0.917267391,1.01060939,0.739482493,1.09591011,0,0.57305915,0.196014109,0.568366466,0,0
11993,9.39281113,8.215701747,7.517207159,5.589594012,5.974482178,12.49855994,8.650472608,6.9541224,7.277520062,12.37374249,9.348991989
11994,0,0,0,0,0,1.564462613,0,2.508367592,0,2.132747247,1.547545397
11995,1.16293226,4.171053964,1.222979329,5.211047605,4.552993706,3.554702291,3.357875933,4.054596982,2.878393211,1.07100537,0.862251159
11996,1.945497683,1.081368315,1.423867878,1.305791634,1.09591011,1.949288511,1.37059127,2.126390185,1.716956291,1.703519553,1.294398107
12001,0,0,0,0,0,0.189768808,0,0,0,0,0
12004,8.082590973,6.430629102,6.499331024,5.215456371,4.539761191,5.651132153,4.3179414,6.381359212,6.509705987,6.634577882,10.22688948
12005,0,0,0,0,0,0.195962267,0,0.193364302,0,0,0
12006,0,0,0,0,0,0,0.204666409,0,0,0.854055161,0
12007,6.90195927,5.290467273,4.266233539,3.71871184,2.878656074,7.663209463,5.696262019,6.573644126,5.162723075,0.428597071,0
12009,0.567454786,0.169232409,1.431381381,0,0.360236183,1.188869198,0,0.386345844,0,0.632920548,0.432146948
12010,0.382292267,0.354512062,0,0.376996112,0,0.190314737,0,0.968207701,0.960560692,0.208996201,0.429460406
12011,0.771958674,0.543675499,0.203508386,0.554389505,0.384515104,0.784566132,1.394125588,1.15696195,1.338001027,0,0
12013,4.204605004,4.12671447,4.684138577,4.271882743,3.490844331,3.325433423,3.752186918,4.047814508,3.43397632,5.330972259,5.024330687
12016,1.735778607,2.11988268,1.409679773,2.599755049,1.460827486,2.371342379,0.988527033,0.769788798,1.912265039,1.91557278,1.525143533
12017,1.920615989,0.933666978,1.614323469,2.603567903,2.936571506,1.568952743,1.360016075,0.969306797,0.379285331,0.432557217,0
12019,0.579560603,0.757092047,0.612999562,0.741616809,0.373149317,0.5866567,0.394140614,0,0.762618582,0.639127016,0.43317653
12020,0.188628649,0.383500156,1.017698964,0.741616809,0.180258207,0.380083545,0.609095362,0.385491762,0.573933946,0.432557217,0.877787353
12021,0.37826748,1.036332978,0.395312028,0.935241298,0.882575852,0.389675276,0.970183436,1.350709013,2.284926259,0,0
12022,0.188628649,0.185279653,0,0.560786689,0,0.973861713,0.204666409,0.193992076,0,0,0
12023,0,1.077328235,0,0.739938271,0.918483545,0.780915637,1.009196814,1.542453712,1.33210811,0.642184042,0.221650513
12030,1.729553237,1.803447789,1.625180356,1.861859677,1.453594881,1.942598993,1.181097538,2.321366986,2.298687258,1.703925919,1.960659442
12031,16.59993035,14.04695861,19.10256093,13.59205964,12.98681234,16.81161478,16.52347095,17.77122898,18.78664849,9.004223428,11.12385763
12032,2.882235339,1.944044448,2.031116959,1.673045252,1.449620344,2.537942246,1.782018508,2.510688188,1.718342989,1.502253102,1.527868689
12033,0.949188396,1.806013532,1.431381381,1.676063025,3.235215194,1.762917975,1.380860083,1.548702072,2.304129199,0,0
12034,19.70794638,23.53604207,17.7035675,20.79420377,18.63900601,17.19823238,21.05675658,17.76103096,21.22802747,15.36668899,18.32451999
12035,0,0.52852125,0.197656014,0.751857907,0.711395006,0.395868736,0.40337198,1.15916721,0.953670252,0,0
12036,0.562893187,4.679476685,0.618730472,4.816749538,4.411752429,2.328303028,2.94467284,5.032820481,3.257161136,0.852745675,2.192120197
12037,1.899547407,2.358860597,1.418439435,2.234159478,1.66040319,2.149668207,1.94842213,2.318334419,2.676728618,1.502253102,1.749519202
12038,1.358142871,2.142763806,1.214931048,2.983533197,2.716711299,1.765640461,2.568975432,2.510278653,2.284450773,1.513942998,1.733668755
12039,1.526618187,1.617701293,1.420533452,1.866250787,1.459701835,1.958880242,0.790514309,1.352305202,0.379014372,0.219600869,1.327568272
12041,1.734209768,2.167868116,1.424291807,2.232957209,2.191820219,2.153612407,2.364309024,2.510844639,2.102590145,1.703519553,1.950534947
12042,33.99474017,44.56136962,32.56155937,41.51207237,40.29926419,56.58084936,63.47984671,61.99733983,72.55946835,57.73567054,40.74877026
12043,6.471324254,10.25676872,4.455393581,10.43792685,12.00972868,8.774947184,10.58889976,10.44311122,9.754350095,8.985857322,6.320032887
12044,0,0,0,0,0,0,0,0.192981542,0,0,0
12045,1.539914406,0.904678885,0.816185911,1.487496486,1.443233159,2.15878671,1.967184737,3.094659674,2.292397844,0.428597071,0
12047,2.121063634,3.202102194,1.017931275,3.717572889,4.011758238,2.731605384,2.363538906,3.670011848,2.286834994,2.345072972,2.626701363
12048,0,0,0,0,0.173732258,0,0,0,0,0,0
12050,13.15686809,18.72769278,11.21617617,22.50219552,18.95805369,12.34308698,8.503111938,10.8314791,9.739320613,2.346820511,4.774608582
12051,2.691330961,5.590646892,3.664113285,3.529043174,4.002524869,7.647676495,7.494105022,5.798180021,6.317932382,2.992185683,5.230373482
12052,1.343889772,0.536799821,2.450954216,0,0,1.969964358,0.787243781,1.548545621,1.148919892,3.646914503,4.802608651
12053,16.00778042,15.96290796,16.27102684,14.11697194,16.00019564,18.61587717,19.71460152,17.38872254,20.13582154,6.022011789,8.056888943
12055,1.321789162,1.844557547,2.236821254,1.86411647,1.976938614,0.189768808,0.582577372,0.57662403,0.959838758,1.058460593,0
12056,1.914737601,2.38773419,2.022586401,3.912308228,2.535307561,3.362390519,3.550791037,3.671493704,3.250724365,1.070374747,1.753659716
12058,0,0,0,0.183790577,0,0.197909432,0,0,0,0,0
12059,0.573733457,1.290859283,0.203508386,1.67217052,1.663515063,0.398835057,0.40337198,0.196014109,0.770302018,2.15665751,2.841557728
12060,0.387864048,0.179255173,0.203508386,0.375317574,0.900467587,0.195962267,0.394910731,0.193992076,0.384456313,0.433187841,0.657552199
12061,0.580517484,4.483437569,0,1.50580154,3.275097425,9.002591038,8.053702261,5.60503299,6.31393894,2.129384009,0.652382102
12062,0,0,0,0,0,8.647421246,2.731644791,2.12232031,1.161252273,5.566529384,3.727796188
12063,0.399357907,0.549699979,1.017275035,0.375317574,0.19289111,0.400832093,0.38789292,0.193364302,0.189477632,3.626415717,3.476746676
12065,2.106251878,3.465603077,2.027785741,3.152850868,3.609790273,1.954936042,2.939926328,2.703259228,3.073642851,0.654098196,0.881927867
12066,0,0.188312238,0,0,0,0,0,0,0,0,0
12067,3.289620975,2.554515357,2.648406447,4.273620441,4.393580463,2.730204148,2.965229993,3.284991409,4.013527594,2.134767284,2.176293065
12068,0.598848672,1.761445037,0,0.924076875,1.646205761,0.977897061,0.576329678,0.577661338,0.764463579,0,0.644702547
12071,4.61725913,3.607165434,4.263267902,4.269839844,3.812621409,2.927567652,3.152609778,5.409203073,3.453504697,2.561392558,5.651662996
12072,0,0.166666667,0.206941496,0,0,0,0,0,0,0,0
12074,0.190197488,0.565747224,1.219926606,1.110956153,1.83696709,0.976877905,0.401158425,1.15916721,0.959112193,0,0.217934388
12075,0.956584381,1.091276579,1.22120735,0.742919219,0.922177852,0.581009169,0.189187349,1.549896798,0.580824386,1.070374747,1.518387999
12077,2.110835322,1.813356053,2.442804043,1.861939328,0.191623994,1.954936042,2.371326835,2.514348528,2.486920919,9.400053107,5.443808785
12078,0.949188396,1.247568139,0.609343098,1.851741055,1.8136923,1.771581698,1.36030293,0.964634956,1.718012922,0,0.864937701
12079,0.18060092,0.169232409,0,0.189768808,0.177426564,0.588130637,0.377624107,0.193364302,0.385178248,0,0
12080,10.6043948,12.65669492,12.20503456,9.858301317,12.46249896,14.83221977,13.59787928,10.24084875,10.32841751,9.586683251,8.463910857
12081,2.489102802,1.577442735,2.240053789,0.922865883,1.261690657,0.973861713,0.777725559,1.542836472,0.757969637,0.639127016,0.644316771
12082,11.97969825,16.31657987,13.22764256,20.84227501,17.83090247,15.00558475,14.95471897,16.43097082,15.90677764,17.04626457,16.14305225
12084,1.125691441,1.269213711,1.425952938,1.860181139,1.641524568,3.13761178,1.97016841,0.580311145,1.155935871,1.070374747,0.864937701
12085,0,0.169232409,0.197656014,0,0.19289111,0,0,0,0.189081134,0,0.220620931
12086,2.31276019,11.26446595,2.236719362,7.775460855,7.332401244,3.896939235,9.621458707,5.407249931,11.48995463,5.327871057,3.907131103
12087,85.61651726,72.15248224,86.06852059,61.20641457,70.94464823,60.87682768,68.95991063,51.56880583,58.19619468,88.2549156,95.59177213
12088,1.148982452,1.58257422,1.226211864,1.312972133,1.661967715,0.59114683,0.99266078,0.579683372,0.763616105,0.853830904,0.640986423
12089,4.266105383,3.213445363,1.628511574,2.41333155,2.141997963,2.353820969,2.148623211,1.738938177,2.296721352,0.842141007,1.526839107
12090,15.82197637,21.68190205,13.19758379,21.61167208,22.62618312,22.68174551,27.45710348,27.62028503,27.34171242,18.64458329,15.89949466
12091,12.15156455,13.833978,11.60138944,15.80536952,14.2597591,16.76617348,20.53985046,24.71167961,27.86703332,10.26100406,11.72286991
12092,1.137185301,1.800300704,1.226211864,2.792869166,2.760287836,1.572603238,2.358348186,2.706858748,2.291220304,0.641777676,1.514633261
12093,5.765070966,6.354740158,6.523219584,7.986785885,9.271991795,5.265057501,5.750603611,4.644897151,4.40717495,6.837185507,7.19202847
12094,3.641456451,3.484682906,3.666965434,4.090585077,4.590867742,2.372481334,3.568960407,2.710362638,4.401282033,2.773007732,5.013452249
12095,0.761118404,1.062288486,0,0.187227304,0.173732258,0.197909432,0.987006325,0.385020439,0.763411578,0,0
12096,26.68270579,24.66779498,33.74448627,23.64142477,25.69322709,40.33768737,38.33802541,38.81833511,36.8102473,26.07557958,24.79628912
12097,0.594823884,0.354512062,1.432819158,0.370143149,0.173732258,0.792072454,0,0.38281518,0,0,0
12098,13.03988637,14.69283749,11.37211863,10.5990241,9.326105877,9.395805605,10.23813257,10.0397418,9.955300681,9.368729768,8.49548858
12099,37.05293968,37.35367437,37.40835829,31.83697617,26.43806345,28.20997428,29.3437123,28.18208881,28.18733444,33.26621215,26.10685532
12100,6.909753479,3.27860888,5.486525726,3.90336954,4.172297131,7.621207715,1.974646757,8.50951935,2.880689184,2.980057733,1.08931337
12104,0.566896129,1.567886814,0.411687084,1.67217052,1.8136923,0.976877905,0.790514309,0.965802907,1.345017006,1.07100537,1.521113155
12105,7.905077746,9.005304652,6.912054735,6.512179753,8.542580832,5.262262313,6.694745811,7.925886573,8.228007055,6.613218126,7.616038563
12106,3.831348588,2.908560576,3.871385776,2.78815052,3.459174161,4.28721031,2.735972293,3.664747247,3.262598447,1.707661808,2.173567909
12109,4.787935029,0.531086993,5.284632287,1.300688135,0.730273628,0.787059226,1.00921634,3.684662248,1.716564423,1.04830444,0.643287189
12110,0,0,0,0,0,0,0.205723382,0,0.189477632,0,0
12112,0.95815322,1.222079474,0.611762361,2.977634617,2.347660741,0.973861713,0.771764721,1.349881705,1.710521457,0.854055161,0.220620931
12113,2.500596661,1.250133882,1.21954622,1.304568874,1.461266361,0.981456408,0.967199763,0.773702222,1.33210811,2.144437144,1.732953426
12116,16.27195276,18.45843392,16.07522072,20.11965492,22.9965254,15.64239222,18.50414014,14.87230553,17.60160613,23.48294126,22.40947372
12117,4.005187326,3.402536096,5.891445274,4.086912232,4.3788006,5.469381397,3.93139231,5.410344286,5.012747716,4.702011858,5.00323862
12118,3.826789049,2.890798788,2.837302799,3.536990654,3.436196779,4.301292171,5.910466176,4.637522921,4.777419288,5.321759032,4.570239174
12119,0,0.549699979,0,0.189768808,0.177426564,0,0.376873516,1.158313127,1.343442968,0,0
12120,0,0,0.204847479,0,0,0,0,0,0,0,0
12121,3.491710546,2.702953393,3.244708915,3.170819661,3.282471497,3.720233131,2.185103632,4.055859596,1.541840684,1.715615815,2.619626999
12122,20.26995837,14.93196934,23.59613017,12.09664793,10.96763524,19.53899924,14.98797724,15.27211752,13.77824416,21.50469276,17.65433185
12123,1.124122603,1.304226284,0,1.119020108,1.449776352,0.787109097,0.970470292,0.38281518,0.764133512,0,0
12124,0.378826137,0.716833489,0.204745588,0.556566648,1.111250433,0.778918602,0.589595183,0.771339509,0.580427888,0,0.65613684
12126,3.653890722,6.836241837,4.05056376,8.572602348,11.83953208,7.035481798,8.086644824,7.149921669,6.89937035,10.71319472,9.360603365
12129,7.627302408,8.343385114,6.31709136,9.48147736,9.103677014,5.10486204,7.288055731,5.018726569,5.183795523,5.555163898,6.939195432
12131,2.30103281,2.680456622,1.630274597,2.78911667,3.255799809,2.750567843,2.986669891,2.701620922,3.445311178,0.209220459,0
12132,16.20021681,13.41449957,13.63894605,13.03567583,12.27726688,14.28028073,14.18990781,13.33597874,13.78108205,13.02728593,13.00668622
12133,2.705637361,1.441478705,2.833767797,1.300269182,1.273336674,1.554870882,2.165603453,1.352531512,1.72245734,1.920469762,1.736708164
12137,0.946732447,0.338464818,0,0,0,0.195962267,0,0.192981542,0,0,0
12138,4.822161241,5.714418917,4.880981319,3.889327354,2.586153762,3.497851954,2.379481701,2.126007425,2.879570752,1.699559406,0.876757771
12139,17.43450864,18.708374,19.5435922,13.40409185,14.26966741,14.68462785,14.18287047,16.80094667,16.46956847,15.3767315,10.86638902
12140,4.441384512,4.533064844,4.875518289,5.768418058,6.930594017,4.319700108,6.094691917,4.636963036,5.176642051,3.655727455,5.651657292
12142,2.70282482,0.879190219,3.261287754,0.933471342,2.738421564,1.171721275,0.99373728,0.772664914,0,1.084036441,0.211526017
12144,1.153619197,1.297734961,0.204745588,0,0.903018999,1.172840172,0,1.548728846,0.953399294,0,0
12145,0.564695546,0.904678885,1.019139949,0.745879677,1.83925288,1.159548075,0.986719469,1.738651047,0.770031059,0.860037372,2.156302103
12146,0,0,0,0,0,0.189768808,0,0,0,0,0
12147,0.195465977,0.179255173,0.203084457,0.379081837,0,0,0,0.19251022,0.189807699,0,0
12148,0,0.531086993,0,0.370598928,0,0,0,0,0,0,0.439584901
12149,0.390319996,0.383500156,0.411687084,0.737396768,0,0,1.384607366,0.9631531,1.350789013,0.841734641,1.290329116
12150,3.221336569,5.110151768,4.684110049,4.851430264,5.298585685,2.153612407,3.745919697,2.70265823,5.162747586,5.35367319,5.216141382
12151,0,0,0,0,0,0,0,0,0,0,0.864590539
12152,0.201691347,0.550166822,1.016461762,0.559911957,0.904286116,0.389675276,0.38789292,0.390006185,0,0,0
12153,3.237158507,3.631377855,2.85920819,3.542620858,2.514881592,1.941147886,2.549475253,2.893974691,3.258484096,2.132116624,1.525182147
12154,9.459334808,12.72669487,8.135135956,12.08868596,9.908473515,8.219567161,9.430444268,5.408139027,6.711286739,8.967068298,7.629692676
12155,15.946149,16.09346525,16.64398842,14.8764088,15.29569662,16.09349633,17.04895851,18.35025171,15.6903904,12.19719536,21.51215642
12157,1.755300195,0.195187917,1.634666414,0.373103606,0.179977976,0.973861713,0.977488103,1.55075088,0.76301508,2.133682055,0.653411684
12158,4.010127363,1.793425025,2.639757633,2.240613977,1.643934579,1.382288501,2.179162321,1.935336014,1.93823288,3.658198034,1.749172039
12159,0,0,0.197656014,0.371017881,0,0.400832093,0.195435043,0.190304961,0.189477632,0.211646862,0.422666258
12160,5.603084739,2.909339071,6.697921773,5.216014136,4.94431499,4.499292752,3.363797717,3.479079114,3.826291456,3.852771724,5.201947896
12161,0.581761186,5.061699489,0.816287803,9.663155956,11.52102552,3.334543334,4.734578885,5.407940459,7.472895241,1.488316883,2.384741059
12162,0.576492697,1.102547044,0.611338431,1.675586756,1.644938644,1.164649677,2.364309024,0.582516405,1.717616425,1.07100537,1.313656129
12166,3.250221206,3.248343436,3.040387256,3.162208509,3.445998041,2.359166406,1.560065475,2.512709255,1.527604198,1.271368701,0.444996599
12167,0,0,0,0,0,0.197909432,0.205723382,0,0,0,0
12169,0.770156315,0.710342166,1.212837032,1.302027371,1.435422915,1.177803529,1.191385878,1.547063765,1.736760257,0.64046819,0.211526017
12170,14.59797153,11.92853375,17.30620955,7.084874312,9.089182176,13.31934348,9.255566378,12.94380214,9.005175002,20.94926869,23.09587849
12171,0,0,0,0,0,0.199906468,0,0.386973618,0,0,0
12172,0.18060092,0,0.197656014,0,0,0,0,0,0,0,0
12175,0,0,0,0.368057424,0.360516414,0.195962267,0.189187349,0.193992076,0.189477632,0,0.221650513
12178,6.748349011,6.655469107,8.356689486,9.105527049,9.447432137,9.369500674,7.842481776,10.04735377,9.955972767,6.202955473,8.522692375
12182,0.19766656,0.38046757,0,0,0.179977976,0,0.404428953,0.965175134,0.954396817,0,0
12183,0,0,0,0,0,0,0,0.193992076,0.189477632,0,0
12184,7.639786663,6.990589688,6.092970492,7.816609816,5.828598926,5.86069446,4.915591841,6.953494627,4.974388386,2.150417327,2.174910616
12186,0.766131527,0,0.604248857,0.370598928,0,0,0.205723382,0,0,0,0.220620931
12188,5.532976129,6.099976012,3.665783373,4.281191793,5.231290688,5.483242254,5.094033623,6.378551987,5.355974319,2.136707393,2.389348295
12189,0.770389835,0,1.014265854,0,0,0,0.205723382,0.578856064,0,0,0
12190,0.775983461,1.049388327,0.406592844,0.189313029,0.735673926,0.199906468,0.986719469,0.961104292,0.764463579,0.864435572,1.307247758
12193,20.68445595,18.49580531,21.94189365,15.81000262,16.01391984,14.09460299,16.58906392,15.24864369,13.98369493,21.80225518,17.1380394
12195,0,0.185279653,0,0,0,0,0,0,0,0,0
12197,1.729733456,3.842227554,2.441032064,2.983512706,3.664698175,2.34143405,1.985627943,2.31984305,2.305577698,1.289975617,0.869078216
12199,0.574292114,0.914701649,1.220783421,1.116478605,1.09591011,1.174787337,1.182154512,1.15916721,1.148919892,1.282652232,1.307247758
12200,0.965622292,4.191992487,1.82970259,2.603100358,4.004228158,1.171821016,2.53871016,0.775697481,3.434156337,0.428597071,1.284531641
12201,0,0,0,0,0,0,0,0,0,0,0.422666258
12206,0.382292267,0.869666311,0.197656014,0.558652373,1.257872128,0.5866567,0,0.386973618,0.574534971,0,0
12207,5.563663124,5.372069209,5.704748038,7.271566186,7.834880133,5.670379723,8.902790522,4.639031515,7.279899653,6.610116923,8.044849458
12209,1.964999486,1.275974889,1.827652116,1.851698229,0.72430814,1.745185619,0.789051345,2.119643728,1.148919892,0.428821328,0.441241861
12210,0.19766656,1.448354384,0.60601188,1.672626299,1.827748263,0.386277004,0.983448941,0.193364302,0.385178248,0.212277485,0.211526017
12212,0.19766656,0,0.203084457,0,0,0,0.189187349,0.190304961,0,0,0
12213,7.274346302,8.157710065,7.325124455,8.926617586,8.775247129,8.823321914,8.257814486,7.532036822,7.466785843,8.79078485,8.269269445
12214,0,0,0,0,0,0.190314737,0.205723382,0,0.189081134,0,0
12216,0.570920916,0.185279653,0.203508386,0.189768808,0.351158822,0.380083545,0.771477865,0.581888631,0.56776544,0,0
12220,10.46609152,15.5019286,12.40625731,15.06731768,16.77757938,16.05376965,20.07463262,19.70096072,22.78413841,16.43892189,14.37749982
12222,0,0.166666667,0,0,0,0.991685217,1.391148423,1.739949678,1.345472611,0.420867321,0
12223,0,0,0,0,0,0,0,0,0.189206673,0,0
12224,0,0.335899076,0,0,0,0.976404677,0.791571283,2.124342344,0.965610765,1.282652232,0
12225,0.766386893,0.879574575,1.430635414,0.928447495,0.347464516,1.958880242,0.78205306,2.69856158,0.959838758,0.632514182,0.211140241
12226,0.18060092,0,0,0,0,0,0,0,0,0,0
12228,0,0,0.206941496,0.18083012,0.180258207,0.195962267,0.198705571,0.190304961,0.574384921,0,0
12232,0.949188396,0.531086993,1.008846367,1.118157142,1.276168316,1.376690841,0,1.931334027,0.965881724,0,0.221650513
12233,0.98144423,1.036332978,0.612575633,1.29091154,1.453594881,0.994610261,0.804530405,0.971738365,0.959563169,0,0.221650513
12236,1.544570937,1.250600724,1.214931048,1.116478605,1.09591011,1.174787337,0.78205306,0.96277034,0.952822779,0,0
12237,0,0.348487582,0,0.560410562,0.384515104,0,0.198705571,0.583370487,0.379285331,0,0
12238,1.146223212,0.885599055,0.608105897,0.74116103,0.353990465,0,0.189187349,0,0,2.359589546,1.314074815
12240,0.577758244,0,0,0,0,0,0,0,0,0,0
12241,0,0,0,0,0,0,0,0,0,1.07280115,0
12242,1.158253883,0.188312238,2.452089526,0.369339344,1.129249213,2.553181508,1.971975974,1.545513054,1.331837151,6.391190854,2.822910601
12243,0,0,0,0,0,0,0,0,0,0.420867321,0
12245,1.322114299,0.523744471,0.60558795,0.364620697,0.19289111,0.195962267,0.198705571,0.579300612,0,0,0.211526017
12246,0.18060092,1.077058379,0.197656014,1.489582211,1.998929109,1.176784373,1.175136701,2.125824199,1.528055174,0,1.740424288
12248,39.77666083,35.95568068,44.34545445,35.85333045,37.03123066,42.80621701,40.56841631,39.9693358,38.46292358,26.29338873,21.96879342
12251,0,0,0,0,0,0,0,0,0,0,0.221650513
12253,2.14899139,0.924609913,3.049239852,1.678567704,2.000196226,2.539889411,1.74819585,2.320356453,2.094726692,2.356714629,1.320483186
12254,0.589555395,3.240531708,0.204847479,3.905980126,5.083265204,0.195962267,0.566811456,0.384297036,2.298566349,2.336440101,4.136566731
12255,8.319370481,10.44558849,7.098429933,8.73907908,10.02668311,5.306366482,9.433414921,6.769412218,7.865828589,9.824524476,10.8627001
12256,0.19766656,0,0.197656014,0,0,0,0,0,0,0,0
12258,1.90731977,0.851053325,1.625702969,0.562544878,0.902738769,1.576253733,1.780981061,1.545513054,1.142630478,8.103343277,7.631260503
12259,10.002595,10.48447617,8.135368267,9.668328536,9.871125518,8.818854615,10.23015089,8.495435903,6.875355858,7.060342185,6.957946991
12260,0,0,0.203084457,0.187227304,0.366623368,0.200925625,0,0,0.189477632,0,0.217934388
12261,23.23078157,20.97953675,26.67801979,23.05369365,20.53089824,26.83094303,26.29566432,31.29633847,28.32182583,16.2381522,16.77947264
12262,3.083926686,5.243479714,2.44146495,7.998357494,8.879827184,3.906603668,4.904672046,4.831655138,5.379646188,2.766346658,3.706501134
12265,2.312829961,4.385580361,3.252859087,4.466777384,4.00082869,1.774548019,3.375332928,3.282855005,5.191257847,9.599165653,6.95246377
12269,4.080867718,6.690129338,3.869202033,9.10566586,10.40752115,6.283505203,5.883255339,6.961027278,7.655411372,8.336343805,8.890758834
12270,1.17377253,1.249323373,0.406592844,1.864073644,1.454301537,1.365102074,1.189922914,0.577661338,2.101742671,1.693545508,0.650725142
12271,3.481642668,8.596213477,2.859428336,10.60737004,11.30756704,10.36154952,10.83451927,7.721759488,11.87331785,5.328776205,5.440259022
12272,9.63518964,8.573859751,8.571737612,10.41717051,9.60360449,10.17909176,7.892228538,2.514252899,3.243562966,3.194082757,1.541104117
12273,17.5279595,12.15608948,14.40679289,10.06137475,10.73823682,11.34767836,6.841649254,11.20674632,7.464036372,15.59668682,12.18824895
12276,0,0.557042501,0,1.122456835,1.076751257,0,0.788013898,2.314674079,2.480631505,0,0
12277,0,0,0,0,0.177426564,0,0,0,0,0,0
12278,0.980487349,0.166666667,1.220783421,0.187227304,0.180258207,1.375712962,0.986719469,0.387356378,0.574534971,1.282652232,0
12279,8.086849281,7.355935023,7.101400336,8.369224798,5.664489948,9.777152141,6.675825851,9.275987484,8.440087368,2.548585744,2.375999013
12281,0.777227163,0.719513732,1.4256309,0.742919219,1.09591011,0.789056262,0.592865711,0.962115792,0.384330774,1.070374747,0.446026181
12282,3.653960492,5.936424581,2.829910758,6.132562486,6.576038296,4.720867183,5.118757068,6.372826529,4.965894767,3.618868075,1.531590518
12283,0.201691347,0,0,0,0,0,0,0,0,0,0
12284,3.612338294,3.805500437,2.646544741,1.85842295,1.987283092,1.771581698,1.370571743,1.35313251,1.148318867,3.205366289,3.271018133
12285,0.952559594,1.278270776,0.409593067,1.30922836,0.533968441,1.56548177,1.558721646,1.15916721,1.72934778,1.270331712,0.446026181
12286,0,0,0,0,0,0,0,0,0,2.151760528,4.780233991
12287,1.359386573,0.710456667,2.238482385,0.920312612,0.931396679,0.987488793,1.199441136,2.128657232,2.297714246,1.692236022,1.088283788
12288,0.579958827,0.716833489,0.203508386,0.189313029,0.531136799,0.400832093,0.198705571,0.390006185,0.953670252,0.431247731,1.066211476
12289,0,0,0,0,0,0.590600901,0,0.190304961,0,0,0
12290,5.175799077,5.040365569,3.84363122,4.846298665,4.341189551,3.728685908,3.563730633,3.477030306,3.257799452,4.920759873,2.803047387
12291,3.657606842,2.094197027,4.667865412,3.536642627,3.454936638,2.524154091,3.546889053,3.092009867,2.859795927,2.987887637,3.50215504
12292,2.709358857,1.744109402,1.62071062,1.86411647,1.28880122,1.185944154,1.57600827,1.545486279,1.14931639,0.630494145,0
12294,0,0,0,0.376996112,0,0,0,0,0,0,0
12295,0.779449592,0.367567412,0.409593067,0,0,0,0.189187349,0.774016091,0.189081134,0.211646862,0
12296,4.084547583,0,1.828456431,0.371017881,0.180258207,2.913306269,0,2.702903243,0,1.493620231,3.694423035
12297,0,0,0.812529447,0,0,0,0,0,0,0,0
12299,2.111233545,0,2.441665525,0.185548766,0.366623368,0.389675276,0,1.735373467,0,0.211646862,0
12300,2.321239444,1.231520895,1.21682449,1.116558256,2.915848128,2.336805676,1.171866172,2.515926014,1.350187988,0.858727886,0.432146948
12301,0,0,0,0,0,0,0,0.38631907,0,0,0
12302,40.02475935,33.86523197,44.79863841,36.60930249,33.42446503,37.04607666,32.89016547,27.82695195,27.30905949,64.98496138,98.17168567
12305,4.946179973,6.184219358,3.262524956,4.449355787,6.370341096,5.078759666,3.926281671,2.313034805,3.826621523,1.282652232,1.307247758
12306,0.775983461,0.35194632,1.223301367,0,0.544049933,0.584186437,0.404428953,0.964321051,0.189807699,6.206701824,6.327679533
12307,2.302276512,1.757164751,2.640570906,3.166528693,2.955591595,1.356961449,2.354040211,1.154312143,3.636567376,4.476286475,4.13223971
12308,5.217819498,2.155778465,5.29262486,2.235547304,1.293921288,3.129016375,2.543188506,1.165572987,3.256104505,3.205324139,1.963384599
12310,0.384094626,0.335899076,0.204745588,0.37277607,0.173732258,0.400832093,0,0.772220366,0.189807699,0,0.211526017
12311,1.319986803,0.731987738,1.418541326,0.560786689,0.531417029,1.180434868,1.387571511,1.539332583,2.303486253,0.440511225,0.640600646
12312,0,0,0,0,0,0,0,0,0,0.208996201,0
12313,0,0.188312238,0,0.187227304,0,0,0,0,0.189477632,0,0
12314,1.516011438,2.4882606,1.63161369,4.089465502,2.749908936,1.179750694,0.593616302,0.763896424,0.958715696,0.208996201,0.660277355
12315,5.369791147,7.202365502,5.480191076,6.869519809,6.948329744,6.450317482,6.126764754,4.242366469,4.215667674,5.549380348,3.284825843
12316,0,0,0,0,0.173732258,0,0,0,0,0,0
12317,0,0.531086993,0,0,0,0,0,0,0,0,0
12318,24.59323399,25.95480931,23.16326124,30.34206319,27.67824164,26.23837799,25.94719462,28.98787984,26.80305153,25.47763903,27.19412342
12319,6.871830931,4.895458975,9.774111866,4.461694376,2.198346168,5.474890684,4.54093188,4.835742289,3.636441837,3.644718448,4.352619039
12320,0.956025724,0.179255173,0.410025953,0,0.179977976,0.190314737,0.590345774,0,0,0.65278871,0.435901686
12321,1.745608695,1.998521206,1.218587513,3.536663118,2.552336633,2.13812931,1.960937044,2.128029459,2.493936898,0.208996201,1.085597246
12322,0,0.715089295,0.203084457,0.739482493,2.027026558,1.368118266,3.126861905,3.087399814,4.784760704,0,1.965185733
12323,16.29932997,13.3242978,22.16205139,11.67621981,12.82461905,7.027975476,7.618611203,4.058065858,2.303365344,14.0990184,12.446054
12324,1.130347973,1.953600369,0.810757468,1.302027371,1.453594881,0.973861713,0.582290516,1.15916721,1.723701312,3.831818333,2.392845004
12325,4.978764261,0,3.854801188,3.156706548,1.831001602,5.283221807,0,0,0,3.42668301,1.518387999
12328,2.68552566,2.66483553,2.654360711,2.78480521,2.198346168,1.364556145,1.97118633,2.701176374,2.303281726,0,0
12330,0,0,0,0,0.531136799,0.195962267,0.189187349,0,0.189081134,0,0
12332,3.650822815,5.2027223,2.652597689,3.145682135,3.478087205,1.371677613,3.937333621,2.697933807,3.832393531,3.853938907,4.330788329
12334,0.188628649,0,0,0,0,0,0.198705571,0,0,0,0
12335,0.201691347,0.166666667,0,0,0,0,0,0,0,0,0
12339,15.36862302,13.05862211,14.83632485,12.47659458,11.85047408,13.71078896,13.78394513,14.28537861,13.99153176,12.4176174,13.06479803
12340,22.3546605,8.821552338,21.97533878,10.62596853,10.59647214,16.45219703,7.075488766,14.30256784,6.31379352,16.24476503,19.35295407
12341,2.115491853,3.227518155,2.435003089,3.541617882,3.468975422,6.287537778,6.281391874,5.036098062,5.169342556,2.572321637,2.182734345
12342,0,0,0,0,0,0.199906468,0,0,0,0,0.220620931
12343,0.201691347,0.848487582,0.204745588,0.917750618,0.918483545,0.390221205,0.198705571,0.7732309,0.189477632,0,0.429074629
12344,0,0.185279653,0.206941496,1.498193363,1.072493853,0.189768808,0,0.19251022,0.196097113,0,0.432790753
12347,0,1.27006491,0,1.492611751,1.480425213,0,0.579306843,0.581977194,1.539148213,9.611050147,4.14442337
12350,10.78928015,20.07914261,8.74878855,21.54409559,20.21879661,13.13541894,16.30875098,19.32857911,20.89862747,7.494644915,6.062326396
12351,2.896488438,3.763424981,4.057984328,4.091052623,3.4688512,3.910043217,4.144213585,4.442676763,4.40030439,5.3397977,4.136638254
12354,0,0,0,0,0,0,0.189187349,0,0,0,0
12357,0.18060092,0.524211314,0,0.559108151,0.351158822,0.199906468,0.387142329,0.192981542,0.196097113,0,0
12359,0.587354812,8.364009787,0.204745588,5.214903286,3.67437785,0.760167089,4.316133836,1.931265171,5.37233011,12.61482355,13.54256942
12362,0,0.185279653,0,0,0,0.197909432,0,0,0,0.211646862,0
12363,0.195465977,0,0,0,0,0,0,0,0,0,0
12364,0,0,0,0.189768808,0,0,0.189187349,0.196014109,0.189206673,0,0
12365,0,0,0,0,0.173732258,0,0,0,0,0,0
12370,10.19611576,6.831849249,11.01215698,7.243915257,7.47068659,8.407884862,5.717857454,5.609034977,2.89664765,7.23000031,7.001908772
12372,0,0.188312238,0,0,0,0,0,0,0,0,0.220620931
12374,0,0,0,0,0.369050558,0,0,0,0,0,0
12376,3.87917637,5.438750118,3.055525111,2.998065264,3.652647705,4.099861895,8.638956923,6.771015548,9.368563498,7.27261967,9.341239783
12378,0.190197488,0,0,0,0,0,0,0.190304961,0,0,0
12379,1.547383478,1.621160031,1.230068903,1.865795008,1.835278342,1.75028722,1.774713841,2.318778967,2.297839785,1.073431773,0.443301025
12380,1.738824668,1.429855898,2.231290919,1.300269182,1.466227784,1.164649677,1.182154512,1.34947217,1.723183905,0.209220459,0.217934388
12381,8.651921205,14.91242949,10.3776058,10.78832536,13.49412843,10.98305946,13.16086621,7.358859308,8.605363771,17.53025003,13.05010863
12382,0.19766656,0,0.197656014,0.370143149,0.180258207,0.197909432,0,0,0,0.208996201,0
12383,0,0,0.203084457,0,0,0,0,0,0,0.208996201,0
12384,1.735400169,1.269099211,0.617391379,1.682787746,3.65551377,2.134314966,1.979667105,0.774329996,1.353481484,0.417992403,0.864976315
12385,2.546148714,0.354978905,3.863439387,0,0.19289111,2.351995067,1.985627943,2.322944472,0.953549343,1.916021295,1.743149444
12386,15.88560219,11.77849375,17.27676213,12.81416309,11.30897562,13.73652093,10.41894526,12.75354993,11.69688197,13.69021363,12.90770432
12387,0.378826137,0.354512062,0.409593067,0.185548766,0.531136799,0,0.394140614,0.388995652,0.379285331,0.211646862,0.431761171
12388,0,0,0.203508386,0,0,0,0,0,0,0,0
12390,0,0.166666667,0,0,0,0,0,0,0,0,0
12391,3.637150218,5.94341476,2.837111181,3.531128899,4.544722614,5.288822241,3.709439277,3.669027122,2.303803763,3.401014746,2.831361709
12393,0.376066897,1.623725773,0,2.229122019,3.138276991,2.163204138,2.174409301,2.896309626,1.911934972,0,0.874457005
12394,0.772612263,0,0.402401602,0,0,0,0,0.38631907,0,0.632920548,0.217934388
12395,1.13898766,1.479057021,2.438947004,2.410023066,2.175212778,2.140458555,2.175121675,3.090972559,2.102072738,1.282021609,0.862251159
12396,0.982687932,0.188312238,0.810757468,0.375317574,0,0,0,0.192981542,0,0.209220459,0
12397,0.559427057,0.716481146,0,0,0,0,0.205723382,0,0,0,0
12398,0.19766656,0,0,0,0,0,0,0,0,0,0
12399,0.19766656,0.169232409,0,0.370143149,0.366623368,0.38767824,0.195435043,0.386502295,0.384456313,1.282652232,0.8845815
12400,0.18060092,0.34592184,0,0,0.179977976,0.380083545,0.383871801,0.578856064,0.379285331,0,0
12401,2.719965607,1.791129138,5.296159861,2.050469042,1.997627569,0,0.195435043,0,0,0,0.220620931
12402,2.886260126,2.892014476,2.428322429,3.345124354,3.64428945,3.504679717,3.157864749,3.094215126,3.060854865,0,0
12405,0,0.179255173,0,0.37277607,0.173732258,0.197909432,0,0.193992076,0,0.220910356,0.221650513
12406,0,0,0,0.18083012,0,0,0,0,0,0,0
12407,7.119115963,7.077556331,7.339707962,5.943995947,5.300839688,6.874911541,5.503385967,7.709886177,5.560041733,7.71285637,9.593435846
12408,1.701880847,1.777377781,2.443861434,2.216071042,1.822489431,3.328945673,2.374884219,2.318307644,2.689391065,1.915166414,3.470685467
12409,1.334851861,1.499414201,1.220783421,1.113937101,0.558247362,1.577020666,0.996237691,1.934481931,2.109209626,0.861378546,0.444996599
12410,0.973650021,0.562755329,1.424291807,0.18083012,0,1.773528863,0.591808738,1.160177743,0.385904812,0.208996201,0.211526017
12411,0,0,0,0.183790577,0,0,0,0,0,0,0.220620931
12418,19.55552858,18.92259424,22.36825112,17.11943604,16.04009775,19.1656852,21.49269851,20.48181086,21.45236306,20.0802771,17.40799519
12420,1.328014533,3.018609788,0.407830045,1.304509714,1.630158781,0.785112061,0.576329678,0.772821365,1.911538475,0,0
12421,44.55486383,42.19112515,41.33267568,43.71237114,42.47468673,41.66836394,38.46622747,38.43923143,42.64224768,44.19625896,49.62237455
12422,6.351213532,3.229190903,5.901064959,3.348561081,2.355049355,3.72383653,2.341812153,3.86510302,2.297689735,2.554020933,3.472677685
12423,0,0,0,0,0,2.740269107,0.967969881,0,0,0,0
12426,2.499352959,1.912842954,2.45052133,1.48716895,1.831584036,1.959899399,2.169911428,1.159794983,1.149249959,1.501136185,1.958358676
12427,0,0,0,0,0,0,0,0.190304961,0,0,0
12428,1.175341369,0.335899076,0.812851484,0.924624072,0.179977976,0,0,0.383286503,0.574781419,0,0
12429,2.289612037,2.117701293,1.219444328,3.529462128,3.666862378,1.948742582,3.735957267,2.901704906,2.481208019,2.136483136,3.056805574
12431,0,0.169232409,0.197656014,0.187227304,0,0.189768808,0,0,0.189081134,0.212277485,0.211526017
12432,0,0.700319402,0,0.736522035,1.449900574,0.590600901,1.182154512,0.383669263,0.378684306,0,0
12433,6.67936309,8.62838067,7.742370402,3.347757276,4.759078181,11.55900246,10.98018886,8.503720671,9.743399781,13.64609627,12.16468033
12434,5.359487689,7.91422506,6.71516581,7.065159096,6.423192856,5.697360234,5.124698379,5.204125309,6.521996447,5.126210729,3.940285969
12437,5.168424937,7.532240098,4.696424283,10.41636486,7.279730102,3.30214191,2.341831679,1.740673081,2.309901207,1.709726021,0.64021487
12438,12.14353682,10.6881805,13.01016301,12.4612318,11.72058405,13.71316808,12.61665691,13.33506387,12.64361986,12.83493093,10.44708602
12440,2.677964971,2.279121975,1.835554962,2.607470978,1.459840599,3.904445557,1.182154512,2.712567897,2.115193485,2.990131932,1.528898271
12441,0,0,0,0,0,0,0.189187349,0.190304961,0,0,0.221650513
12442,11.05999998,6.085672961,15.87172424,5.943973611,6.31527455,10.54342993,8.400964138,6.964556939,6.317952263,7.742797084,11.57235093
12443,0,0.166666667,0,0,0,0,0,0,0,0,0
12444,0.190197488,0.713022409,0,1.125765319,1.065665701,0.587202629,0.971240409,1.351765992,1.532469624,0.212277485,0
12445,6.533638656,4.317549397,7.738450249,3.167403425,3.84045317,4.899105688,4.477169859,4.817270734,4.387395495,5.107783894,4.801717539
12446,0,0,0,0,0,0,0,0.193992076,0,0,0
12447,6.141089938,6.805342048,7.310642841,7.454585215,5.616090751,6.054659692,7.121078397,9.070802452,9.003330005,4.928399552,4.970706556
12450,8.372882379,8.119041767,7.941458444,5.757792108,4.894458312,5.475932671,4.907014268,4.052758173,2.84818548,2.781362015,2.191152544
12451,0.570920916,0.690411138,0.60944499,0.366378886,0.177426564,0.778918602,0.780996087,0.578856064,1.337400001,0.850773878,0.642901412
12453,0,0,0,0.183790577,0.177426564,0,0,0,0,0,0
12455,0,0,0,0,0,0,0,0,0,12.59944967,4.816487884
12458,0.188628649,0,0,0,0,0,0,0,0.189206673,0,0.211140241
12459,0.954760176,1.451968312,0,2.414206283,2.384711329,0.189768808,1.181403921,0.584538438,1.142876926,0.432557217,0.876477555
12460,0,0,0,0.554389505,0,0,0,0,0,0,0
12461,0,0,0,0,0,0.199906468,0,0,0,0,0.211526017
12462,0,0.195187917,0,0.746335456,0,0,0,0,0,0,0
12463,3.690171343,1.790859283,2.035830814,2.053805627,1.125167632,2.149668207,1.172923146,2.126478747,1.737937797,0.211646862,0
12464,0.384094626,0.383500156,0.204847479,0.185548766,0.558247362,0,0,0,0,0,0
12465,0,0,0,0,0,0,0,0,0,1.489222031,2.601260089
12466,2.078882779,4.216203802,2.439370934,4.466333372,3.83802598,5.449178778,6.299455123,5.987205091,4.60258989,2.992334077,1.08287209
12467,0,0,0.206941496,0,0,0,0,0,0,0,0
12468,8.0973842,6.744421255,8.76772033,10.97247573,8.588867425,6.256774142,7.086372995,8.505230269,7.829540824,11.11661419,12.62755251
12470,16.89867589,14.65130714,17.67209694,11.68614971,13.34483373,15.2693546,13.38100168,13.89205176,11.67199064,14.33385451,19.59508376
12471,0.581129442,1.810208968,1.226737685,2.241021165,1.115068962,0.197909432,0.390870085,0,0.19524964,0,0.211140241
12472,0,0,0,0,0,0,0,0.193992076,0,0,0
12473,11.16644251,10.54976523,12.18473039,7.818347514,8.591014385,10.15806526,10.84692155,9.084629909,11.30031769,16.41230906,15.8466807
12474,16.95160539,0.543675499,17.5026322,7.073711087,0.897760167,20.5403063,3.708095448,19.31695082,4.014976093,0,0
12475,0.201691347,0.357544647,0,0.559911957,0.725592435,0.958622451,0.411446764,0,0,1.48323982,0
12476,0.18060092,0,0.206941496,0,0.173732258,0,0,0,0,0,0.211140241
12478,0,0,0,0.18083012,0.173732258,0,0,0,0,0,0
12479,0.188628649,0.195187917,0.408253974,0.743374998,0.729286741,0.395868736,0.205723382,0.576179482,0.189081134,0,0.422666258
12480,0,0,0.408355866,0,0,0,0,0,0,1.081385781,0
12481,13.67385466,13.29290026,16.4838207,11.89324412,11.14062642,15.42344053,15.14723173,13.52583919,14.95460028,16.01328779,14.76644576
12482,5.546342118,3.417690345,6.317323671,4.644182544,3.302790422,6.049605187,1.953919233,4.442022215,0.952822779,3.420476542,5.005001141
12483,0,0,0,0,0.19289111,0,0,0,0,0,0
12484,0.386295209,1.429274555,0,1.850438645,0.545614458,0.982525436,1.197633572,1.544658971,1.155810332,0.660112095,0.444996599
12485,2.127900962,5.600129003,4.463017933,4.841311643,5.663101245,2.929655835,4.127291087,1.550567655,2.872224706,4.270363852,7.177466817
12489,1.722715908,1.071345551,1.828456431,1.853875372,1.633572857,1.369730448,1.737946564,1.933853191,1.72949783,1.070374747,0.221650513
12490,1.142198424,0.179255173,0.204745588,0.185548766,0,0,0,0,0,0,0.211140241
12491,0,0,0,0,0.19289111,0,0,0,0,0,0
12493,0,0,0,0.18083012,0,0,0,0,0,0,0
12494,0,0,0,0.559108151,0,0,0,0,0,0,0
12495,6.336980218,5.714033455,6.105256198,5.967416265,5.87031137,6.070353735,7.263651687,5.980431859,6.319134433,7.506336839,5.65775141
12496,5.940128245,3.219822185,4.469785469,3.543467489,2.933739864,3.911356079,2.571188988,1.934665156,1.148715365,3.205772654,2.809102891
12497,7.463586909,5.103349899,10.57741418,5.395277627,5.683222375,7.66435827,4.954724354,7.732182595,7.676422018,10.26100406,9.355780431
12498,0,0.373591892,0.40459751,0,0,0.195962267,0,0,0,0,0
12499,0.190197488,2.49642467,0,2.054281896,1.640240273,3.529325369,2.39738109,2.710389412,3.818031506,1.280001572,1.08287209
12502,0,0,0,0,0,0,0.195435043,0,0,0,0
12504,3.050730441,2.00854397,3.659294331,3.343437092,2.180174202,3.91911185,3.481389395,4.239219568,2.491490876,4.289777408,5.230686608
12505,0.201691347,0,0,0,0.173732258,0.397815901,0,0.772193592,0.189477632,0,0
12506,0.790289862,0.515154249,0.807333314,0.187227304,0.353990465,0.59679436,1.175906818,1.15916721,0.953340186,1.282652232,1.086626828
12507,2.103997994,0.888746141,2.642655966,1.293544462,1.647770286,0.966740245,0.78205306,0.967851716,0.95944226,0.420643063,0
12508,9.063688221,10.47514925,8.334551784,13.22331032,12.62219453,6.086947136,7.731961796,6.179060763,6.904829701,8.995204418,11.14051824
12509,0.195465977,0,0,0,0,0,0.198705571,0,0.189807699,0,0
12511,4.026889712,2.485268705,4.275782711,0.370598928,0.191623994,1.350001057,0,1.536246466,0.953670252,0,1.527868689
12512,0.201691347,0,0,0.189313029,0,0,0.205723382,0.384297036,0.385574746,0,0
12513,2.482287319,2.152786571,1.633609023,0.928467986,0.732118384,0.592165986,0.592865711,1.545241266,0.580427888,0.430130815,2.588410437
12514,0.201691347,0.169232409,0,0,0,0,0,0,0,0,0
12516,0,0,0,0.187227304,0.191623994,0,0.188436758,0,0,0,0
12518,12.55714989,10.40419926,11.5842386,10.25156251,8.412303525,10.20331128,9.445314419,11.01828017,10.90753439,7.051078691,9.133044113
12520,10.3643555,5.335976437,10.78250578,2.78608713,2.733442962,5.909997198,3.941661122,4.813357309,2.873222229,7.686660361,9.169986627
12521,0,0,0,0.189313029,0.370317675,0,0,0,0,0.641553419,0.211140241
12522,10.21025636,5.987987711,10.57143139,3.359249234,2.565832201,4.105493753,2.339598597,2.896309626,1.907369646,4.882551203,4.794537615
12523,7.126941627,7.143537011,8.358888603,8.929250507,7.463699793,7.614158948,7.06073775,7.529003288,6.31931445,8.363348872,8.930852021
12524,46.75178922,37.03236464,42.90138968,34.56555043,31.74655474,34.22883735,30.64346781,31.30664107,30.03366181,45.93184011,48.58520146
12525,0,0.179255173,0.410025953,0.745879677,1.092215803,0.189768808,0.383871801,0.392028219,0.385303787,0,0.861221577
12526,0,0.166666667,0,0.18083012,0.551860177,0,0,0,0,0,0
12527,8.372999157,9.534885293,7.922794544,9.697612453,8.758766613,4.876196255,4.102522917,5.212334917,8.424804115,2.579382986,5.19961422
12529,0.971825817,2.641985312,0.410449883,1.310054501,2.184009975,3.711660557,4.528391768,5.800684047,7.082270422,2.557574714,2.816507935
12530,0.201691347,0,0,0,0,0,0.205723382,0,0,0.643525216,0.442310057
12532,7.354193385,8.572738861,9.365204859,7.99498985,9.327658019,7.840585532,8.468132699,6.373899817,7.46747781,6.830178797,6.748408615
12534,0,0,0,0.183790577,0,0,0,0,0.189477632,0,0
12535,0.370798408,0.364534827,0,0,0.179977976,0,0,0,0,0.420867321,0
12536,16.71611011,13.16419516,14.84099195,9.133486221,8.216846461,7.599301766,7.056101214,12.54279543,8.964561621,7.672946056,3.489305389
12537,1.14867916,3.583775669,0,3.350695398,3.284898686,1.388481961,4.318247783,4.2479182,5.170460989,6.797449183,4.358458845
12538,0,0.335899076,0,0.189313029,0,0,0.393853758,0.576179482,1.338001027,0.439201739,0.221650513
12539,0,0.195187917,0,0.751857907,0.373149317,0.788510333,1.559028028,1.742809485,2.107514679,1.282652232,0.867662858
12540,0,0,0,0,0.180258207,0.200925625,0,0,0.189807699,0,0
12542,0,0.166666667,0,0.183790577,0,0,0,0.385874522,0.379014372,0,0
12543,4.036391348,2.551482772,5.298155195,2.049166632,1.641102937,3.339010632,4.715829297,3.474197274,3.446759677,2.577624984,3.493312451
12544,3.059370128,2.341098809,2.846489598,3.918613994,3.96974359,3.910639016,3.146055701,3.670483171,3.251510037,0.652158087,1.095721741
12545,4.407518208,4.019768184,4.257313638,3.899106672,4.919897305,4.893499435,3.334028725,4.839046644,3.643398708,1.282652232,1.525182147
12548,17.81306088,12.88842956,23.42898052,12.47760171,11.80276706,15.46890743,15.14278509,13.32640975,13.40146396,20.73165617,18.9810369
12549,1.693219314,0.354978905,1.420533452,0,0,1.574852497,0.576329678,0,0.379615398,0.428821328,0
12550,0,0,0.4011644,0,0,0,0,0,0,0,0
12551,1.947953632,1.803447789,2.244334758,1.860272556,2.199333055,2.337489849,2.73491532,2.320314372,3.825047485,2.776951326,2.826021534
12553,0,0,0,0,0.180258207,0.200925625,0,0,0.379285331,0,0
12554,0.190197488,0.195187917,0.614873433,1.306666366,1.483256856,0.988416801,2.716897632,2.905036036,3.830969542,1.282652232,1.527940212
12555,5.371082775,12.34353838,4.251359374,12.08628459,10.94036394,7.120259305,11.21972188,12.17859902,13.01033369,17.54636208,11.12946972
12557,6.725893869,6.41927615,4.678710134,7.998801506,5.289456657,4.688588332,4.513682826,4.060244343,5.354100182,2.35653252,3.701122344
12558,0,0.166666667,0,0.189313029,0.546881575,0.199906468,0,0.386973618,0.189206673,0,0
12559,2.14096366,1.240692461,3.252748239,2.961720489,1.43456025,3.924812025,0,5.410972059,0,1.061966134,0
12560,0.964356744,0.550166822,1.417684511,0.562544878,0.549308765,1.771581698,1.57600827,2.508011606,1.717862873,1.491872691,0.650081336
12561,0,0.166666667,0,0.185548766,0.19289111,0.390221205,0,0.576650805,0.770114677,0,0
12562,0,0.335899076,0.402503493,0.366378886,0.354853129,0.200925625,0.189187349,0.196014109,0,0.421273686,0.220620931
12563,0,0.179255173,0.204847479,0.187227304,0.179977976,0,0.576329678,0.19251022,1.148919892,0,0
12564,0,0.335899076,0,0,0,0,0,0.190304961,0.189477632,0,0
12566,4.034662075,6.532395289,2.846718701,6.6923462,6.210104406,9.404785864,10.20899134,10.44156147,10.51570019,10.24899952,10.66433799
12569,1.14521303,1.253166467,2.031116959,0.739482493,0.735673926,0.983021494,0.394140614,1.15916721,0.763616105,0.858727886,0.864976315
12570,1.948543745,8.815630212,1.42053666,11.52214659,13.79871563,5.670631947,8.685490901,6.565153523,9.582622274,5.535519994,5.669499956
12571,1.9107859,2.155279609,2.03686744,2.972439702,2.708759589,1.573622394,1.780961534,3.296409707,2.487768393,1.924429909,1.749519202
12572,5.376626416,8.453194121,5.898645696,12.31319598,12.19862328,9.040437639,9.506250956,9.842502312,11.08422134,5.562256935,4.368116619
12573,3.256026507,3.373049147,2.844070335,3.53498458,4.562472883,3.918233712,4.529755124,4.447191186,5.366912679,5.092854863,4.577494339
12575,0,0,0,0,0,0.199906468,0,0,0,0,0
12576,3.416190588,3.930476004,2.843257063,4.104333829,2.929165715,3.135068816,3.519965072,5.790467542,3.459614095,3.197108096,3.252409621
12578,0,0.357544647,0,0.189313029,0.365356251,0,0,0.380609921,0,0,0
12579,0.18060092,0.35194632,0,0.379537616,0.708843594,0.190314737,0,0.573120141,0.189206673,0,0
12580,0,0,0,0,0,0,0,0.386973618,0,0,0
12581,7.671503626,6.893595825,5.078899464,8.16119833,6.190521764,4.881323461,3.708382303,3.100840145,2.095177668,7.040654104,6.315970728
12583,4.023515198,7.893286536,4.071228742,7.625994377,8.013310762,4.710599872,7.639742067,7.344496039,7.461952251,4.904445492,2.397982191
12584,0,0,0,0,0.191623994,0,0,0,0,0,0
12585,4.430831064,4.624148728,4.876959274,4.48411933,5.128250259,3.727234802,4.505647095,4.253068467,4.020568084,3.846209157,3.92585088
12586,1.15857902,1.790744782,0.817948933,2.234635747,1.633572857,0.971914548,1.182154512,0.96299665,1.906613941,0.856481564,0.650725142
12587,1.152682102,0.898654405,2.236295433,1.116478605,1.09591011,1.961350505,1.377589554,2.125824199,1.918224387,2.136707393,2.387080439
12588,2.527258869,3.587586749,3.045060776,4.833923251,4.392998029,3.52939807,3.777915264,4.440765701,4.78388872,4.481376026,5.017465016
12590,1.361210778,1.065321071,0.812953376,0.565086382,0.918483545,0.969917512,1.17263629,1.160021292,0.764463579,2.135804273,1.297728455
12591,1.329583371,1.083934058,0.819619021,0.376540333,1.085565632,0.385731075,0.599863996,0.58033792,0.574384921,0.208996201,0
12594,13.69611129,21.81367949,13.84981034,17.68820127,20.66576688,18.17123879,15.96979935,20.67701641,20.09467568,23.75573042,17.64777672
12595,0.376066897,0,0,0,0,0,0.204666409,0.388995652,0,0,0
12596,0.19766656,0.34592184,0,0.373103606,0.191623994,0,0,0,0,0.428821328,0.851740887
12597,0.752133794,2.508191628,1.021132074,2.805266916,2.912153822,1.375167033,2.545727971,1.34635104,2.872554773,0.850095015,0.220620931
12598,0.942963026,2.330339346,1.616519378,3.531468202,2.58002963,1.57561943,1.165618479,2.505606813,2.689312077,0,0
12600,3.072991484,3.925230018,4.283076069,6.505729174,4.898571613,3.151712088,2.34300128,1.937541273,2.675521937,1.291509361,1.959701384
12601,2.48098014,2.727590859,4.065890383,3.34128044,3.641720793,3.527378204,3.74413166,3.668189349,3.442044301,4.046166122,3.921743275
12603,0,0,0,0,0,0,0,0,0,0.208996201,0
12604,2.663478351,2.519814436,1.413243303,2.77936241,2.899240688,2.355768134,2.545727971,2.70281468,2.487773023,0.851404501,0.66396057
12605,7.943938645,7.960079747,6.705546125,6.696635324,6.410542774,6.063282137,6.212270576,2.319344952,4.387250075,16.65628893,18.10049149
12610,20.20229791,17.15863097,19.2887823,17.67684932,19.49559485,15.64358251,16.13192489,16.58506064,17.41723768,19.19483623,16.99422086
12611,0,0.559722744,0,0.743374998,1.09591011,0.197909432,0.205723382,0.583370487,0.959112193,0.428821328,0
12613,0,0,0.197656014,0.371017881,0,0,0,0,0,0,0.660205831
12614,0.378826137,0,0.197656014,0.183790577,0,0,0,0.196014109,0,0,0
12615,0,0,0,0.183790577,0,0,0.204666409,0,0.189081134,0,0
12616,0,0.188312238,0,0.373103606,1.45331465,0,0.40337198,0.193992076,0,0,0
12617,11.11062052,11.14979404,10.58255196,9.321698968,8.743562416,8.239910798,8.639471894,11.38358514,9.196675541,10.48607181,11.52598897
12618,12.51208134,8.538063135,13.619608,10.57880724,11.99920622,8.422512652,8.433462493,5.019005629,4.399173401,12.18115918,10.21158918
12619,0,0,0.204745588,0,0,0,0,0.193364302,0,0.212277485,0
12620,6.353037737,9.469368176,6.313103901,7.056755838,5.991652716,5.645163877,6.491255511,6.196276772,5.157091857,26.50324184,27.23644473
12621,0.390931954,0.693443723,0.598396485,0,0.19289111,2.548503264,1.977879068,2.319685596,2.670234676,11.54058678,10.86941702
12622,0.574292114,0.735446475,0.197656014,0.189313029,0.889101801,0.780148704,0.583327963,0.193364302,1.345017006,7.277258679,4.783255791
12623,0.78282079,0.895621819,1.22464046,0.932688027,1.076751257,1.173386101,0.590345774,0.579483837,1.143297935,14.97631105,15.09941154
12625,7.2850635,6.35328443,7.720971261,9.886904992,11.1545754,9.389775994,11.10310323,6.952625238,9.594954655,15.37073109,14.78221413
12626,3.622821972,3.907585094,4.268269208,2.974118239,3.117109943,3.902448521,3.53798276,4.635658305,4.008962267,6.197247787,6.515323809
12627,1.365538856,3.238247968,1.418439435,2.582777464,4.683568421,2.748459602,3.326337593,2.702186907,1.723659391,1.49735612,3.053688937
12628,0.771400017,2.480844268,0.203084457,4.085572997,3.641440563,0.200925625,1.585220109,1.93567569,2.296783154,0.853830904,0.221650513
12629,0.774181102,0.35194632,0,0,0,0,0,0,0,0.211646862,0.439584901
12630,0.201691347,0,0,0.189313029,0,0.967668253,0.598807022,0.960476518,0.953670252,0,0.429460406
12631,1.737580966,1.077909578,2.03916524,1.484059759,1.832868331,1.557502221,3.151572331,2.125352877,2.296061219,1.913825241,2.618211641
12633,0,0,0,0.185548766,0.191623994,0,0,0,0,0,0.221650513
12634,2.308757248,1.28211387,3.459265806,2.787346714,3.649233629,2.736779687,2.552458926,1.15916721,1.527333239,0.849688649,0.65379746
12636,6.299289935,6.260503698,6.292943877,4.835253762,4.585204457,6.648772843,6.660327265,7.920334842,7.088227076,5.551396322,3.026227113
12637,4.40601914,3.791282237,4.677429389,3.720034741,3.052668562,4.668606717,4.139022864,4.442493537,3.83121599,5.112050253,5.226690268
12639,30.37735935,31.0267164,32.34235614,24.00269099,21.34690029,21.93160067,21.87747175,25.1251653,18.74446841,29.47718147,33.10476894
12640,2.891219949,1.992258884,2.434901197,2.232538255,1.278595506,1.972507322,1.174099254,1.352060189,0.575052378,0.220910356,0.211526017
12641,11.75932118,11.31722816,9.766490722,11.93466146,9.672992754,11.70337853,11.02709363,11.59915826,9.392772654,4.905025849,4.150478874
12642,36.97348987,36.90890976,38.23139851,35.70668125,37.24537484,32.07587062,34.62319901,23.95422045,20.30373863,33.7451381,34.19546978
12643,0,0,0.204847479,0,0,0,0,0,0,0,0
12645,2.692666279,4.498092962,2.441665525,4.645940733,2.924662503,2.539564487,1.98774189,5.022788373,4.02106561,0.841286126,0.224375669
12648,0,1.065435572,0.203084457,1.848760107,1.653877241,0,1.386820921,1.162609311,1.337279092,0,0
12649,0,0,0,0,0,0.190314737,0,0,0,0,0
12650,0,0,0.203508386,0,0,0,0,0,0,0,0
12651,3.4612756,2.974779098,2.85524926,2.954214299,3.278511501,2.143001519,0.605824834,1.742920457,1.150097432,0.423293723,0.845718293
12653,2.669630635,5.654151065,3.461159248,7.055813221,7.105330339,3.145297624,4.487915426,3.478328937,4.032959572,2.792859341,4.158011664
12654,0.989168668,0.550166822,1.210158845,1.118157142,0.19289111,0.788510333,0.589595183,1.167526165,1.155689423,0.211646862,0
12655,0.802740602,1.995136279,1.026560517,3.163661498,5.857944155,0.791687601,1.767715556,0.968862249,1.143352412,0.432557217,0.211140241
12656,0,0,0,0,0,0,0.204666409,0,0,0,0
12657,0.188628649,0,0,0,0.191623994,0,0,0,0.189206673,0,0
12659,0,0,0.206941496,0,0,0.773955245,0,2.126451973,0,0,0
12661,23.41688118,21.04122389,22.37210075,20.83886443,18.08271044,21.94997154,19.67029411,24.54383663,21.61090639,16.07127048,16.57693339
12662,0,0.195187917,0,0.550169463,0,0.197909432,0,0,0,0,0
12663,1.156451524,0.911242911,1.835223968,0.366378886,0.366623368,1.168593878,0.198705571,0.579683372,0.189206673,1.91292212,0.43551591
12664,1.355942288,5.797656967,0.810333538,4.09448935,6.400865735,3.722271444,9.852166352,5.607012943,11.08536974,6.410204135,5.443203593
12665,0,0,0,0,0,0.400832093,0,0,0,0.639127016,0
12666,0,0,0,0,0,0,0,0,0,0.211646862,0
12667,5.17085904,4.675945243,5.703055171,4.668010049,4.735079491,4.879620131,4.145734293,5.786822544,5.737563602,4.47161375,3.92585088
12668,1.334851861,0.541109757,1.220783421,0.932688027,1.276168316,1.174787337,0.787243781,1.15916721,0,0.85054962,0
12670,0,0.166666667,0,0,0,0,0,0,0.189206673,0.428821328,0
12671,30.31868333,26.05817202,27.46157705,32.00716989,30.0236399,30.34750502,26.71797578,33.60489189,31.01904194,31.4717996,23.74868498
12673,5.164230071,6.995098975,8.34540867,7.068558997,8.341899358,6.437122352,8.484552248,6.766494021,7.644347473,5.990677988,4.986281364
12674,0.188628649,0.188312238,0,0,0,0.985018529,0.393853758,0.774870173,0.757844098,0,0
12676,0,0,0,0,0,0.200925625,0,0,0,0,0
12677,0,0,0,0,0,0,0,0,0,0.208996201,0
12678,1.343438247,0.543675499,2.03916524,0.189313029,0.738225338,1.555890038,1.767715556,1.545486279,1.141903913,0.849464391,0.8845815
12680,0.201691347,0,0.407931937,1.855997922,1.069079777,0.973861713,0.605824834,0.385491762,0.763411578,0.220910356,0
12681,0,0.166666667,0,0,0,0,0,0,0,0,0
12682,0.556667817,0.179255173,0,0,0,0.388224169,0.593616302,0.966840215,0.573933946,0,0
12684,44.21865623,47.50521817,41.11984843,49.86396164,47.46576269,49.06334458,53.89966155,46.93491277,49.57364272,40.8201753,40.50722751
12685,0.397157325,1.083934058,0,0.92199115,2.547957643,1.173386101,0.787994371,0.772193592,1.33767096,0.629863522,0.220620931
12688,38.89448241,25.7843458,41.47185053,21.00145922,21.44683351,21.52447507,18.85519502,13.70625076,10.16050774,28.79757689,22.18823489
12689,0.195465977,0.188312238,0,0,0,0.199906468,0,0,0,0,0
12690,0.403382695,0,0,0,0,0,0,0,0,0,0.224375669
12691,4.811204194,8.446163252,3.874720203,5.398989142,7.513965719,9.398298699,8.889061282,5.791321625,6.893243765,5.780746978,3.676308449
12693,132.3485975,100.8667102,113.0001073,93.42978241,88.75282495,100.4679251,98.21602021,94.44510364,85.60076102,109.0203802,101.0804004
12697,0,0.188312238,0,0,0,0,0,0,0,0,0
12698,16.54674548,11.56391309,15.66900241,5.959744772,6.78240773,13.14029953,12.77522507,15.45769805,13.21165626,17.72602259,16.97630667
12699,1.763327925,1.982588462,2.042165464,2.981817834,2.399771423,1.37269677,2.358348186,1.153458061,1.534223679,1.282021609,1.736708164
12700,12.14742302,9.068879166,12.59837403,10.04049137,8.959326567,11.53724481,10.99095395,10.81053386,10.31494681,10.45267215,6.11629769
12701,0,0,0,0,0,0,0,0.193364302,0,0,0
12702,0.579958827,0.361854584,0.204847479,0.366378886,0.353990465,0.189768808,0.189187349,0,2.874069703,0,0
12703,3.090385577,2.317636339,2.854593019,1.491796179,0.918483545,1.960827407,1.181403921,2.322221069,0.953670252,2.354095656,2.580239546
12704,64.70255807,51.30623897,59.3743128,51.12346975,52.66483999,58.19758832,59.28507119,46.55005345,46.7190322,59.24812397,63.81473238
12705,0,0,0,0,0,2.565216463,2.562721231,4.058196501,3.832334423,0,1.525215056
12706,0.378826137,0.722546317,0.615297362,1.302027371,1.273056444,0.587202629,0.592865711,0.769161025,0.189807699,1.272047564,0.874071229
12707,1.349716918,1.633748538,2.0412503,3.177416139,2.02461391,0.967668253,1.585526492,1.549896798,1.735846352,0.420643063,0.874071229
12708,0.762362106,1.09252428,0.197656014,2.592382991,2.732897043,1.177418676,0.189187349,1.355208094,0.776074025,0.63781753,0.220620931
12709,0.188628649,0.348487582,0,0.183790577,0.910531835,0,0.966162317,0.773292688,1.338126566,0.630494145,0
12710,0.188628649,0,0.812427555,0,0,0.379537616,0.400101451,0.38281518,0.573808407,0.211646862,0
12711,1.346904377,0.335899076,0.402401602,0.562089099,0.179977976,0.783546976,0,0,0,1.081385781,1.307672149
12712,0,0,0,0,0,3.146225632,3.744875743,4.831044641,5.561081177,0,1.736741073
12713,1.154250941,1.279121975,1.627376265,1.303705909,1.456146293,1.174787337,1.371341861,1.544658971,1.338727591,1.502253102,1.08931337
12714,0,0,0,0,0.191623994,0,0,0,0,0,0
12715,12.30503622,8.464661738,12.40458402,10.80740316,10.05949617,7.634132175,6.281665711,5.608495766,5.741902361,11.75991718,12.21907974
12716,0.377257298,1.290859283,0.60944499,0.926290843,1.477873802,1.374693805,1.182154512,0.769161025,1.1546919,0.420867321,0.43317653
12717,23.10241166,18.29925519,22.00624805,17.48658191,14.94519171,17.75017286,21.03285147,19.50155806,19.50095032,17.10885964,12.39837033
12718,1.126323185,0.188312238,0.407931937,0,0,0.3938717,0.195435043,0,0,0.848347475,0.211140241
12719,0,0,0,0,0,0,0,0,0,0.431247731,0
12727,0,0.729421996,0,0,0,4.490629029,1.562298557,2.322561712,0.959383152,0,0
12729,3.492881161,2.699536452,2.64079426,2.420184513,2.17762279,1.961350505,0.993717754,1.352531512,0.777251566,1.905416627,2.173253656
12730,6.083343429,8.053846236,5.491431199,9.130000902,9.087756415,8.980994467,10.62611859,9.655474932,10.88894719,8.103332815,4.374563604
12731,10.34944881,10.631367,10.7826394,13.94036186,14.24227445,9.780490484,10.19963781,5.982411813,7.465152697,8.755004609,7.20603545
12732,4.244381152,6.667381473,4.254081103,7.80770523,6.017493526,7.04182356,5.111007357,8.894182837,7.093567989,1.915348523,2.627345168
12733,0,0,0,0.751857907,0.531417029,0,0,0.192981542,0,0,0
12734,5.556756025,4.717606693,5.899060669,3.901839735,4.405350703,4.110877693,4.329286713,6.575875192,6.111301334,6.584943377,7.79493266
12735,1.315330272,1.953600369,1.421291584,2.055870861,1.81539559,2.563219427,2.349580554,2.31536974,2.481875476,0.209220459,0.660205831
12736,1.296695793,0.524211314,1.230170795,0,0,0,0,0,0,0,0
12737,1.705650268,1.416488896,1.632894434,1.858095414,1.841928514,1.174787337,1.755213662,1.353159285,1.148919892,2.134767284,1.095721741
12738,1.533730667,1.770502102,3.262033721,1.104558969,1.840381166,1.966474938,1.35511221,0,0.189081134,0,0
12742,4.831524289,7.405446692,3.25871146,7.437458897,10.59946452,3.930318537,5.824703566,5.994438176,6.873197982,39.05603856,37.71951633
12743,0.19766656,0.531086993,0,1.672626299,1.098461521,0,0,0,0.965881724,0,0
12747,0,0,0,0.187227304,0,0,0,0,0,0,0
12748,1.137185301,0.729421996,1.015935942,1.116478605,1.449340113,1.174787337,1.772500285,1.742537697,1.72934778,1.282652232,0.438555319
12749,0,0,0.203084457,0,0,0,0,0,0,0,0
12750,4.030324386,1.756313552,2.436138399,1.128805428,2.011842243,1.37269677,1.993702728,1.735346692,1.528806249,0.209220459,0.435901686
12752,0,0,0.204745588,0,0,0,0,0,0,0,0
12757,0.783452533,0.335899076,0.812851484,0,0,0.77595228,0,0.775880707,0.189807699,0.211646862,0
12760,0.391888835,0.502565742,0,0.756077949,1.282555501,0.576591741,0.791571283,0,0.379285331,0.630269888,0.439584901
12761,7.877831719,12.55100315,8.348149971,7.467803105,7.318064985,11.74678152,11.43959351,16.61583842,16.46169246,22.18431255,34.14494467
12762,0,0,0,0,0,0.195962267,0,0.386973618,0,0,0
12766,13.43034922,3.632072592,12.61313414,2.792413387,2.031281326,11.35712907,6.681944041,14.10288415,8.813376887,11.08906857,20.89730058
12768,0,0,0,0,0,0.189768808,0,0,0,0,0
12771,0,0.195187917,0,0,0,0,0.40337198,0,0,0,0
12773,0,0,0.204847479,0.743374998,0,0.195962267,0,0.196014109,0,0,0
12774,15.79926821,18.26258883,12.41350102,11.32051546,17.46905823,34.25534177,31.88486799,34.97130315,36.97161141,18.01324939,20.9139214
12775,2.480064891,2.183374707,3.259413884,2.231278671,1.245363447,7.818321769,7.508988193,6.949834286,7.277495551,1.7088229,1.760029473
12778,3.40224078,3.411011818,2.843155172,5.020303923,4.201654266,5.303993186,2.9631551,5.214042079,2.681052127,1.912515754,1.098832674
12779,2.666237591,2.667868116,2.241494774,2.962198603,4.065699133,2.737252915,1.970455266,2.133711833,3.257949501,0.642184042,0.64021487
12782,0.583330025,0,0,0,0,0.195962267,0,0.196014109,0,0.421497944,0.211140241
12783,0,0,0,0,0,0.195962267,0,0,0,0,0
12784,0.384094626,0,0.204745588,0,0,0,0,0,0.189081134,0,0.211140241
12787,0,0,0,0,0,0,0,0,0,0.209220459,0
12790,0.188628649,0,0.406592844,0,0,0,0,0,0,0,0
12791,0.385663465,0,0.409593067,0,0,0.385731075,0.188436758,0.774870173,0.189081134,0.208996201,0.217934388
12793,1.355942288,1.429855898,1.837317985,2.415545518,2.940950496,1.558048149,1.966878355,1.160021292,0.95387478,1.283507113,1.743535221
12795,1.732312476,0.905530083,1.828032502,0.366378886,0,0.985018529,0.957681541,1.15916721,1.338126566,0.212277485,0
12797,0,0,0,0,0,0,0,0.190304961,0,0,0
12798,0,0,0,0,0,0,0,0.193364302,0,0,0
12803,0.387864048,0,0,0,0,0.391240361,0,0.383286503,0.384727272,0,0
12804,0,0,0,0,0.19289111,0,0,0,0,0,0.211526017
12805,2.498140713,1.614636695,1.017597072,1.116934383,0.726859552,0.400832093,0.983448941,1.934953254,0.568095507,1.27775525,0.874418391
12806,0,0.364534827,0,0,0,0,0,0,0,0.862009169,0.422666258
12807,1.718946487,1.274812039,1.82626948,1.116478605,1.09591011,0.985018529,0.778782532,0.9631531,1.148919892,1.282652232,0.435901686
12812,0.774181102,1.234667981,0.197656014,2.052582868,1.082996976,0.195962267,0.204666409,0.582333179,0.384727272,0.873699066,0.868692439
12813,0.195465977,1.800415204,0.197656014,3.173651876,3.637622034,1.349455128,2.739993412,3.481388278,2.103917735,0,3.051741038
12814,0,0,0,0,0,0,0,0,0.19524964,0.209220459,0
12815,3.475815521,3.740648572,3.056338383,3.907680999,3.077227713,2.541886447,2.532919693,3.479951901,3.832935448,1.504193211,1.300839387
12816,2.519464661,1.998635707,3.259948661,1.487496486,0.173732258,2.540867291,1.552760808,2.702003682,1.919155479,2.569264611,0.662930988
12817,0.37826748,0,0,0,0,0,0,0,0,0,0
12818,0,0,0,0.189768808,0,0,0,0,0,0,0
12819,0.566896129,0.348487582,0.197656014,0.737396768,0.72430814,0.190314737,0.188436758,0.193364302,0.568161938,0.209220459,0
12820,2.695173469,3.061660891,3.660154355,5.590548396,7.681310792,6.049917339,7.433764375,5.027869749,5.945291043,2.36799816,2.174910616
12821,0,0.333333333,0,0,0.173732258,0,0,0,0,0,0
12822,0,0.333333333,0,0,0.173732258,0,0,0,0,0,0
12823,0.566264385,2.182638009,0.413882993,1.852196834,1.827748263,1.365102074,0.383871801,0.967851716,1.332162588,0,0
12824,0.382292267,0,0,0,0,0,0,0,0,0,0
12825,10.93312708,7.080070178,12.00504326,10.98781161,7.698076877,16.07422727,6.724840713,13.33294521,6.910901808,6.012037745,0.422280482
12826,10.63032831,9.017051743,11.79848241,7.447366458,7.903459425,8.40092029,7.443243543,7.345120414,7.265337731,16.45452979,11.33452042
12827,0.770389835,1.291211625,1.830126519,2.958853294,3.881743984,1.379657163,1.779904561,0.966185667,0.568095507,1.27051382,1.304522602
12833,0,0,0,0.183790577,0.180258207,0,0,0.193992076,0,0.212277485,0.211526017
12834,0.957216125,7.032198301,0.410449883,5.950777983,7.137402326,4.29856948,6.249363762,5.213204306,6.698065187,6.184621055,9.363525805
12838,0,0,0,0,0,0,0.189187349,0,0,0.220910356,0
12841,1.350673799,2.450608474,1.224117848,1.847897142,2.724947969,0.581009169,0.979701658,0.579866597,0.580824386,0.849464391,2.158988646
12842,4.227874169,9.526950224,5.077879201,7.623774643,9.479538546,8.056961365,10.80313647,11.02646636,14.15746306,32.6832519,32.01358421
12843,4.013571648,3.196858572,4.480630191,4.086832581,3.113998071,6.461350261,3.709132894,4.630105607,2.688856471,3.848859817,3.908507847
12844,4.985674676,3.971700261,4.883365995,5.778467597,4.584044384,4.713704438,6.478640988,3.292905817,4.983429379,4.486180592,6.321415336
12845,0,0,0,0,0,0,1.764731884,1.926662186,2.102740195,0,0
12846,0,0,0,0,0,0,0,0,0,1.915166414,8.519025587
12847,6.732570764,10.99598448,4.885540782,14.88481206,16.63789552,9.983886371,15.1203468,9.646896734,12.65592228,14.07789102,15.88596372
12850,0.943521683,0.505131485,0.203084457,0.550973269,0.707700699,0.971914548,1.576314652,1.545513054,0.758299704,0.632514182,0.660277355
12852,0.201691347,0,0,0,0,0,0,0,0,0,0
12853,4.790369132,6.148552738,3.855332757,5.56416762,4.923871842,3.114866196,4.721306873,4.044912621,4.595805108,5.977340705,5.026907092
12854,8.873529048,3.065119629,6.504166341,1.860636917,1.962158751,3.509260995,3.731323383,3.091722737,3.421242812,19.04872142,22.88041806
12855,0.201691347,0.361854584,0,0.189768808,0,0.195962267,0,0.582516405,0,0,0.666685726
12856,0,0.166666667,0,0,0,0,0,0,0,0,0.211140241
12857,2.120504977,4.515273406,2.034973998,5.410103128,2.80386701,0.977805913,1.971205857,0.196014109,0.575382445,0.219600869,0
12858,0.967424651,4.00877972,0.408253974,4.466370197,3.493673337,1.763937131,2.367560025,0,0.385904812,0,0
12859,0,0,0.204745588,1.495560441,0.933543638,0.200925625,0,0,0,0,0.221650513
12860,0,0.35194632,0,0.183790577,0.753565662,0,0.598807022,1.164876358,1.148589826,5.332506003,2.616796283
12863,0,0,0,0,0,0,0,0.385874522,0,0,0
12865,0,0,0,0,0,0,0,0,0,0,0.224375669
12867,8.622516227,15.60769989,9.154072121,13.19167547,14.0854862,16.61425128,20.13335576,16.98974497,17.60764641,24.12947324,22.28240132
12868,3.883201158,3.964595582,1.834317761,4.822379742,4.206089651,4.292123797,3.161534761,4.446207427,4.401673901,1.494977957,3.697367606
12870,0.763930945,0.722079474,0.819619021,1.108414649,0.527722723,0.976877905,0.401158425,0.193364302,0,0.640874556,0.217934388
12871,1.137185301,0.898654405,0.206941496,2.411225335,1.828891157,2.171867861,1.166369069,1.537127324,1.343898573,0.432557217,0.221650513
12873,0,0,0,0.187227304,0,0.38767824,0,0,0,0,0
12874,0.558868399,0,0,0.185548766,0.366623368,0,0.188436758,0,0,0.212277485,0.862251159
12875,0.919060057,1.412023769,0.8023288,0,0,8.611139731,9.889259538,0.77284814,0.57465588,1.273164481,1.729914017
12876,5.527382503,8.135224335,5.088126598,10.22319616,10.43167585,10.91090555,9.500734326,7.725331266,7.847214117,13.44942058,10.04183432
12877,0,0,0,0,0.173732258,0,0,0,0,0,0
12878,0.201691347,0.681820916,0,0,1.817684015,0,0.205723382,0,0.189807699,0,0
12881,1.69258757,2.461878939,2.657462826,2.053885278,2.193104514,2.355222205,2.535459158,2.511541303,3.849441288,2.353251237,2.392459228
12882,4.615339993,2.356253058,4.682137495,3.730275839,2.387279986,3.707082053,1.589547611,2.708566913,3.259252581,2.566421381,3.4530725
12885,0.594823884,0.90180149,0.603824928,2.062325361,1.651588815,0.777517366,0.983448941,0.58033792,0.391346753,2.334237956,1.115398449
12888,0,0,0,0,0,0,0,0,0,0.212277485,0.657552199
12889,0,0,0,0,0,0,0,0.192981542,0,0,0
12891,1.330827073,0,1.023127407,0,0,1.170369909,0,1.54349102,0.580553427,0.420867321,0
12892,0,0.357544647,0,0.189768808,0.177426564,0.398835057,0,0.19251022,0,0,0
12894,1.334851861,3.356182717,0.407931937,4.823751235,3.956389488,1.759194778,0.997294665,2.118188647,2.297568826,0.423293723,0.435868777
12895,0.188628649,0,0,0,0,0,0,0,0,0,0
12898,16.92912635,17.16680719,13.43081354,12.08304976,13.13437027,8.189112902,11.83285138,9.288998609,8.258172866,12.1783325,18.30949533
12899,1.911344557,2.331502197,2.852397111,3.351629291,3.641720793,2.150596215,3.776897344,2.315275077,2.87851875,2.987919324,3.045976472
12900,1.353183048,4.114977162,1.013841925,4.446278853,3.477509566,3.914583217,4.752902956,4.046011716,5.354555788,0.211646862,0
12904,0,0.169232409,0,0,0.19289111,0,0,0,0,0.209220459,0
12905,0.579958827,0,1.21159983,0.364620697,0,0,0,0,0,0,0.220620931
12906,0.749065887,0.690411138,0.812953376,0.375317574,0.173732258,0,0,0.383286503,0,0,0
12907,0.397157325,0,0,0,0.179977976,0.197909432,0.188436758,0.386973618,1.155810332,0,0
12908,0.589555395,0,0.197656014,0.376996112,0.19289111,0.190314737,0.188436758,0.192981542,0,0,0
12910,0.966812693,1.458377148,1.426385824,2.046206174,2.018087961,0.390221205,0.400101451,0,0.573808407,0,0.211140241
12911,2.673706663,1.815070597,2.63836604,2.797180625,2.743680396,2.361163442,2.143106581,1.352531512,1.533250667,0.862009169,0.43551591
12912,25.57889255,19.88234909,28.46050702,14.9095424,14.92599843,26.03586555,26.58851367,26.27014637,23.35870393,24.9849303,22.0151661
12913,2.682671487,3.742745108,2.034973998,2.224018521,2.867307531,1.374693805,1.970435739,3.08951651,2.864553224,2.567324501,2.191790645
12914,0,0,0,0,0,0.195962267,0,0,0,0,0
12916,2.303488758,1.78436796,1.824608349,1.482857491,1.448633457,1.159548075,2.352100492,1.930978041,1.912782446,2.136483136,1.729914017
12917,3.462752823,2.257404956,2.648075452,4.276986241,4.172857592,2.150214136,3.162611261,2.134320902,1.918950951,1.061741876,1.320483186
12918,0.382292267,0.904678885,0,1.306210587,2.010575126,0.380083545,0.188436758,0.960093758,0.964884201,0,0
12919,0.19766656,0,0.204745588,0,0,0.593778168,0,0.769788798,0.379014372,0,0
12920,7.420417718,6.850773888,7.925005468,5.211910571,6.766080586,11.93059341,10.84480761,7.717471375,7.096381368,31.44895537,25.26320896
12922,4.020611041,5.44830604,6.073595211,5.57734684,5.282965131,3.721229457,5.153023934,4.441038456,5.17021454,3.430418899,3.717655211
12923,4.240958712,17.18839756,3.456553033,15.43669112,16.19820682,4.507815456,15.29545947,5.407162335,13.77672671,66.2462765,55.35559135
12924,0,0,0,0,0,0,0,0,0,0,0.211526017
12925,0,0,0,0,0.347464516,0,0,0,0,0,0
12926,0,0,0,0,0,0,0,0.196014109,0,0,0
12927,0,0,0.809096337,0,0,0,0,0,0,0.219600869,0.211526017
12928,11.64550749,16.62482541,11.18771023,16.71418745,21.94446727,1.36255911,13.48108375,4.454949143,13.03263142,13.04280413,14.16574868
12929,2.348858532,5.626947856,2.444084788,4.665049592,5.084780766,4.877337983,6.236868375,7.92537317,9.747097754,3.205286361,3.710603034
12931,1.161720013,1.23455348,1.22120735,1.302027371,1.113801845,1.174787337,1.182154512,1.15916721,1.148919892,0,0.651110918
12932,6.325466573,4.292060732,4.675666367,3.879143571,2.886607784,6.455835361,3.351028493,5.033510042,2.285231815,0.423293723,0
12933,0.18060092,0,0,0,0,0,0,0,0,0,0
12934,0.791246742,0.354512062,0.407931937,0.92199115,1.278439498,0.587584708,0.195435043,1.551823202,0.947255299,0,0.221650513
12937,0.572489755,0.888746141,0.614771541,0,0.729286741,0.581009169,0.97643113,0.583370487,1.149249959,0.428821328,0
12939,0.783452533,1.435880378,0.197656014,2.414662061,1.111654886,1.365102074,1.748965968,1.935519239,2.102193647,0.219600869,1.951917396
12940,1.524724212,1.435454225,2.044491792,2.974118239,1.826463968,2.34592418,2.15156783,2.317889871,3.256951978,0.841916749,0.657552199
12941,0,0,0,0.371017881,0.179977976,0.594797325,0.38789292,0.193992076,0.574985947,0,0
12942,0.188628649,0.533767236,0.197656014,0.739938271,0.726859552,0.789056262,0.787243781,0.773292688,0.763862554,0.423924347,0.432790753
12943,0.581761186,0.38046757,0.204745588,0.556566648,0.550575882,0.390221205,0.189187349,0.965175134,0.384330774,0,0
12944,6.920543764,5.030383496,9.987167866,8.753888247,6.747063134,8.028003875,7.615647057,6.956170241,6.11599683,12.17094908,9.586603085
12947,3.482019046,4.007294177,1.820942928,5.364633983,5.586414234,2.931511852,3.724305571,3.470154173,3.830242978,0,0
12949,3.827000724,2.717723286,2.837837577,3.339644729,2.399930067,2.164223295,1.188402205,0.963780874,0.378413347,0.220910356,2.832468519
12950,5.168891978,7.216470459,6.10306029,7.460886825,8.759733618,11.18339206,12.60078488,9.860300616,10.707912,37.59980779,29.84200852
12951,2.115775359,1.281802218,2.450428395,0.9292513,0.903018999,1.765549313,1.574832161,1.739033807,1.148919892,0.430130815,0
12953,0,0,0,0,0,0,0,0.19251022,0,0,0.211140241
12955,0.201691347,0,0.203508386,0,0,0.200925625,0,0,0,0,0
12957,0.19766656,0,0,0,0.177426564,0,0,0,0,0,0
12959,0,0,0,0,0,0,0,0,0,1.282245866,0.871346072
12960,4.232748704,4.686197008,4.89198628,6.680994251,5.130538685,5.064539561,5.719181757,5.224265651,6.691931278,5.104760583,5.669605516
12961,0,0,0,0.187227304,0,0,0,0.193364302,0,0,0
12962,0,0,0,0.18083012,0.179977976,0.38767824,0,0.196014109,0.378558767,0,0
12963,0.952559594,1.089958538,1.231831926,1.487077532,1.287534103,0.199906468,0.798282711,0.579300612,0.573662987,0.421273686,0.224375669
12964,5.95925161,5.949978787,6.904550188,6.511664814,5.671174541,6.257582352,5.122758661,4.821291425,4.785487268,4.474266438,4.585703845
12965,12.79175586,15.62703408,13.83037195,15.6348864,15.09068512,12.89730662,13.0369681,11.01936295,11.31792208,12.4040393,10.04316172
12966,3.280583064,2.51064287,3.870528961,2.797587812,2.014393655,2.536873219,1.980437223,2.893503368,2.870926257,3.62813157,3.715387354
12967,11.04942137,11.38899876,8.751710855,11.90532306,9.798184415,11.36078234,10.41861368,13.33390635,11.10686191,8.541790289,8.70449243
12968,0.761118404,1.250600724,0.407830045,2.0503689,1.483256856,1.769111434,2.374290981,2.698273483,2.113744986,0,0.432146948
12969,0.564695546,0,0,0.185548766,0,0.190314737,0,0.193992076,0,0,0
12971,15.12232689,11.98817066,15.83532854,13.18113605,13.51316306,18.42829936,13.52552385,19.52624057,14.36014969,11.32955399,10.24886808
12972,2.121116935,4.156054906,1.632572397,6.135907795,6.542384606,1.958334313,2.747011223,1.351494204,2.101287066,2.132747247,2.18853182
12973,0,0,0,0.925407386,0.179977976,0,0,1.16422181,0,0,0
12974,5.184155259,5.947413045,8.330927056,9.857948611,10.17689477,19.5934251,17.97791766,24.69950996,23.35236215,2.12110559,2.403355276
12975,0.587354812,1.263189231,0.203508386,1.481099302,1.09591011,0.579990013,0.777725559,0.386502295,1.148919892,0,0.211140241
12976,0,0,0.812953376,8.369354885,8.22935244,6.651592297,1.586277082,11.59259503,5.547324808,0,0
12977,6.14977755,9.02310713,13.6262826,17.49071926,19.8512934,35.25206735,32.15985029,44.39602512,41.92209426,2.12110559,2.403355276
12978,0,0,0,0.187227304,0.191623994,0,0,0,0,0,0
12979,0.963798087,4.064196983,0.812427555,3.897482727,3.082912971,0.778918602,2.167817008,1.548817409,2.877604846,0.861378546,1.102548798
12988,0,0.185279653,0,0,0,0,0,0,0,0,0
12989,19.2329595,17.86718589,18.26278794,21.58197705,21.80294896,16.6093763,14.7614137,6.944841474,7.656137936,26.45872452,19.1476113
12990,0.18060092,1.434136184,0.4011644,2.598928908,2.010014665,0.784566132,0.992967163,1.936147012,2.676937775,0.629863522,1.960054251
12993,1.940914239,0.543675499,1.618938641,1.49601622,1.127999274,0.389675276,0.777725559,1.153458061,2.113804093,0.84456741,0.644702547
12994,0.201691347,1.109889566,0.204745588,0.749224986,0.19289111,0.781461566,0.600634113,0.576650805,1.143081453,0.421497944,0.867662858
12995,0,0,0,0.18083012,0.19289111,0,0,0,0,0.219600869,0
12999,0.201691347,0,0,0,0,0,0,0,0,0,0
13002,50.17938628,43.87253316,45.37745273,37.03355403,34.35788826,41.25542858,40.71391718,37.63109109,39.81427633,24.98196132,23.09429994
13004,0.572723275,1.979555877,2.042165464,1.675934783,2.357600766,2.556441535,1.371341861,1.539332583,1.913178944,2.348760621,1.739047544
13005,0,0.179255173,0.203084457,0.183790577,0,0,0,0,0.575712511,0,0
13007,13.30566932,12.12479852,13.03045345,10.2379966,10.25423204,10.9894425,11.87577408,10.04937483,11.30665365,11.54540383,11.81421182
13009,3.851292305,4.366630528,2.849065893,4.474360502,6.342970183,1.938898627,2.957155208,3.076077146,4.205510356,3.832761259,3.49638477
13010,0.376066897,0.185279653,0.810757468,0.18083012,0,0.3938717,0.583327963,0.581505871,0.189807699,0.212277485,0
13014,0,0,0,0.185548766,0,0,0,0,0,0,0
13015,21.47944066,19.41836805,20.73817445,17.29228186,18.56618913,19.01967558,18.16791152,21.2393971,16.27675313,19.07233594,22.70042173
13016,0.369229569,1.0864998,0.810333538,0.551848001,0.91691902,1.958334313,0.387142329,1.346822363,0.763862554,0,0
13017,18.22867929,6.575062035,20.34497125,4.103379446,0.735673926,20.54953879,17.75971841,24.73999669,25.48964614,9.986971859,5.41936876
13018,0.783452533,0.552847065,0.407016773,0,0.711395006,0,0.189187349,0,0,0.421497944,0
13022,0.403382695,0.166666667,0,0.557826232,0.173732258,0.590600901,0,0,0.391346753,0.219600869,0.211526017
13023,0.384094626,0.722079474,0.409694959,0.189768808,0.546881575,0,0.592559329,0.582359954,0.775803067,0,0
13027,8.857520562,16.29491644,8.757429957,23.45001413,22.9931039,14.45694412,18.80489005,14.85385268,19.3348736,12.83376375,13.08958273
13028,4.057832073,3.450521532,3.053532986,7.080437652,5.08482973,2.171596986,3.143397938,2.116672949,2.116250116,1.078104497,2.16546854
13029,1.909143975,5.057701205,2.447317323,6.713424184,5.282965131,4.50371018,4.295731385,4.627429025,5.529922473,3.828312792,3.046256688
13030,0.594823884,0.188312238,0.816287803,0,0.173732258,0.190314737,0.377624107,0.581505871,0.95944226,0,0
13031,4.033907259,9.019223347,5.702412754,12.27051046,8.978326775,6.242481335,7.291326259,5.797092562,8.245367692,3.844220807,4.145789391
13032,0,0,0,0,0.180258207,0,0,0,0,0,0
13033,0.78904616,0.716833489,0.615297362,1.685329249,1.084544323,1.760424881,1.380860083,1.162671099,1.338397525,0.421273686,0.643287189
13034,0.757093616,0.709490967,1.220783421,0.18083012,0.173732258,0.189768808,0,0,0,0,0.211140241
13035,1.905772777,1.834534782,2.238915271,0.742898729,0.729286741,1.37269677,1.164867888,2.125352877,1.717411897,2.768997318,1.760068087
13036,0,0,0,0,0,0,0.188436758,0,0,0,0
13037,1.53432078,2.202880689,1.425529009,3.355832998,2.191820219,1.568024734,2.952847233,2.318717179,3.257678543,2.345927852,2.608087146
13041,0.572723275,2.729772246,0.204847479,2.027980772,4.337512489,5.314401516,4.112524401,2.516308774,1.344169532,8.10747507,8.71217899
13042,0.201691347,0.505131485,0,0,0.173732258,0.59114683,0.189187349,0.386973618,0,0,0
13043,0,0,0,0,0.179977976,0,0,0,0,0,0
13044,4.20559334,1.80248209,3.874813137,2.79767923,2.347660741,2.338035778,2.980441724,2.130679266,1.742135767,1.720512797,1.297767069
13045,0.18060092,0.169232409,0,0,0,0,0,0,0,0.208996201,0
13046,11.75220664,13.63879008,11.1935594,14.50806079,13.34013266,14.05354062,17.23439593,20.08861563,19.87939281,10.26100406,10.85793221
13048,0,0.166666667,0,0,0,0,0.188436758,0.193992076,0.196097113,0,0
13049,0,0,0,0,0,0,0,0.190304961,0,0,0
13050,3.822764261,2.299522209,4.085094809,1.483313269,1.630741215,1.353945257,1.363573459,1.352121977,1.729473319,2.546291183,1.517744194
13052,5.048945958,4.696427964,4.480732082,4.829751801,4.018567054,4.099861895,2.940638702,4.25630393,2.865809752,2.984830611,1.73900893
13053,1.69881294,0.722079474,1.007989552,0.370143149,0.919346209,0,0.970489819,0.196014109,0.568366466,1.063051363,0.211140241
13056,0,0,0,0,0,0,0.205723382,0,0,0,0
13057,1.545814639,2.569981258,2.037402218,3.908527631,3.844132935,1.579269925,3.337469625,2.318778967,4.223414847,0.208996201,0
13058,5.205388544,10.32669486,4.685669288,12.66445878,14.26898056,11.91894054,13.5819495,12.75268522,11.28896758,13.89038033,12.88319277
13060,11.95443686,18.24218067,13.8508274,20.27547892,18.70955428,17.82243636,17.46392746,13.91538305,14.18273811,17.5495088,17.83887666
13064,10.67401012,13.23114686,9.962973631,13.04032355,12.08523364,15.08158567,18.43825115,19.68950031,19.88520211,10.9413782,10.88670953
13065,0.594823884,0.354512062,0.609343098,0.558324837,0.372869087,0.3938717,0.57380974,0.966185667,0.76434267,0,0
13066,0.749624544,1.231520895,1.220269765,2.615068586,0.909544948,0.195962267,0.583327963,1.351049656,0.391346753,2.768997318,0.224375669
13068,0,0.914701649,0.203508386,2.040683723,1.449620344,0,0,0,0.189081134,0,0
13069,0,0,0,0,0,0,0,0,0,2.552983944,1.313689039
13070,0.771958674,0.533767236,1.023127407,1.116478605,0.725592435,1.174787337,1.182154512,1.15916721,1.148919892,0.850773878,1.08287209
13073,0,0,0,0.364620697,0,0,0,0.385491762,0,0,0
13074,31.36887776,23.00409188,31.16945748,23.08303945,18.11509708,27.39324197,24.59896421,25.13851004,20.92369066,29.9373366,28.08353157
13075,1.903875485,0.578688073,1.430623249,1.112258563,1.269642367,1.164649677,1.181403921,1.55036812,0.378888833,0.641777676,0.661235413
13076,0.19766656,0,0,0,0,0,0,0,0,0,0
13077,0,0.166666667,0,0,0,0,0,0,0,0,0
13080,0.19766656,0,0.204847479,0,0,0,0.195435043,0,0,0.211646862,0
13081,0.386295209,0,0,0,0,0,0,0,0,0,0
13082,1.730184981,4.431993396,1.621422,4.658615582,4.517629229,4.278424016,4.897886207,2.89617995,3.636362848,1.273795104,2.40035448
13083,0.18060092,0.34592184,0.609343098,0.562089099,0.173732258,0.390694432,0.58853821,0.384297036,0.56776544,0.212277485,0.65379746
13087,0,0,0,0,0,0,0,0,0.19524964,0,0
13088,12.71955618,17.43520491,7.128269549,21.19523244,23.28849431,9.982958363,14.18867312,11.20620711,15.69267501,5.984877886,3.697053353
13089,2.855478198,2.514723641,4.269930339,2.412875772,1.100871533,2.535945211,3.383024059,3.479723197,3.062362471,2.557126199,0.877787353
13090,17.11793137,23.03708469,17.3108635,22.67117093,23.20788596,14.89746716,16.53987483,14.29623799,14.1585815,45.3118238,45.74722111
13091,0,0,0.204847479,0,0,0,0,0,0,0,0
13094,2.099159184,2.342813353,1.835232925,0.93047406,1.982601898,1.958628019,3.14455452,3.281104759,3.251239078,0,0.221650513
13096,0.18060092,0.38046757,0,0,0,0,0,0,0,0.420867321,0.211140241
13098,0.18060092,0,0.812427555,0.74116103,0.365356251,0,0.205723382,0,0,0.211646862,0
13099,15.95067789,16.61309788,14.04167865,13.03601209,19.10798721,19.15187421,18.29476341,21.43896865,20.31683007,21.16847366,19.31687596
13100,0,0.195187917,0,0,0,0,0.795012183,0.962299018,1.546639679,0,0
13101,0,0.185279653,0,0,0,0,0.393103167,0,0,0,0
13103,1.144654373,0.35194632,0.407830045,0.187227304,0.173732258,0.585587673,0,0.19251022,0,0,0.224375669
13104,0,0.188312238,0.203508386,0.750099718,0.741919645,0.396887892,0.804549931,0,0.391346753,1.286612379,0.211140241
13105,0,0.169232409,0,0.187227304,0,0,0,0,0,0,0
13106,0.391888835,0.521645572,0.604672787,0.940763749,1.06510524,0.78214574,0.798569567,0,0,0.439201739,1.532014908
13109,34.16578283,21.71331619,34.59682688,18.39976261,19.17239201,29.53676943,22.99813373,27.43391517,24.48704555,33.35729616,27.23533673
13111,1.306292361,2.161491293,0.607249081,1.678069099,1.62080119,0.592165986,1.175156227,1.542453712,1.723058365,0,2.185035111
13113,0.754893034,0.69184368,0.203508386,0.366378886,0.737238452,0.784092905,0.189187349,0.774016091,0.762744121,0.212277485,0
13118,0,0.179255173,0,0,0,0,0,0,0,0,0
13119,0.958784964,1.419833134,0.810766424,1.308333137,1.810719191,2.937705312,3.940930058,3.862993391,4.969397421,4.918962067,4.355916477
13121,0.201691347,0.179255173,0.206941496,0.369339344,0.903018999,0.195962267,0,0,0.378287808,0,0
13122,0,0,0,0,0,0,0,0,0.196097113,0,0
13126,0,0.185279653,0,0,0,0.190314737,0.205723382,0.769317475,0.953795792,0,0
13128,0.19766656,0.166666667,0,0,0,0,0,0,0,0,0
13129,4.577582149,5.150763775,6.319278312,7.273236,5.865751763,6.656726788,5.357519971,6.753681463,6.499204542,5.53611893,5.255004589
13132,1.558877338,0.716366646,1.833995723,0,0,1.77051267,0.788013898,1.542009164,1.735516285,1.281535316,1.527868689
13135,0,0,0,0,0,0,0,0,0.189807699,0,0
13137,2.343286752,1.777377781,1.826693409,2.404044836,2.752494771,2.74539354,2.560514184,2.510844639,0.96515516,2.118000324,1.50822489
13138,0,0,0,0.18083012,0,0.189768808,0,0,0,0,0
13139,2.561667361,0.854512062,2.034973998,0.36166024,0.707700699,0,0,0,0.189206673,0,0
13140,10.97913656,12.79275374,13.42398765,10.98959029,12.60544562,12.54944918,11.60001677,13.12050128,16.86149989,11.53441403,11.54532422
13142,19.40018574,13.28641761,21.56901547,14.35798022,14.42652917,14.29601739,13.80807919,13.91358972,15.4757764,14.93365157,11.97537339
13144,0,0.166666667,0,0,0,0,0,0,0,0,0
13147,0,0.179255173,0,0,0,0,0,0,0.189477632,0,0
13150,0,0,0,0.183790577,0,0,0,0,0,0,0
13151,0.195465977,0,0.609343098,0,0.177426564,0.199906468,0.609095362,0.576179482,0.384727272,0,0
13152,0.385663465,5.85022203,0.204745588,2.053885278,2.383724443,0,2.345559435,0,3.836014985,1.49295792,1.967525113
13153,9.789504729,10.08587477,10.40470732,5.209753919,7.998694338,10.36939083,7.850833048,10.24631091,8.807871208,15.35389873,15.43028564
13156,2.487533963,2.001315949,2.240678293,1.310547105,1.099728638,1.180434868,0.394140614,0,0,2.134949392,0.644316771
13157,0.769146133,0.543291144,0.615297362,0.564630603,0.915651903,0.971230374,0.791571283,0.962299018,0.580427888,0.41821666,0.644316771
13161,8.082537672,17.13970744,5.490382765,10.25247823,12.7590176,14.88012835,21.4623493,12.74491192,20.30266675,7.875291645,6.115229494
13165,10.61670696,8.7022896,9.359250595,7.983349158,7.972863275,10.16051831,12.16494058,10.42798243,11.89296168,7.265975148,9.157489842
13166,0,0,0,0.189768808,0,0,0,0,0,0,0
13167,2.110223364,4.532753192,2.240152472,2.23167529,2.90477975,2.732835487,2.574823643,2.124970117,3.830885924,3.418130067,4.128099196
13168,2.704090368,19.73733245,2.641740802,25.26659034,23.51514609,13.73055686,16.73392782,5.416080209,9.177472601,15.77848539,17.67742302
13169,0,0,0,0.18083012,0,0,0,0,0,0,0
13170,3.220629679,0.935496022,2.430620229,2.240137708,2.870139174,2.930744919,1.361359904,3.093135737,1.136461972,1.905416627,0.652382102
13171,4.588517351,3.836514726,5.288343891,1.855134956,2.746231808,2.935212218,3.153073513,2.313069818,2.866331789,2.781848308,4.136991121
13176,1.911344557,0.914701649,1.4256309,1.493018938,1.646485991,1.950739618,1.770692721,2.124970117,1.723454863,1.914893917,1.307247758
13177,0,0,0,0.183790577,0,0,0,0.385491762,0,0,0
13182,0,0,0,0,0,0,0,0,0,5.563342164,6.540268041
13185,0.399357907,0.568779809,0.206941496,1.303705909,2.198928602,0.593778168,1.792770582,0.582359954,1.540020197,1.915166414,3.049972812
13186,0,0,0,0,0,0,0,0,0,0,0.217934388
13188,0,0,0,0.18083012,0,0,0,0,0,0,0
13189,0,0.562755329,0,0.930929838,0.735673926,0.584186437,0,0,0,0.861154288,1.089699146
13190,5.921095542,6.135340927,6.290846652,9.704174705,7.529413087,9.009551431,9.901448543,8.116061857,9.956586573,8.568313434,8.050943576
13191,0.370798408,0.335899076,0.204847479,0,0,0,0.198705571,0.576179482,0.189807699,0.212277485,0
13197,0.7775523,0,1.008846367,0,0,0.385731075,0.195435043,0,0,2.136290566,0.889327206
13198,9.229445929,6.585443961,6.088154746,5.952820882,6.916116357,6.434579387,4.520967966,7.346430477,6.318654316,6.607724235,6.724476409
13199,0.972406319,1.791243639,1.023127407,1.677265294,1.253897591,0.388224169,1.003255503,3.090528011,2.878021224,0.211646862,0
13200,1.736033973,2.365621775,2.025264587,2.243654086,1.853854761,1.563011507,2.175852739,1.351076431,2.10186358,0.850095015,1.30827734
13201,5.373067413,6.275585243,5.911355332,5.732563165,6.569073472,6.063614346,6.100997354,5.984590297,6.887806454,6.181970395,7.393100439
13202,10.92512119,5.472829006,12.00161911,5.399776613,4.738213337,8.254920668,6.476833424,6.381925233,5.567575119,7.694523979,7.003532823
13206,13.79266838,11.00453385,12.19746856,11.16305019,9.820477047,10.94405967,9.388453725,10.2351583,9.95509346,13.45873232,16.29576272
13207,0.190197488,0.700433902,0,0,0,0,0,0,0,0,0
13208,1.917171704,2.871833459,1.214931048,2.789104903,3.483048629,1.387797787,0.198705571,0.193364302,0,0.208996201,0.431761171
13209,0.580517484,0.728955153,0.61353434,0.752313686,0.946456772,0.595775204,0.383871801,0.576179482,0.378888833,0.220910356,0
13210,0.566896129,0.333333333,0.409593067,0,0.177426564,0.199906468,0,0,0,0,0
13211,0,0.710342166,1.017698964,1.124633978,0.533968441,0.782618967,0.582290516,0.972993912,0.189477632,0,0
13214,5.550928879,2.737499123,5.691382162,2.053022312,1.826463968,5.892688199,5.729353612,5.988346267,7.473166199,5.991356851,6.311515961
13215,0.195465977,0,0,0,0,0,0.189187349,0,0,0,0
13217,0,0,0.204745588,0,0,0,0,0.386502295,0,1.273388738,1.51812997
13218,0,0,0.203508386,0,0,0,0,0,0,0,0
13219,0.566896129,1.827970756,0.206941496,2.597577906,3.265739834,0.577447048,0.401158425,1.162471565,1.339124089,0,1.08931337
13220,0,0,0,0.18083012,0,0,0,0,0,0,0
13223,14.6496157,12.40344596,13.22883586,12.82628018,11.63485139,14.08467905,11.95173565,11.97091453,11.68626905,14.31928767,11.54427934
13224,20.13906067,19.60135738,18.70507697,17.12444956,15.17031081,20.12029075,19.66975946,20.08155433,22.04230665,18.58347877,13.04398618
13225,1.518823978,1.265754974,1.016037833,0.932688027,0.558247362,1.565008542,0.993717754,1.15916721,1.148919892,0.642184042,1.095721741
13226,0.587986556,0.547134237,1.017800856,1.486621754,0.72430814,1.383307658,1.162654333,0.769788798,0.95944226,0.644834702,0
13228,0.588598514,2.499457255,0.60601188,4.093195664,5.062963457,1.370203676,2.34777299,3.860159391,5.161479104,16.89172092,19.87088135
13229,0.201691347,0.338464818,0.611440323,0.187227304,0.173732258,0.397815901,1.148351381,1.548790634,1.142751387,4.482679422,2.620903888
13230,11.68273183,7.274333251,13.82348041,5.380157382,4.195727929,8.817541753,5.499306268,8.106769462,7.063126589,5.320367591,9.812668624
13231,0.594823884,1.19297688,0.611440323,0.183790577,0.542782816,0,0.195435043,0,0.385057339,0.430130815,0.429460406
13232,0,0.188312238,0,0,0.369050558,0,0.387142329,0.19251022,0.19524964,0,0.211140241
13233,4.413510057,2.852140273,2.053452029,2.423552158,3.995026575,2.748570807,4.939725905,5.217136434,6.900555214,15.40967288,15.91101922
13235,0.377257298,0,0.822238859,0.185548766,0.180258207,0.400832093,0.384622391,0.58033792,0.385574746,0.208996201,0
13236,0.566264385,0.536799821,0.197656014,0.924624072,0.915932133,0.784566132,0.387142329,0.772193592,0.769634561,0.208996201,0
13237,0,0.335899076,0,0.18083012,0,0,0,0,0,0,0
13239,0.385663465,0.5,0,0,0.357684771,0.981841262,0.205723382,0.190304961,0.574781419,0.421497944,0.217934388
13242,0,0,0,0.369339344,0.353990465,0,0,0,0,0,0
13244,0.370798408,0.872698897,0.206941496,0.189313029,0.357684771,0,0.400101451,0,0,0.220910356,0
13245,0,0,0,0,0,0,0,0,0,0.650816913,0
13246,7.233819573,7.981218879,8.160070099,8.740757618,8.593548618,8.666791389,7.116155842,8.491345354,6.136276282,5.953106031,6.979852942
13247,0.393132537,1.213022409,0.407830045,0.189768808,0.357404541,0.388224169,0.377624107,0.774870173,0.952822779,0.208996201,0.640600646
13248,5.233173442,2.625979864,3.45093903,2.398463223,2.949080188,1.360611945,2.154432368,1.161216018,1.717160819,1.952252078,1.984057979
13249,27.59061897,19.96196662,23.58070201,18.78449395,17.06897585,21.48827936,20.68876051,18.34338991,15.51490339,16.45667393,19.13539975
13250,0,0.706925225,1.017275035,0.923749339,1.26042354,0.570398281,0.582577372,0.582516405,1.148318867,0.861154288,0.211140241
13251,0.376066897,1.401334647,0.203084457,0.74116103,1.076471027,0.386277004,1.142390544,0.193992076,0.579705953,0.652158087,0.862251159
13252,8.659642327,6.163976678,8.339253831,5.772660435,4.930117561,6.271802458,5.315503394,4.642577522,5.174809008,6.170024553,9.139998917
13253,1.707452627,2.308579274,2.034973998,1.855961097,1.840661397,1.75477735,1.586583465,1.934665156,2.107761127,1.924429909,1.951564529
13254,0.19766656,0.335899076,0,0,0,0.197909432,0,0,0,0,0
13255,0,0,0,0,0,0,0,0.192981542,0,0,0
13256,3.25546785,4.895344475,2.852016725,3.547778948,3.254374047,3.890272548,3.90562491,4.82902164,5.171007536,1.934586061,2.402969499
13257,1.900106064,1.267499167,1.426487716,3.166471377,2.769084967,0.195962267,0.79753212,0.574601997,1.149437299,0.853830904,4.112981688
13260,0.977674809,1.092991123,0.819619021,0.924532654,0.711395006,0.773955245,0.591808738,0.772821365,0.378888833,0.629863522,0.211526017
13261,0.756461873,0.735446475,0.602253524,0.746335456,0.72430814,0.391240361,0,0.581888631,0.580824386,0.858727886,0
13262,12.56499093,13.03856538,11.77019018,9.291291443,12.98668811,12.76318509,13.43881854,13.53213496,14.16505803,14.52964363,10.8995768
13263,0,3.245777693,0,1.690047896,1.462392011,0,1.185882268,0,3.444254547,2.773670043,5.251707151
13264,8.658073488,11.09308619,7.939091681,10.79044335,10.10293395,6.849584489,6.884990134,6.75795184,6.725289556,1.488815665,1.289943339
13265,3.068429885,5.4186639,3.861871191,5.224157743,5.476999136,6.079256909,6.460584247,4.646065102,4.973841838,5.98799564,6.979314697
13266,0.944531864,4.605613937,1.623710844,8.571428181,10.02568168,1.562515448,4.313018009,3.475992998,5.151317156,1.504903762,1.313689039
13267,0,0,0,0,0,0.189768808,0,0.193992076,0,0,0
13268,0.988913302,0.921577327,0.197656014,0.560330911,0,0.593778168,0.394910731,0.190304961,0.189807699,0,0.220620931
13269,3.822455594,8.73683533,3.250654222,8.17659456,7.852033426,3.705516968,5.32013993,3.282430165,6.318592515,4.894695705,4.785651394
13270,0,0.364534827,0.204745588,0.746662992,0.353710234,1.364556145,0.771764721,1.548162861,1.723905839,0,0.431761171
13276,0,0,0,0,0,0,0,0,0.189081134,0,0
13277,0.785021372,0.697753659,0.616534564,0.18083012,0.351158822,0.785112061,0.598807022,1.352914272,0.76419262,0.849464391,1.096107517
13278,1.744976951,1.809046117,2.238482385,4.84078798,3.101365167,2.171394634,2.732701764,4.05976692,2.670084626,1.073656031,1.749519202
13279,0.399357907,0,0,0,0,0.195962267,0.205723382,0.574601997,0.189477632,0,0
13280,0.403382695,0.166666667,0,0,0,0,0,0,0,0,0.429074629
13281,0.201691347,0,0,0,0,0,0,0,0,0,0
13283,1.704081429,2.205094089,2.232005508,2.425706965,1.654157471,1.360611945,1.964958163,0.575796722,1.919731994,1.71341367,1.959282698
13285,0.201691347,0,0.197656014,0,0,0.189768808,0,0,0,0,0
13286,25.88442446,24.40417993,20.13187941,18.40832517,18.0415611,18.56820228,17.08165078,14.48968989,14.14265217,24.569423,21.76844937
13287,7.711792566,12.68459413,3.85437405,11.71827576,6.542508828,11.53887983,8.596712071,14.28999202,10.92109879,2.155010124,1.756346258
13288,8.592671394,6.402876564,9.159120178,5.196586465,5.797477311,5.495083244,6.905972804,6.382573645,7.071512079,5.121313747,10.4330157
13289,0,0.179255173,0,0,0,0,0.195435043,0,0,0,0
13290,5.595380087,6.168131424,5.310876995,7.436943958,7.684249478,5.668855915,5.909735113,6.568883722,6.496220576,4.920078983,3.947475487
13291,0.188628649,0.735446475,0.203084457,0.185548766,0.531417029,0.388224169,0.404428953,0.577278578,0.378287808,0.211646862,0.429074629
13293,1.716490538,1.279121975,1.42396977,2.237128659,1.638973156,2.531748787,2.172621264,2.319816275,1.729473319,0.440511225,0.868692439
13294,2.531937246,2.746171832,4.676625074,4.103379446,4.194723865,1.971106086,1.394876178,3.090172026,0.757243072,4.260373254,3.462553189
13295,0,0.169232409,0,0.373559385,0,1.740695489,1.198384162,2.700164873,1.712425562,1.084667064,0.883551918
13297,15.92245108,13.59612334,18.33767389,12.08511915,10.56292543,12.93793009,9.676975572,8.491788934,9.975703564,26.67640386,49.05350363
13298,3.282151903,1.807643225,4.459105185,1.675130977,0.738225338,2.172120085,1.983394861,2.703014215,1.142751387,2.986353893,8.289479822
13300,0.754893034,0.358510347,1.220783421,0,0,1.17431411,0.189187349,3.856717289,0.965857214,0,0
13301,0.98144423,1.756313552,1.833562837,2.055435573,1.44451752,1.184379069,0.993717754,1.351520979,2.290823806,0.211646862,0.65613684
13302,18.45406856,13.24230728,17.70087751,9.116514637,7.466412009,10.35095708,10.49489062,9.261788699,8.431756356,10.24883396,20.08411937
13305,9.225999584,9.186741212,7.532771584,9.13042858,8.912494054,8.006254617,8.630208819,7.728007848,9.751778533,8.547542152,9.797776235
13307,11.15888182,14.29950288,10.59054774,11.71919604,13.29536426,12.15197388,15.58411348,15.63254162,20.08524611,18.13815486,20.49521287
13308,0.785021372,0.685279653,0.613101454,1.300269182,2.001760751,0,0.39416014,0,1.338001027,0.632920548,0.422666258
13309,4.813028398,4.295477673,4.4691488,3.530721712,3.46160135,4.903252241,4.898305217,4.250349768,3.826045008,4.056546532,1.745803077
13310,0.201691347,0,0,0,0,0,0,0,0.196097113,0,0
13311,3.452502666,4.870240165,6.301149189,5.964911586,5.641636788,4.119541416,5.3126966,5.408207882,5.182426012,4.285186638,3.901455671
13312,13.42974893,16.23095882,11.59240643,18.96357765,17.85092399,12.75323554,16.7268104,15.24487137,18.00865378,15.22255847,13.69764189
13314,5.770064304,9.035508433,6.513519129,8.372859496,10.61262347,10.1779243,10.02654796,9.471085722,9.957337648,6.840466791,4.586128235
13315,0.762362106,1.589180043,0.611440323,1.107539917,1.09591011,0.390694432,0.582577372,0.965802907,0.95944226,1.065477765,1.313303262
13316,1.15235365,6.181072273,1.216211793,5.937271226,6.780860449,1.550674458,5.534611416,2.518575821,7.08350707,8.321734814,8.707427579
13318,3.843403164,3.303598689,4.662436969,3.723365561,4.418156793,2.553898571,2.338235241,1.922679906,2.305126723,3.00069445,3.034861009
13319,0.761730362,0.166666667,1.220783421,0.927165575,0.177426564,1.169139807,0.387142329,0.9631531,0.770632084,0.212277485,0.211526017
13320,0.397157325,0.543675499,0.614771541,0,0,0.59679436,0,0.962498552,0.385303787,0.420867321,0.435901686
13321,7.096813289,7.424870022,6.112345772,9.701971306,9.662628395,8.237349387,9.668613932,8.301737058,9.759521077,15.17887044,16.81592694
13323,0,0.533767236,0,0.368057424,0.534831105,0.189768808,0.383871801,0.585009761,0.384456313,0,0
13324,0.559427057,1.171798151,0.603824928,1.677344945,0.724027909,0.396887892,0.384622391,0.19251022,0,0,0
13325,1.936459772,1.583934058,1.621523892,1.116478605,1.09591011,1.167192642,1.182154512,1.160021292,1.149767366,0.862009169,0.643287189
13326,1.328014533,0.166666667,0.616534564,0,0.177426564,0,0,0,0,0,0
13327,0.962787906,0.710342166,1.017275035,0.183790577,0.360236183,0.189768808,0.189187349,0.190304961,0.581154452,0,0
13328,13.62981814,14.29496269,16.6749037,16.92455013,14.93577772,16.08154414,9.828705609,9.866235071,10.33901055,3.185193942,1.962074801
13331,0,0,0,0,0,0,0.204666409,0,0,0,0
13333,1.154250941,0.917267391,0.410025953,0.566309141,0.711395006,0.3938717,0.771764721,0.775880707,0.573537448,0,0
13335,0,0,0,0.185548766,0.19289111,0,0,0,0,0,0
13336,0.560995895,1.090809736,0.408253974,1.112215737,0.547744239,1.564576592,1.560835592,1.157302594,1.155810332,0.420867321,0
13337,8.689372442,11.29608567,8.324967043,14.14879736,15.47787586,11.11994897,14.55288353,10.03546415,12.62522001,4.275468538,2.442251393
13338,1.16227867,1.429855898,1.219444328,0.743374998,0.726859552,0.200925625,0.609095362,0,0,0,0
13341,0.783452533,0.891311883,0.818279928,2.422726017,1.838109985,0.197909432,0.789051345,0.580311145,1.345347072,0.219600869,0.43551591
13345,0,0.185279653,0,0.18083012,0,0,0,0,0,0,0
13346,0.592011344,0.35194632,0.203084457,0,0,0,0.583347489,0.190304961,0,1.281342746,0.869045306
13347,0,0,0,0,0,0,0,0,0.196097113,0,0
13348,0,0,0,0,0.191623994,0.38767824,0.393853758,0,0,0,0
13349,0,0,0.618730472,0,0,0,0,0,0.19524964,0,0.217934388
13350,0,0,0,0,0.19289111,0,0,0,0,0,0
13351,2.861703568,2.397290111,2.233286253,3.169061472,1.843230053,2.362678656,2.176178648,2.512170044,2.682567057,1.282652232,1.307247758
13352,1.728543055,1.829403298,1.222546443,2.418087022,1.652890354,2.743446375,2.16529707,3.285305278,3.257804082,0.852745675,1.307247758
13354,5.349891121,7.209366721,6.508081729,11.34415741,9.177656604,9.183805923,7.105618864,2.519429904,1.717741964,11.94580608,9.359149393
13355,0,0.364534827,0,0,0,0,0,0,0,0,0
13356,0,0.357544647,0,0,0,0,0,0,0,0.853830904,0
13358,4.002913657,0.728955153,4.868039372,0.747139261,0,5.296962866,0.576329678,5.406091186,0.575111486,2.552273394,1.0733914
13361,3.248652367,3.273333245,5.891163571,2.594232597,2.917132423,2.345157246,3.37456281,2.710388445,3.6482323,0.219600869,0
13362,16.52845592,16.97203328,17.28111361,14.68911057,13.89115485,12.54860678,14.00147105,16.23092189,12.82620243,20.52090197,22.01751739
13363,0,0,0.204745588,0.185548766,0.3718822,0,0.97643113,0.38281518,0.770632084,0.420867321,0
13364,8.281824312,7.724054127,6.908924092,5.380684088,5.670014468,9.011204891,9.205633205,9.863290099,9.1845305,5.562679853,5.21989612
13365,0.18060092,0.364420326,0,0.746662992,0,0.379537616,0.38789292,1.54198239,1.337279092,0,0
13366,1.712109159,3.463504178,2.628607237,3.529291059,4.376973023,5.477522022,6.663807218,4.641812002,6.123759254,3.426004147,4.546802023
13368,0.98671272,2.906846033,1.82626948,3.713161288,2.716711299,2.928636679,3.327781031,3.282314827,3.826170547,3.196284903,1.093382361
13369,3.102836317,5.970221467,3.250985217,4.279154659,5.265936059,2.956979923,3.73311142,4.25706945,4.217187234,3.612885865,1.948234181
13370,26.68005494,22.41583003,29.69019874,18.77618112,17.22033193,25.01366053,21.44436915,23.95730483,20.68717754,21.56772091,17.61508857
13372,0.947291104,0,0.206941496,1.122875789,1.116336079,1.176784373,1.582255963,0.775026624,1.722331801,0.212277485,0
13373,8.106345708,6.890137088,7.739823928,7.431173621,6.392789802,6.254070102,7.634564366,7.720066665,5.365518658,6.202506958,6.307761222
13374,1.336420699,1.248034982,1.436153584,0.739075305,0.3718822,1.576253733,1.371341861,2.510661413,1.338397525,0.639127016,0
13377,2.503355901,2.987367605,2.027683849,2.976659743,2.539284735,2.14864905,2.158585641,2.70304099,1.92459742,0,0.448751337
13378,1.171316581,0.757092047,1.015181018,1.478537307,0.88882157,3.131124615,3.540522224,3.478538937,2.865935291,0.219600869,0.644316771
13379,3.633684088,5.393247938,3.663265427,6.139663334,5.699676443,2.947770271,4.156329015,2.509807331,5.559319799,2.166325343,5.001504432
13380,22.13786962,20.44164442,24.00830849,18.41374748,20.34536237,24.27122559,21.25178647,20.85257997,19.18389802,21.98867183,30.3015469
13381,0.190197488,0.547134237,0.203084457,1.677265294,1.638692925,1.370699734,0.205723382,1.542836472,0.953214647,0,0
13382,37.45484847,49.14613714,36.65752453,45.56760808,50.2963601,32.28699216,40.52608017,33.81276035,36.35819231,49.6481736,46.56543051
13383,3.050963961,5.591582941,3.665202412,4.832293304,4.743596391,3.902448521,5.696243328,3.087767232,6.299034998,5.543780213,3.254066581
13385,4.413488212,4.514057719,4.892741204,3.347350089,1.856988607,5.263606394,2.578206799,3.482452361,3.661808652,3.635224606,2.172224074
13386,0.393132537,0.364534827,0,0.750099718,0.738505569,0,0.983448941,0.192981542,0.959112193,0,0
13387,0,0,0,0,0,0,0,0,0.189807699,0,0
13388,1.171316581,1.410776068,1.217550886,1.85041631,0.725592435,0.787059226,0.576329678,2.511499187,1.160860405,0.430130815,0
13392,0,0,0,0,0,0.197909432,0.205723382,0,0.189081134,0,0
13393,0.201691347,0,0,1.123203325,1.657851778,0.390694432,0.189187349,0.386345844,0.763616105,0.219600869,0.864937701
13394,5.807841934,7.068852714,6.919780978,7.264704499,6.395482681,7.641956263,6.886916833,6.962665585,7.448622347,12.64350833,11.76416163
13395,0,0,0,0,0.360236183,0,0,0,0,0,0
13396,0.190197488,0.188312238,0,0,0,0,0,0,0,0,0
13398,10.79269298,10.49660229,9.344676045,9.683467083,10.91650881,7.83791853,9.422276382,7.134682215,7.094270043,9.397637166,8.699658891
13399,0,1.087350999,0,2.054212814,1.440961977,0.195962267,0.959914623,1.153929383,1.143026976,0,0
13400,0,0.166666667,0,0,0,0,0,0.38631907,0,0,0
13402,2.310070721,0,1.222020622,0,0,0.786563168,0,0.192981542,0,0,0
13403,1.726974216,1.28215456,1.826693409,2.045729905,2.172941597,1.565008542,1.182154512,2.318334419,1.533827181,0.220910356,0
13404,4.400702725,4.741308111,3.658493224,3.354937775,4.171856164,4.302261457,4.333014469,3.874255238,3.838436497,5.119549655,6.102065589
13405,0.201691347,0,0,0.189313029,0.173732258,0,0,0,0,0,0
13407,0,0,0.204847479,0,0,0,0,0,0,0,0
13408,0.771958674,1.083934058,0.812851484,0.926709797,0.729286741,0.789056262,1.182154512,0.9631531,1.148919892,0.850773878,1.096107517
13409,0,0,0,0,0,0,0,0,0,0.420867321,0.211140241
13410,0.969625234,1.083934058,0.812851484,0.926709797,0.729286741,1.376258891,1.182154512,0.9631531,1.148919892,0.850773878,1.096107517
13411,6.353015891,2.363637376,7.525703131,4.839950073,4.211333942,6.078200654,4.530911706,4.449013685,4.04831449,5.786454665,7.607086696
13413,3.98762853,1.28817904,4.880717629,0.737724304,1.482852403,3.73392432,1.790963018,1.937786286,2.099567608,4.265268209,3.710603034
13419,0.201691347,1.777377781,0.411788976,2.245332624,4.018145423,0.780915637,1.182154512,1.352531512,2.492692927,1.716326366,2.397596415
13420,0,0.188312238,0,0.189313029,0.735673926,0,0.188436758,0.19251022,0,0,0.221650513
13424,30.0507601,28.82494905,30.73372424,29.75759369,27.578274,29.33960397,31.39801082,28.95915087,27.75614257,32.88778614,33.5382643
13425,21.35101539,12.62786218,19.74869156,14.50201751,11.88242448,18.01270685,13.74498949,16.61783468,12.0714473,18.39756052,16.99333545
13426,0.757093616,0.533652735,1.418863364,0.9292513,0.726859552,2.1451368,0.960201479,3.468576687,3.643336907,1.069065261,0.864976315
13427,0,0,0,0,0,0,0,0,0,0.838635466,0.432790753
13428,0.195465977,0,0,0.189768808,0.177426564,0,0,0.38631907,0.189807699,0,0
13429,0,0.348487582,0,0,0,0.97882507,0.599863996,0.38281518,0.575111486,0.212277485,0
13430,0,0.719399231,0,2.045729905,2.191820219,0.593728297,0.188436758,0.385020439,0.19524964,0.861378546,1.08287209
13431,0,0.188312238,0,0,0,0,0,0,0,0,0
13432,4.573652294,3.746910894,4.076555293,4.848840169,5.31859266,6.053094607,3.731629765,3.093770578,3.453901195,4.705475249,4.359301921
13433,0,0,0,0,0,0,0,0,0.384456313,0,0
13434,1.171316581,0.364534827,1.008413481,0.374861795,0.52489108,0.577992977,0.983448941,0.962115792,1.920002952,0,0
13435,0,0,0,0,0,0,0,0.196014109,0,0,0
13440,3.107217696,4.608952682,4.686334486,4.840953048,5.404886274,8.785051956,8.685320529,7.727632155,7.650720506,3.634738313,4.357187661
13441,0.385663465,1.960164396,1.82513417,2.423144971,1.438254557,2.935708276,1.931441888,4.058153417,3.061702338,0.643525216,0.423052035
13442,0,0,0,0,0,0,0.189187349,0.193992076,0.384456313,0,0
13443,30.54837221,19.99184771,28.94175515,13.19856525,10.78932883,26.05443477,23.05927901,31.87521908,25.86273053,13.08815814,14.35509423
13445,2.866716692,4.278112387,2.842629351,2.5946971,4.00934559,1.772054925,3.324223647,1.547220216,2.493360383,4.044326166,5.644572206
13446,35.2241428,23.51877567,36.19141104,19.33022491,18.98745477,25.58164293,23.58652941,24.32668965,20.71868835,25.23341834,38.31935548
13448,0,0.35194632,0.408253974,0.364620697,0.180258207,0.593778168,0.57380974,0.576650805,0.19524964,0.209220459,0.221650513
13449,2.314940987,1.263500883,1.217550886,1.864899785,0.347464516,3.904395686,2.744472595,3.661270132,2.109155148,1.703925919,0.435901686
13450,0.385663465,1.258879295,0.600159507,3.338411401,2.565832201,0.587584708,1.165618479,0.969689557,1.154817439,1.061741876,0.880826762
13451,2.322754981,3.647309492,2.250678365,6.702743642,6.548332916,2.141477711,4.124713405,3.280859746,4.425609405,3.202443131,3.03347856
13452,0,0.552847065,0,0,0,0,0.387142329,0.38281518,0.763345147,0,0
13455,0.576492697,0.917267391,1.021132074,1.869559271,2.375896955,1.175806494,1.162634806,0.583370487,1.534494638,0.633144806,0.444996599
13456,0,0,0.204745588,0,0,0,0,0,0,0,0
13457,0,1.073911294,0,0.18083012,0.373149317,1.174787337,1.38087961,1.351677429,1.155935871,0,0
13458,2.090376638,3.821547681,2.033634905,3.714068277,4.037443039,2.939702348,2.757412191,2.701332825,2.486920919,1.703519553,1.950920724
13460,0,0.166666667,0,0,0,0,0,0,0,0,0
13461,0.188628649,0.348487582,0,0.18083012,0,0.77595228,0.404428953,0.772664914,1.155209307,0.641777676,1.313656129
13463,2.854919541,1.845408745,2.650500463,2.99243506,2.741128984,2.940175575,2.364022168,2.504979039,2.493089425,3.407445471,2.617529222
13464,14.39302573,15.39249164,19.14975895,20.26556635,19.38974003,16.27031662,17.13305343,15.25763891,17.04167946,9.627494342,4.12513131
13466,0,0.166666667,0,0.185548766,0.180258207,0,0,0,0,0,0
13468,0,0,0,0,0.537662748,0,0,0,0,0,0
13469,0.945090522,0.904678885,2.032397704,1.125417292,0.180258207,1.168593878,0.589575656,2.509519234,2.114651567,1.274243619,1.736741073
13470,0.576492697,0.531086993,0.203084457,1.119020108,0.180258207,0.790759592,1.165905334,2.712000944,2.473861974,0.211646862,0
13471,0.369229569,0,0,0,0.191623994,0.189768808,0,0.192981542,0,0,0
13473,0,0.195187917,0,0,0,1.184924998,1.377589554,0.775497947,1.155810332,0,0
13474,0.190197488,0.896088662,0.803667894,0.927165575,1.480425213,0.590600901,0.984486387,0.966185667,0.573411909,0.428821328,0
13475,5.192612667,5.039669561,4.27211729,4.835045868,3.827379299,6.655650476,5.345481811,5.98447496,4.41828787,2.778260812,1.964799957
13476,0.201691347,0,0,0,0,0,0,0,0,0.220910356,0
13477,0,0,0.411687084,0,0,0,0,0,0,0.851404501,0
13478,0.19766656,0.34592184,0.204745588,0.735219625,0.179977976,0.396887892,0,0.19251022,0.384330774,0,0
13479,5.770105935,8.27529895,7.74090089,9.857991437,9.640481892,8.787570654,8.462918595,8.677082378,9.55798995,4.446892783,6.097039667
13481,0.201691347,0,0,0,0,0,0,0,0,0,0
13482,3.03893329,3.776013488,3.667676815,3.528131617,4.211472706,4.104897954,3.546463535,4.053707886,3.251965643,3.20443148,4.14006344
13484,2.122307336,2.146108043,0.812851484,3.359141482,3.453230646,2.154681434,1.757427217,2.89145456,2.297443287,0,0.211526017
13488,19.93372092,22.08402623,20.36320226,19.17998688,18.70983778,21.54725639,20.67014959,19.89251396,23.9289127,21.77172162,20.92962966
13489,0,0,0,0,0,0,0,0.769161025,0.19524964,0,0
13490,0,0,0,0,0.360236183,0,0,0,0.189807699,0,0
13491,15.56036121,14.36047542,14.85537809,16.7454842,16.26929837,13.10941333,13.68599267,12.36341407,13.39807618,10.05401946,8.719358913
13492,8.572414775,10.44181937,10.9760173,10.58881406,13.28149603,8.416052526,10.39792438,10.41782771,11.87416532,7.470026128,6.525084715
13495,2.122919294,3.593414077,3.046628971,6.512983558,5.610707697,1.559361012,2.566742351,2.315657837,2.688915579,2.355405142,2.170770101
13496,0,0.169232409,0,0,0.173732258,0,0,0,0,0,0
13498,3.273565517,2.516822541,3.659931,2.046952664,1.269642367,2.146652014,1.182154512,3.663265392,1.527478659,1.491648434,0
13500,1.366782558,1.474424392,1.82626948,1.864492598,1.06510524,1.571675229,0.986719469,1.737640514,0.953670252,0,0
13501,0,0,0,0.185548766,0.19289111,0,0,0,0.568822071,0,0
13503,0.385663465,0,0.608105897,0,0,0.97882507,0,1.160021292,0,0,0
13504,0,0,0,0,0,0,0,0,0.189206673,0,0.211526017
13505,0,0,0,0.187227304,0,0,0,0.192981542,0,0,0
13506,4.028834929,4.524547326,4.258550839,4.097685925,4.191736214,3.342026824,2.96282919,5.014628952,2.284600822,3.006932606,3.268292977
13507,0.754893034,1.467434213,1.220783421,1.863617866,1.094642993,1.974454487,0.996237691,1.735818015,0.959838758,0.428597071,0
13508,0,0,0.206941496,0,0,0.789056262,0,0.965331585,0,0,0
13509,0.190197488,0,0,0,0,0,0,0,0,0,0
13513,0,0,0,0,0,0.200925625,0,0.192981542,0.378684306,0,0
13515,0,0,0,0,0,0.200925625,0,0,0,0,0
13516,2.456518515,3.085135507,2.441566842,2.607015199,3.111851111,1.556818047,1.585832874,2.699442437,2.31089873,2.120975396,0.863522343
13519,1.51198665,2.176032186,1.42167197,1.120242867,0.370317675,1.960827407,2.148316829,2.122791632,1.356230954,0,0
13520,7.301013886,14.30622783,5.489755053,14.31692453,16.2139516,8.568039046,9.423007446,11.39339094,11.62278935,6.185882301,6.76365387
13523,0,0,0,0,0,0,0,0,0,0.649507427,0.211140241
13524,0.605074042,0.169232409,1.02489043,0,0,0,0,0,0,1.282652232,0
13527,0,0,0,0,0,0,0,0.388524329,0,0,0
13529,1.718946487,2.874326498,2.04259835,1.674632372,1.637425809,1.35636565,3.727595627,2.119015955,3.446735166,4.691176842,4.371838448
13534,0.385663465,0.188312238,0,0,0,0,0,0,0,0,0
13535,0,0,0,0,0,0,0,0,0,1.505310128,0
13537,0.948556652,1.768320716,0.611338431,1.675130977,1.456146293,2.349574675,2.742990104,3.666979281,3.04899797,3.007563229,7.823947184
13541,16.30933217,16.29200406,16.03342603,20.08126613,16.67681283,16.19731746,16.51977876,20.68456533,21.42402025,8.567592422,7.3897422
13543,2.895834849,4.304067895,1.61841282,3.351194003,2.743680396,2.732289558,3.335549433,3.669001315,3.445912203,1.703519553,0
13545,10.37882233,11.40352845,14.23631653,14.52306913,15.32330245,12.91891468,13.34932166,12.73933244,13.98707479,16.67272945,15.66736221
13547,0.190197488,0,0,0,0,0,0,0,0,0,0
13551,1.150226154,1.458377148,1.835978892,2.045729905,1.084264092,2.151665242,2.158585641,1.73950513,1.534824705,1.282652232,0.868692439
13552,0.581761186,1.470965655,0.80576191,1.853875372,1.269642367,0.400832093,0.804530405,0.38281518,0.763219608,0.429906557,0
13553,3.448121286,0.185279653,1.220359492,0,0.351158822,3.114370138,1.175136701,3.280859746,1.724243229,2.564636063,2.828708076
13554,0,0,0,0,0,6.645944766,5.105491564,0.96665699,0,0.440511225,1.525143533
13556,0.549830488,2.344672047,0.411687084,4.464483765,3.637341804,0.783164896,1.552010217,1.742066374,1.728500306,1.294566387,2.60809285
13557,19.80869406,18.51353954,17.68212041,21.21931199,21.5169726,19.00870267,17.20124907,19.88978286,17.42934349,19.44360856,20.47531104
13559,0.201691347,0,0.812953376,0,0,0,0,0,0.189081134,0,0
13560,0,0.559722744,0,0.370598928,0.915651903,0.200925625,0.598807022,0.193992076,0.76301508,0,0
13562,0,0,0,0,0,19.9626567,13.22609771,2.515830384,1.148919892,1.080979415,2.832391291
13563,5.762216794,6.962452793,4.884896706,5.748434467,5.629866549,2.747481723,5.670356794,3.08386915,6.501842534,5.953694505,6.966270352
13564,21.119031,20.05358005,24.40239548,24.02378271,24.48275003,16.23322836,21.44729311,22.60801879,24.50793335,16.01441516,19.79422884
13565,0,0.169232409,0,0,0,0,0,0,0,0,0
13566,0,0,0,0,0,0,0,0.383669263,0,0,0
13569,0.384094626,0.179255173,0,0.183790577,0.544049933,0,0,0,0.189081134,0,0.221650513
13570,0.785021372,0.195187917,1.429818934,1.493474716,1.108823244,1.5711293,1.380860083,1.353159285,1.338397525,1.506619614,1.531623427
13571,0,0,0.204847479,0.18083012,0,0,0,0,0,0,0
13577,30.35339843,21.34978094,33.31463678,22.14123295,22.76427283,27.39381073,24.40931964,29.72248017,25.06669703,30.00197232,31.0366338
13578,12.538872,9.784935266,14.86090201,10.20987812,8.352701981,10.94296781,7.139232096,9.65678063,8.781176803,12.39128276,8.922642516
13579,0,0.354512062,0,0,0.545614458,0,0,0.193992076,0,2.356714629,3.697020444
13580,14.374808,15.93170536,13.80555927,15.64727543,16.71199247,8.233355316,12.60223482,8.6793762,11.10150359,8.945025307,10.66360505
13582,0.962809751,0.729421996,1.4256309,1.11439288,0.915932133,0.973861713,0.787243781,1.15916721,1.149249959,0.219600869,0.43317653
13583,0,0.179255173,0,0,0,0,0,0.196014109,0,0.629863522,0
13584,0.566896129,1.626758359,1.017698964,1.493018938,1.110107539,0.975858748,0.591808738,1.161843791,1.717741964,0.861378546,0.652382102
13586,7.335002309,7.876740436,7.727526057,7.818359281,9.503656664,5.705187302,6.545516185,6.174136805,5.749790325,4.715721792,4.980264474
13588,0.370798408,0.722079474,0,1.302027371,1.449900574,1.370749605,0.993717754,0.965802907,1.345017006,0,0
13589,0.574292114,0.728955153,0.810333538,1.303705909,0.915932133,1.365102074,0.97643113,1.15916721,1.148919892,0.861378546,0
13590,0.568464967,0.348487582,0.408253974,0.189313029,0.365356251,0.190314737,0,0.384297036,0,0,0
13594,12.11247345,17.91744202,10.1653961,17.48889602,15.56075969,13.1310099,14.3375041,12.96520963,14.9569194,6.826773409,9.384590667
13595,4.369055533,4.424421873,3.666105411,3.34484541,2.560870777,2.918499019,3.543479863,2.900468064,3.262869405,4.924081279,4.766684311
13596,0,0.869666311,0,0.370598928,0.191623994,0.390694432,0.387142329,0.193364302,0.567368942,0,0
13598,0.18060092,0.335899076,0,0,0.537662748,0,0,0,0.189477632,0,0
13599,0.956584381,1.467081871,1.63800084,1.101598511,0.354853129,1.169139807,2.149373802,1.15916721,1.527808726,0.211646862,0
13601,1.134350915,1.23455348,1.211497939,2.061832757,0.553127294,6.442296655,5.336250445,4.253382335,4.406657543,0,0
13602,0.754893034,0.52852125,0,0.559911957,0.545334228,1.177803529,2.339311742,1.354170786,1.912782446,2.130999707,3.709831481
13603,0.597024467,0.364534827,0.61010123,0.187227304,0.546881575,0,0.198705571,0,0,0,0
13605,1.907341616,1.447617686,1.828465388,1.119915331,1.115068962,0.790507369,0.598826549,0.766101683,1.143147885,0.853424538,0.432790753
13608,3.292003837,2.208593517,4.468594451,2.228238563,1.09591011,2.151665242,2.175872265,2.508666154,2.10875865,3.210139167,2.181318987
13609,0,0,0,0,0,0,0,0,0.196097113,0,0
13610,23.46831921,23.58505909,25.0445518,17.282175,18.93849302,26.03585696,26.78360411,25.27428572,25.84272913,21.54542228,16.3695808
13611,3.487846192,4.169920763,5.097066071,5.402346217,4.219446389,6.613516303,5.499325795,7.336739049,6.704312681,0.6424083,1.515701457
13614,15.15927072,11.42175708,14.44854424,10.402199,10.00551876,12.91311885,13.4356458,13.70257507,13.79372925,16.64971825,17.61128952
13616,3.854009914,3.72770536,3.054770187,3.158364596,3.104058046,0.984472601,1.771443312,0.772193592,1.148919892,3.197594389,1.741695472
13617,78.81581982,57.90212329,83.60369156,68.8250699,63.65956763,67.58178817,62.27704744,54.07014104,51.70437847,52.1636055,48.36329678
13618,2.096980446,7.955572659,1.834317761,4.099954486,4.405070472,3.137653058,2.782754072,4.05939026,5.167438452,1.293711506,2.815858425
13619,11.47956326,10.70108748,9.167066568,10.2328931,10.01903151,9.585956492,9.796923324,13.13905073,12.07643826,6.616195224,7.40221178
13621,0,0,0,0,0,0,0,0,0,0.219600869,0
13622,1.716490538,1.279121975,2.234625346,2.615894726,2.729482967,2.375970753,1.182460894,2.131533348,1.53409814,0.430130815,0
13623,25.69260003,23.00194422,27.21416495,25.14512413,20.42069631,24.07680579,22.23861857,23.38028267,23.71059954,12.84399577,11.11444846
13625,0.18060092,1.256199052,0,2.410806381,0.926030803,0.583640508,1.770692721,0.960093758,1.522186768,0.41821666,0.860835801
13628,12.10889481,10.98770591,9.153813198,9.861584507,8.405618932,9.975410764,11.0080702,9.851948727,8.793784772,10.25749852,13.30283153
13629,9.960596428,7.04296991,10.57578763,8.194141358,6.738706971,9.223419962,7.693693339,6.954846807,6.329888146,8.774242148,8.707614085
13630,31.1424009,29.31794024,31.76464804,28.65952517,28.52536953,28.36402756,35.51307486,29.16936376,27.9411127,23.97544696,25.04715778
13631,1.154250941,1.083934058,1.220783421,1.116478605,0.904286116,1.174787337,1.182154512,0.965802907,1.148919892,0.649507427,1.096107517
13633,7.10357753,6.178943723,8.53985172,7.25156626,6.793897805,6.644218605,9.091514136,7.5266077,10.71259493,9.642040958,9.56836894
13634,10.50247227,6.263962436,10.98048704,6.147607647,4.626636671,8.984174509,7.08590926,5.791566638,4.418989924,19.01118115,20.71056627
13636,1.549584061,1.991293185,1.418541326,1.870094701,0.546881575,1.778965447,1.950648704,1.541066519,1.351762026,0.638902759,0.65379746
13637,1.344448429,0.710342166,1.621947821,0.930929838,0.531136799,0.985018529,0.195435043,0.769161025,0,0,0
13639,4.80343183,3.624853412,5.272003421,3.531966807,2.745934399,3.525927097,3.545406562,3.474285836,3.458220074,4.901340226,3.258168482
13640,6.693329368,6.798082014,9.351484227,8.564654869,9.307495036,8.018885371,6.88903078,7.344277764,8.988546972,6.844428964,8.055292783
13641,0,0.367567412,0,0,0,0,0,1.355208094,1.143477951,1.484325049,0.211526017
13642,8.129172994,9.653166672,7.526826276,8.387665704,7.694467642,7.013641392,9.647174034,10.42192533,9.38636233,5.333805028,5.22937681
13643,0.952559594,0.515154249,0.818381819,0.185548766,0.173732258,0.400832093,0.394140614,0.196014109,0,0.852521417,0.211140241
13647,2.70006558,2.499768907,2.648075452,2.792484314,2.342820904,3.730714163,2.166660426,3.27798363,2.688915579,4.037987857,6.47252878
13648,0,0,0.203508386,0,0,0,0,0,0,0,0.211526017
13649,0.195465977,0,0.203508386,0.747139261,0,0,0,0,0,0.219600869,0
13654,0,0,0,0,0,0,0,0,0.189206673,0,0
13655,0.201691347,0,0,0.18083012,0,0,0,0,0,0,0
13656,1.537101865,1.965690019,1.01469874,1.670084795,2.366539363,1.990239678,2.915177685,1.15657919,1.899477052,0.841734641,2.357279235
13657,12.97640341,15.17577947,13.41181865,11.9115082,16.42929405,15.27800549,13.74495044,11.79367202,13.98314045,18.365992,13.27454623
13658,0.568464967,0.568779809,0.197656014,0.743374998,0.903018999,0.598741525,0,0.967824941,0.56776544,0,0
13660,0,0,0.402401602,0,0,0.195962267,0.195435043,0,0,0,0
13661,0,0.169232409,0,0,0,0,0,0,0,0,0.211526017
13666,0.387864048,0.34592184,0.60601188,0,0,0,0,0,0,0,0
13667,5.930998718,2.296841966,5.899171517,2.402762916,3.496948649,2.336634542,2.150836766,2.12211031,1.156536897,1.284368084,0.224375669
13669,0,0.179255173,0.204745588,0.562089099,0.179977976,0,0.5892888,0,0,0,0
13670,0,0,0,0,0,0,0,0.192981542,0.189081134,0.212277485,0
13671,1.513252198,1.054831464,1.634768305,0.749772182,1.093078467,1.950193689,1.175156227,2.124970117,1.541114119,1.071715921,0.43551591
13672,0,0,0,0.187227304,0,0,0,0,0,0.219600869,0
13673,1.539589269,2.51678185,1.830228411,2.60397509,2.214393148,1.762372046,3.33047134,1.349410382,2.67785168,0,0
13675,14.66318803,8.811602278,11.4043701,5.574308576,5.499269861,8.021768933,5.503653296,5.408391107,3.825047485,7.898396914,8.910435542
13676,1.143388825,0.904678885,1.219444328,0.743374998,0.922177852,0.586183472,0.79753212,1.545041731,0.77665054,0,0
13677,0.370798408,0.364534827,0.203084457,0,0.173732258,0.397815901,0,0.193364302,0.378287808,0,0.211140241
13678,2.322429845,5.990050141,2.034593612,2.599256444,2.91755412,2.160187946,1.773270403,1.929338768,2.486344404,2.566389693,3.898350443
13679,4.227874169,3.571384149,4.2755504,4.27614561,4.183077848,6.261393923,7.104252857,5.996008595,7.284740568,5.98272398,4.576608931
13680,0.19766656,0.179255173,0,0,0,0,0,0,0,0.211646862,0
13681,0.190197488,0.54981448,0,0,0,0.784092905,0,0.964163633,0,1.506619614,1.746188854
13683,5.963939597,4.332277494,7.517160408,3.723493803,4.182215183,6.468734011,5.911829532,5.025785927,3.647301208,6.181970395,6.976891888
13685,0.770389835,1.416374396,0.821280152,0.551848001,0.177426564,1.191591685,1.361053521,2.315657837,2.299233806,0.211646862,0
13686,0.385663465,0.907244627,0.614873433,1.116478605,0.900467587,0,0.576329678,0.388524329,0.763591595,0,0
13688,7.060501212,5.946239154,6.310759918,4.833923251,6.204014696,5.286490223,5.534611416,5.015440918,4.197316837,7.46265083,5.446925422
13689,2.692596508,2.50854397,2.64631243,2.974653669,2.172661367,2.547957335,2.921138523,1.738179724,2.486716392,0,0.221650513
13690,0,0,0,0,0,0,0.195435043,0,0.189807699,0,0
13692,0.774181102,0.335899076,0,0.185548766,0.173732258,0.190314737,0,0,0,0.861378546,0.211140241
13694,14.83159151,15.24479712,14.20448158,13.97375206,11.65373002,15.10900367,15.53829557,13.91090608,10.92207643,18.80479986,13.71534609
13696,0,0,0.197656014,0,0,0,0,0,0,0,0
13697,2.099973206,1.461721385,2.441142913,2.796692589,2.742676331,3.136137843,1.386820921,6.762021715,3.068326449,1.494299094,1.098408283
13700,10.76334664,12.17992949,12.59857461,15.46975836,15.51931998,17.23245553,17.71147102,14.29358721,13.97750654,13.45944287,11.34535567
13702,22.09091217,26.03832151,19.94942116,25.69595139,26.29671999,25.82193148,28.38316622,24.91786354,28.3377134,22.24357546,23.13693431
13703,1.749074825,2.861426339,0.801904871,3.35285205,2.545810684,0.769758821,0.778782532,0.19251022,0,0.211646862,0
13704,1.180609858,0.34592184,0,0,0,0,0,0,0,0,0
13705,0,0,0,0,0,0,0,0,0.189477632,0,0
13706,0,0.376624477,0.409593067,1.315625545,1.453594881,0.979370999,0.993717754,1.739321904,2.683865506,1.061741876,0.647041927
13707,0.195465977,1.071345551,0.811190354,0,0.179977976,0.200925625,0.378374698,0.196014109,0.19524964,0,0
13708,1.175341369,0.745354739,0.411687084,0.74842118,0.558247362,1.16417645,1.181097538,2.701464471,0.769513652,1.10062332,0.429460406
13709,0,0.166666667,0,0,0,0.197909432,0,0,0.189807699,0.212277485,0
13710,1.379845257,1.998635707,1.226109973,0.744201139,0.545614458,1.175967569,0.994024136,1.922775536,2.114777106,1.267681052,0.448751337
13711,4.819020248,6.622243781,3.6741569,5.774375798,7.148044212,6.661901091,6.732570061,5.213381431,5.746318919,5.088446202,7.153479515
13712,0,0,0,0,0.564773311,0,0.393103167,0.193992076,0,0.209220459,0.211140241
13714,0,0.863641831,0.40459751,0.375317574,0.3718822,0.593778168,0.771764721,1.158313127,2.866331789,0,0.446026181
13717,7.106665223,3.805427733,5.889270487,4.260809738,2.947920115,4.885267662,4.335228024,4.066336251,3.831090451,3.629472743,3.892399371
13718,0,0.166666667,0,0,0,0,0.188436758,0,0,0,0
13722,9.01340655,7.659465299,9.585936161,7.264326527,8.404914912,5.478450031,5.886062133,7.733035674,7.84818713,5.777645776,6.121043396
13724,0.18060092,0.354512062,0,0,0,0.190314737,0,0,0,0,0
13725,15.57869034,19.42781503,17.07779364,17.34294015,15.72736368,19.58412985,17.1938513,10.24727423,7.09647694,8.542951382,17.37512167
13726,0.391888835,0.559722744,0.204745588,0,0.366623368,0.773955245,0.205723382,0.576179482,0.568095507,0,0
13727,0,0,0,0,0,0.190314737,0,0,0,0,0
13728,0,0,0,0,0,0,0.410389791,0,0,0,0
13729,1.973425439,1.789115089,1.623185023,1.107539917,1.825477081,1.946795417,0.593616302,1.162854325,0.385574746,0.208996201,0
13731,0,0,0,0,0,0.190314737,0,0,0,0,0
13732,4.814670324,3.20851103,4.060192402,0.930126033,2.363987952,0.788510333,1.387877894,0.77284814,0.965610765,1.061741876,1.095721741
13734,0,0,0.203508386,0,0,0,0,0,0,0,0
13735,0.762362106,0.722079474,0,0,0,0,0.189187349,0.579483837,0.770361126,0,0
13736,12.87310296,13.33794663,13.39099342,8.390221933,12.06368411,5.860359477,9.659556794,5.802372505,8.227176992,16.00335589,15.92362614
13737,4.810645537,6.004382842,6.500265759,3.721337152,4.949417814,4.882935643,4.890517288,4.828298201,5.157552093,5.308191401,5.884098292
13738,13.00952783,11.81415378,9.544138625,13.188085,11.78247986,11.73476939,9.410296126,11.7865521,10.92757285,11.32497977,10.8788801
13740,10.37973758,9.796361087,11.40283939,13.77778524,11.63215852,11.53984911,10.01964278,9.455022358,10.33469899,11.30691988,13.96383104
13743,0,0,0,0,0,0.199906468,0,0,0,0,0
13745,0,0,0.206941496,0.18083012,0.179977976,0.400832093,0,0.193364302,0.189807699,0.212277485,0
13747,3.090057124,3.051752627,3.663587464,2.224913744,2.933033208,2.54701088,3.137130718,3.675720997,2.689186538,0.418440918,0.647394794
13748,1.894278917,3.446990091,2.023594499,1.681109208,2.562137894,2.159259938,1.566776903,1.932459897,1.729473319,2.996776453,2.396175352
13755,0,0,0,0,0,0,0,0,0.189477632,0,0
13756,7.278206386,5.602539555,7.316986448,6.874130704,5.846454146,8.01613146,6.305950619,6.18460539,6.509703293,5.352411943,6.989059121
13757,20.65022248,14.8328834,19.10377758,13.7718809,12.61554429,12.96296621,12.44079667,13.33131594,10.35575949,11.97358408,16.77570347
13758,8.845941415,7.562319595,9.15011319,8.726772748,9.12824096,7.034218806,9.645385997,7.150205401,5.574561131,7.410141407,11.54588008
13759,0.965622292,0.531086993,0.809096337,0.189768808,0.369050558,0,0,0,0,0.429906557,0
13760,15.76839894,16.61181817,14.23951447,15.42367513,15.33846959,16.04812212,13.64996826,16.04403225,15.52367343,15.37681346,14.21427537
13762,0.579958827,0,0,0,0,0,0,0,0,0,0
13764,0.390319996,0.166666667,0,0.189768808,0.191623994,0.789056262,0.993717754,0.579866597,0.19524964,0.430130815,0.211526017
13765,0,0,0,0.185548766,0,0,0,0,0,0,0
13766,3.814263162,6.617071606,5.497091953,6.882582553,7.977966165,6.0516435,7.476512016,6.95187506,7.456138323,2.348129998,3.02703728
13767,0.747497048,0.185279653,1.418541326,0,0,12.14081706,2.763640358,2.326065602,0,0.211646862,0
13769,0.973650021,1.624192616,0.402401602,1.495560441,0.910531835,0.781599811,0.6150562,0,0,0.64046819,1.086626828
13770,4.421234495,4.336317574,2.639222856,2.974525427,3.098674991,2.746462567,2.963886164,2.122764858,2.114075052,1.920245504,3.053766165
13771,39.33549751,24.17342093,37.40468106,22.50972677,20.75074232,35.10322965,32.08816621,30.32668489,27.76203549,35.41884411,26.55155415
13773,3.828894699,3.589914649,2.237523678,4.286879312,2.734603035,2.545398698,2.73566591,2.711844494,2.487376525,0.644155839,2.594890332
13774,1.911956516,3.406731532,3.252859087,4.286323392,5.463223337,4.885951836,4.721039544,5.029351605,5.358965608,2.132747247,3.250344753
13775,0.954760176,2.724796116,0.819720912,6.684957684,2.942110569,1.178185609,1.175906818,2.118832729,2.097089096,0.428597071,0.64969556
13778,4.617657353,5.502757604,4.064653181,4.099079753,4.351709918,3.506156428,4.34472672,4.055974933,3.636296417,5.145093816,3.287551
13779,16.14947138,12.30649295,20.54342262,11.34561617,9.690881787,17.79137625,14.14424356,17.01522527,15.48524766,12.61924197,12.84077523
13785,0,0,0,0,0.179977976,0,0,0,0,0,0
13786,0,0,0.203084457,0,0,0,0,0,0,0.209220459,0
13788,0,0.195187917,0,0.18083012,0,0,0.593616302,0.190304961,0.391346753,0,0
13789,0.766131527,1.641091059,1.231831926,1.118236793,1.646485991,1.948742582,1.971225383,2.314830529,2.109606124,1.483015563,0.874457005
13790,4.024360676,3.785102566,2.858784261,3.160043133,3.638889151,2.134860895,1.191672734,1.927856912,0.959713219,3.633252809,3.030753404
13793,0.377257298,0,0,0.18083012,0.173732258,0,0,0,0,0,0
13794,2.322196324,1.5864998,1.217550886,1.873431286,1.664377727,1.180434868,0.599863996,1.741239066,1.357349387,0.851628759,1.293626554
13796,0,0,0,0,0,0.189768808,0,0.193992076,0,0,0.211140241
13797,38.79385836,30.90166537,34.02271725,34.83010925,33.28936624,18.19475131,23.44332504,8.116479631,10.15107236,13.25071917,13.26128748
13798,0.767955732,0.531201493,1.021132074,0.751857907,0.930129562,1.174787337,0.188436758,1.34985493,0.189081134,0.640874556,0.66396057
13799,1.926304547,2.510258514,1.022601586,1.306327063,1.477593571,0.979370999,0.769244783,0.7732309,0.574138473,2.347499374,3.036132193
13802,2.095970265,1.615487893,2.234625346,2.797180625,3.087447969,0.986419766,0.761495908,0.193364302,0.189477632,3.817029261,3.911200094
13803,0,0,0,0.185548766,0,0,0,0,0,0,0
13804,0,0,0,0,0,0,0,0,0,0.209220459,0
13805,0.201691347,0,0,0,0,0,0,0.193992076,0,0,0
13806,0,0,0.598820414,0,0.179977976,0,0,0.192981542,0.189477632,0,0.211526017
13810,0,0,0,0,0,0,0,0,0,0.209220459,0.224375669
13811,0.572489755,1.262607888,0,0.738200573,1.247932103,1.161683356,1.576314652,1.734492609,2.871978258,1.076713057,0.864976315
13812,0.18060092,0,0,0,0,0.190314737,0,0.385874522,0.19524964,0,0
13813,9.63956896,15.63928574,7.316553562,15.62044488,17.20483296,12.55326076,15.95493956,15.05410236,17.61728169,24.76295939,22.19049903
13814,2.290622219,3.411011818,2.643079895,1.855257433,3.831073605,2.145421912,2.189907888,2.51352122,3.060049312,2.13517365,3.468890037
13816,0.188628649,1.451813122,1.019894872,0.560786689,1.641244337,0.76581462,1.3816302,0.193992076,1.722186381,1.063457728,0
13820,0.778184044,1.096522564,1.017698964,2.046952664,2.180174202,4.109567605,2.159623088,4.058893166,1.919551977,3.429740036,1.309934301
13821,0,0,0,0,0,0.195962267,0,0.192981542,0.384727272,0,0
13824,2.093514316,4.481608525,0.81452478,5.004968051,4.01701707,4.670733404,4.740713951,5.017933307,5.936126618,2.344169851,3.054080418
13826,0,0.166666667,0.203084457,0.366378886,0.19289111,0.190314737,0,0,0,0,0.65917625
13827,0.577758244,0.169232409,0.203084457,0,0,0,0,0.383669263,0,0,0
13828,0.195465977,0.896088662,0.204745588,0.183790577,0.180258207,0.594797325,0.404428953,0.38281518,0.384727272,0.639127016,0
13832,0.551399327,3.260744738,0.204847479,3.331139484,3.641720793,3.12747412,3.142321438,3.673316203,4.40042993,1.061741876,1.536722
13833,0,0,0,0,0,0,0,0,0.19524964,0,0
13834,2.511436931,2.670621062,1.223885536,0.936908069,1.082996976,1.182927962,2.139836053,3.090328476,4.411384873,0.641777676,2.821881019
13835,0,0,0,0,0.179977976,0,0,0,0,0,0
13838,0.583330025,0.335899076,0.604248857,0.556566648,0,0.979509243,0.377624107,0.577278578,1.718259371,0,0
13840,2.291436242,1.454918411,2.639120964,2.602772822,0.88882157,1.552377788,0.770727274,1.549556154,1.142359519,0.220910356,0
13841,1.935901115,2.295990768,1.427724917,3.35829485,3.112433545,2.557075838,1.182154512,2.123174392,2.114200591,1.503562588,1.303531634
13842,2.321798101,1.630642142,4.278884827,2.417246391,2.555750709,3.919302739,1.583312937,3.284991409,1.344891467,5.136767157,4.783994434
13843,0.18060092,0.744887897,0.818381819,0.751857907,1.076471027,1.369046275,0.993717754,0.776352029,1.338727591,1.076082433,0.876757771
13844,3.842117831,4.416053997,4.889575974,3.893208093,2.735007488,7.624012961,6.896415528,7.529537366,8.433660461,4.92683412,5.218795015
13845,1.16227867,2.199536452,1.214931048,4.279641497,2.920244296,2.352499719,1.371648243,2.519046177,2.303156187,0.432557217,0.888297624
13846,0,0.195187917,0,0,0,0,0.387142329,0,0.379014372,0,0
13847,0.771958674,0,1.016037833,0,0,0.197909432,0,0,0,4.273190529,4.364697138
13849,0,0,0,0,0,0,0,0,0,0,0.211140241
13851,0,0,0,0,0,0,0,0,0,0,0.211140241
13852,0,0.354512062,0,0.746335456,0.732118384,0.583640508,0.755248214,0.392028219,0.189081134,0,0
13853,0.382292267,0.179255173,0.402401602,0.929670254,0.360236183,0.197909432,0,0,0,0.844791667,0.431761171
13854,0,0.34592184,0,0,0,0,0,0,0,0,0
13858,0,0,0,0,0,0,0.198705571,0,0.189477632,0,0
13859,0,5.192814036,0,0,2.356194886,0,6.691788173,0,6.312694968,0,0
13860,7.641125298,9.848786455,8.533309089,10.21982275,10.6790371,5.883440044,9.028847306,6.769657268,7.082767948,3.632622186,3.28451159
13862,1.330827073,1.470114456,1.825032278,0.927165575,1.831584036,1.961896434,2.165603453,1.931832124,1.913383471,0.850773878,1.093382361
13863,2.131367092,1.617701293,1.830228411,0.746335456,0.37160197,2.159805867,1.191672734,1.544658971,1.155539373,0.64046819,0
13864,0.386295209,1.451813122,1.425732792,1.29604914,1.283839796,0.195962267,0.987006325,1.542453712,1.533376206,0.211646862,0.211140241
13865,0,0.169232409,0,0,0.366623368,0,0,0,0,0,0
13867,0,0,0,0,0,0,0,0,0,0.212277485,0
13868,0,0,0,0,0.191623994,0,0,0,0,0,0
13869,0,0,0,0,0,0.190314737,0,0,0,0,0.220620931
13871,0.566896129,0.731987738,0.197656014,1.120322518,1.281146918,0.77595228,0.992967163,1.546523587,0.960043285,0.219600869,1.323813534
13872,11.07187228,9.032860203,10.57022271,6.495972191,6.170643806,7.644834211,8.229814004,6.377315144,7.07006358,7.911878527,7.840541979
13875,8.035050013,6.867287975,6.730875669,7.988523583,7.123485127,8.820476855,4.712082014,4.64338852,0.196097113,2.367319297,0.224375669
13879,0,0,0.204847479,0,0,0,0,0,0,0,0
13880,12.04461334,9.896752023,12.22045412,11.36431968,9.282970307,10.79955243,9.247359439,11.77679274,9.742473319,10.468712,9.816721133
13881,0,0,0,0,0,0,0,0.193992076,0,0,0
13882,11.34861227,8.059049168,7.703213568,6.894131827,6.398034093,8.018168308,7.847868903,7.533005239,7.081723874,5.998589846,7.821194823
13883,3.458137923,3.597339657,3.245030952,2.426988884,1.64407598,2.740269107,1.779924088,1.34635104,2.291153872,2.769934153,3.287583909
13884,0,0,0,0,0,0,0,0,0,0,0.217934388
13887,0,0,0,0,0,0.199906468,0,0,0,0,0
13892,0,0.169232409,0,0,0,0,0,0,0,0.219600869,0
13893,0,0,0,0.183790577,0,0,0,0,0,0,0
13894,36.88029949,31.25759656,33.76249548,25.47605203,28.04639518,32.11395356,24.96828442,26.66114535,20.30257118,31.60136733,36.17187609
13895,1.730999004,1.081368315,2.4373756,1.302027371,0.899604923,2.14903113,0.970470292,1.734875369,1.345948098,0,0.438555319
13896,0.771958674,0.72638941,1.017698964,1.116478605,0.904286116,0.788510333,0.592559329,1.15916721,1.154361833,0,0.211526017
13898,7.682599262,10.84156265,12.01290567,7.250321166,8.780052544,14.53178909,15.23037479,14.29833131,14.36089367,10.07078642,9.37776361
13899,0.587986556,1.083934058,1.220783421,1.302354907,1.09591011,1.174787337,1.182154512,0.775497947,1.148919892,0.208996201,0.429460406
13900,2.123642654,3.359711796,3.051435761,3.71451229,4.555683948,2.34592418,3.766783232,2.506372333,3.067745305,3.220257542,5.44119947
13901,0,0.195187917,0,0,0,0,0,0,0,0,0
13902,1.375230357,0.166666667,0.615297362,0,0,0,0,0,0,0,0
13903,0.768587476,1.036218478,0.203084457,0.558245186,0.180258207,0.99066606,0,2.696163854,0.764463579,0,0
13905,1.35371986,2.557859594,1.637364171,2.959329564,4.693649913,2.736072683,1.749252824,1.358397111,1.526936741,0,0
13907,0,0,0.203084457,0,0,0,0,0,0,1.282652232,2.37734172
13908,0,0,0,0.373103606,0.191623994,0,0,0,0,0,0
13909,0,0,0,0,0,0,0,0.19251022,0,0,0.224375669
13910,0.201691347,0.166666667,0,0,0,0,0,0,0,0,0
13911,0,0,0,0,0,0,0,0,0.189206673,0,0
13914,0,0,0,0,0,0,0.205723382,0,0,0,0
13915,0,0,0.409593067,1.487077532,0.723041023,2.742216272,0,1.547691539,0,0,0
13917,16.64513528,13.95800757,16.27815674,14.53064036,10.56693169,1.565008542,1.371341861,0,0,0,0
13918,0,0.169232409,0,0,0,0,0.189187349,0,0,0,0
13920,0.201691347,0.905530083,0.40459751,0.937406674,1.276168316,1.176734502,0.598826549,0.966212442,1.148402485,1.279819464,1.547473874
13921,0.764489602,0.188312238,1.831889541,0.556566648,0.731838153,1.173768181,0.97643113,0.579683372,0.385178248,0.212277485,0
13922,3.072432827,0.702999645,3.462600232,0.747558215,0.533968441,1.53963162,0.188436758,1.545486279,0,0.220910356,0
13923,1.549605906,3.728412408,1.630809374,2.234239129,2.354769124,1.952686783,2.142355991,2.904764248,2.29711785,1.071908491,0.660205831
13924,0,0,0,0,0,0,0,0,0.379285331,0.630494145,0
13925,2.718343467,2.496891513,3.25462211,2.412200209,2.352919573,3.128493276,2.950156924,2.90022305,2.669508111,1.694031801,1.527482913
13926,0.190197488,0,0,0,0,0.199906468,0,0,0,0.632920548,0.220620931
13927,0.576492697,0.731987738,1.220783421,0.935648485,0.738505569,0.787109097,0.986719469,0.968862249,1.148919892,1.070374747,1.083257866
13930,1.52348051,1.08047532,1.016037833,0.74116103,0.359955953,1.370276377,0.789821462,1.540656984,2.108633111,0.220910356,0.211140241
13931,5.180455608,6.930514602,4.47487971,7.600942503,7.295226368,4.096707458,5.312735654,6.186270471,8.047881187,4.073133411,3.281528405
13933,6.363360981,7.200694012,5.900730756,2.590354581,3.309440593,5.861713617,6.480254798,7.725018365,7.063565008,3.230493622,6.737898343
13935,1.700615299,2.154501114,2.032499596,1.855633561,1.841243831,2.915890511,3.147882792,2.126095987,2.108303045,0.854055161,0.442271443
13937,0,0,0.203508386,0,0,0,0,0,0,0,0
13938,7.260130564,8.852327679,6.710483333,8.184378374,8.40859204,7.256610041,7.45355141,7.721514475,7.083201514,5.139872423,3.939966011
13939,3.665381265,3.5724325,4.0751637,4.636546266,4.388141014,4.110495614,5.123528778,3.290481316,3.643312396,2.568667702,2.632476651
13940,6.889783681,3.04402575,7.920680956,3.711515007,3.668270896,4.863156381,3.761418284,4.059662048,3.067870844,5.76155768,3.453458276
13941,0,0,0,0,0,0,0,0,0,0,0.211140241
13942,2.89403249,1.796841966,3.262135613,1.678567704,1.29759835,1.945092087,1.165924861,0.968390926,1.33078052,1.274922482,1.313689039
13943,0.973091364,1.794276224,1.424291807,3.537617501,4.013042533,1.576165359,1.754176215,0.965802907,1.730199884,3.205548397,1.284273612
13944,0,0,0,0,0,0,0,0.19251022,0,0,0
13945,0,0.185279653,0.407830045,0.555691915,0.711395006,0,0.198705571,0,0.189206673,0,0
13946,13.97355612,19.49903488,16.88361143,21.96531575,21.59132229,17.18770987,22.30926708,19.8707127,25.65252704,15.62124591,15.87422088
13947,4.008558524,1.45150147,3.661113062,0.374861795,0,1.95935347,1.172923146,0.386502295,0,3.016826723,1.963770375
13948,24.14948172,22.20254013,26.43816794,19.5250399,20.7250893,21.72313035,19.88647621,17.5688244,15.91454993,18.57113093,16.12513694
13949,0.201691347,2.523698219,0.206941496,0.565853362,1.45331465,0.197909432,1.943344037,0,0.959112193,0,0
13950,0,0,0,0,0.19289111,0.199906468,0,0,0,0,0
13952,0,0.166666667,0,0,0.537662748,0,0,0,0,0,0
13953,0,2.893364531,0,0.183790577,0.550295651,0,3.555694902,0,2.484829474,0,1.515404814
13956,63.46957588,72.27390075,60.6013543,64.93778729,59.93776594,61.26239788,58.46075089,71.47438123,65.13166737,47.29927335,42.77278183
13957,5.042720588,6.111513969,5.082785031,6.141372931,4.746428033,5.865411208,5.706218778,6.756040778,7.065614532,5.340235753,4.1483868
13960,4.224881408,1.794276224,4.071086515,1.306247412,1.46779231,2.742812072,1.37059127,1.738023274,1.148919892,2.769934153,2.37730881
13961,3.258860893,1.957059107,4.672768035,3.694592015,3.103899401,2.147964876,2.952847233,1.545486279,1.15049393,1.270962335,7.400538392
13962,0.762362106,1.083934058,1.220359492,0.932688027,0.735673926,0.590600901,0.592846185,0.773292688,0.574985947,1.070374747,1.085597246
13963,4.017778714,6.341996461,4.683383653,5.052314903,5.130117054,5.27571826,4.55716153,3.67985266,3.648365163,2.987257014,3.262276087
13964,0,0.169232409,0,0,0,0,0,0,0.189807699,0,0
13966,11.78534959,8.315642359,11.57701861,7.643110773,6.414641533,10.16712092,7.661214511,8.697678701,7.474669176,11.96846924,11.1026188
13967,2.286401273,0.357544647,4.065277686,0,0.173732258,1.962915591,0,2.709352105,0,4.917428323,8.262436684
13969,0,0.35194632,0.203084457,0.564630603,1.09591011,0.974880869,1.182154512,0.775497947,0.960289734,0.632920548,0.224375669
13970,0.393132537,0.559722744,0.203084457,0.556566648,0.729286741,0.190314737,1.586277082,0.578856064,0.770632084,0,0
13971,3.266728189,2.813710759,2.450428395,0.366378886,0.896773281,0.569852352,0.198705571,0,0.769634561,0.854055161,0.643287189
13975,0,0,0,0,0.19289111,0,0,0.190304961,0,0.440511225,0.224375669
13976,7.367634521,4.824820472,7.729399928,4.639555315,4.773258432,5.870538415,4.316884427,3.867036491,4.020112478,4.727994072,5.014520445
13977,0,0,0,0,0.180258207,0,0,0,0,0,0
13978,0.382292267,0.700433902,0,0,0,0,0,0,0,0.642184042,1.30183606
13979,12.11902395,10.04312301,10.58212803,10.21668249,10.04658304,12.69640803,12.00083059,13.32063268,14.53424326,9.416199906,10.22755089
13980,8.837462162,7.336855193,9.960467493,5.953319486,5.662221403,7.659347817,5.296905487,6.745407672,6.684634254,13.04694638,12.85291914
13981,7.085319429,5.752454293,5.881457368,5.209665544,4.550846747,5.863325799,5.687356562,5.795809273,4.406472896,5.140989339,5.888553059
13982,0,0,0,0.189313029,0,0,0,0,0,0,0.211140241
13985,4.618572603,3.634835486,5.087981163,4.634476875,3.654073466,4.295139989,4.984780202,4.639911405,3.636170878,4.270539869,4.567717006
13987,0,0,0,0,0,0,0.188436758,0,0,0,0
13988,0,0,0,0,0.177426564,0,0.188436758,0,0.189081134,0,0
13989,0.190197488,0,0,0,0,0,0,0,0.189477632,0,0
13990,13.0456447,13.89471395,14.46640646,12.27619798,11.34815383,11.95709929,11.59247467,12.17517323,12.60236564,11.95460248,12.62315396
13992,0,0,0,0,0,0,0,0,0,0,0.211140241
13993,1.135616462,2.494710126,1.224538569,1.116478605,1.089664391,2.145039832,1.973419412,0,0,12.83160141,15.44328889
13994,0,0,0,0,0,0,0,0,0,0,0.211140241
13995,3.081347666,3.832671633,2.840111404,7.980915406,7.491531554,2.730131447,3.302013632,4.054518884,3.80793599,1.715840073,0.429074629
13996,0.967822875,2.44672469,1.434390562,5.003209862,4.885536893,1.583760055,0.772534838,1.356663175,1.721939933,2.127488076,2.386403724
13997,0.195465977,0,0.407931937,0,0,0,0.188436758,0,0,0.211646862,0
13999,2.127974049,0.166666667,1.626618133,0,0,0.195962267,0,0,0,0,0
14001,20.70052662,22.50440448,19.95852077,21.94623154,20.94922777,20.94234423,21.5846588,14.88151857,15.52262142,28.38806359,30.07399222
14002,3.471790734,8.818944799,3.061333941,8.938622639,9.885763915,13.30614253,12.63982429,12.36644664,12.44701267,12.82318303,16.51320119
14004,0,0.166666667,0,0.376996112,0,0,0,0,0,0,0
14005,0,0,0,0,0,0,0,0.19251022,0.573537448,0.839714604,0.660205831
14009,9.009098257,6.401322703,11.78467469,9.137452612,9.14683192,8.226256679,6.483081118,5.79851263,4.974422983,7.26151622,8.494983245
14010,4.820519316,2.705134779,4.680049227,2.246115939,1.46779231,3.524411883,3.11878712,2.892082333,2.480823475,2.155041812,2.393230781
14011,1.726740696,1.234201138,1.017698964,0,0.542782816,0,0,0,0,0,0
14012,0.201691347,0.166666667,0,0.187227304,0.173732258,0,0,0,0,0,0
14013,0.19766656,0,0,0,0,0,0,0,0,1.510207109,0.865323478
14014,5.166814467,0,7.113551425,0,0,0,0,0,0,0,0
14015,0.948790172,1.649721972,0.814292469,1.858921554,2.710604345,1.762756899,1.569296841,2.120298276,2.498982341,1.917768835,1.521041632
14020,0.188628649,0.179255173,0.402401602,0.18083012,0,0,0,0.192981542,0.189807699,0,0
14022,28.96493957,36.05528631,32.59617761,34.25252169,32.19625544,21.69151418,34.50746878,14.31326157,21.28618553,39.8994135,40.76494066
14023,1.143410671,7.040294123,0.204847479,6.145784532,9.058694052,1.94012873,6.234036383,3.082414068,6.301104403,4.467471496,2.807687533
14024,1.726415559,0.559722744,1.830126519,1.856416876,2.222625089,2.746756272,1.973706268,1.92981009,1.729143253,4.489493563,1.764064427
14027,1.947912001,3.263777323,5.285378254,5.951732366,3.835754798,5.891507967,5.125735826,5.994143979,4.979217348,0.64046819,0.85442743
14031,0.18060092,0.542824301,0.203084457,0.364620697,1.420238599,0.388224169,0.383871801,0.19251022,0.568366466,0,0.442310057
14032,0.98671272,1.514184094,0.203508386,1.128398241,0.705149287,0.985018529,0.788300754,0.773292688,0.770031059,0.209220459,0
14033,0.581761186,0.335899076,0.80576191,0.189768808,0.191623994,0.77595228,0,0.576179482,0,0.209220459,0
14035,0.791246742,2.312889211,0,2.598473129,2.933739864,1.174737467,1.378646528,0.38281518,2.877511141,0.209220459,0
14036,0,0,0,0.189313029,0.19289111,0,0,0,0,0,0
14037,11.46132274,7.99233179,12.78923398,8.73599038,8.236850734,10.32104598,9.445066617,7.13975552,7.833817782,9.806690486,12.42635968
14038,4.79720646,2.703265045,4.448202115,2.420554875,2.355346763,5.657607951,4.167310202,5.416907517,3.637018352,3.84205644,3.048090732
14039,0.773224221,0.335899076,0.203084457,0.366378886,0,0.976828034,1.18542504,0.576179482,0.764589118,0,0
14041,0,0,0,0,0,0.389675276,0,0.193364302,0,0,0
14042,0.559427057,0.540258558,0.204847479,0.550169463,0.711395006,0.587584708,0.598807022,0.386973618,0.580824386,0,0
14043,0.188628649,0.188312238,0.406592844,0.739075305,0.738505569,0.199906468,0.590345774,0.774870173,0.384727272,0.220910356,0.442310057
14044,0.594823884,0.728955153,0.609343098,0.556566648,0.180258207,0.199906468,0,0.190304961,0.568366466,0.420867321,0
14045,0.950757234,1.451386969,1.017698964,0.934773752,0.929849332,1.758427845,1.197633572,1.162199777,1.918554454,0.41821666,0.211526017
14046,1.333841679,2.182752509,1.418439435,1.290048574,0,1.175806494,0,0.776352029,0,0.421497944,0
14048,1.534879437,0.185279653,1.227974887,1.116478605,0.717640724,0.395868736,0.195435043,0,0.189206673,1.073431773,0.224375669
14050,0,0,0,0,0,0,0,0,0,0.212277485,0
14051,0.18060092,0,0,0.183790577,0.173732258,0.189768808,0,0.383286503,0,0,0
14052,0,0.34592184,0,0.556147694,1.281008154,0.398835057,1.381146939,0.770260121,1.52603016,0.211646862,0
14053,0.581761186,0.540258558,0.406168914,0.18083012,0,0,0,0,0,0,0
14054,0.201691347,0,0,0,0,0,0,0,0,0,0
14055,0.382292267,0.901646299,0.197656014,1.10410319,1.062553828,0.796650958,2.199445637,2.317889871,4.178089386,2.554699796,0.429460406
14056,0.397157325,0.169232409,0.203508386,0,0.560674552,0,0.198705571,0,0,0.211646862,0.435901686
14057,3.066154156,3.612878262,2.844723367,4.263770196,4.359361517,3.723478716,4.147210276,3.667989815,4.399907893,3.203121994,3.710603034
14058,4.993702405,3.731092651,4.883235576,3.525071018,3.995431028,4.461055683,2.910563327,2.703328084,2.493089425,3.418274397,3.697014739
14059,0.18060092,0.550166822,0.60601188,0.18083012,0.369050558,0.77200808,0.762246499,1.15566332,0.391346753,0.41821666,0
14060,0.19766656,0.722079474,0,0,0,0.794703793,1.409317792,0.579866597,0.567890979,0,0
14061,7.917811991,8.657606605,6.305921392,10.06603152,10.25947369,8.370129613,7.669833112,9.46411396,7.662059994,11.76411204,11.3001367
14062,0.382292267,0.671798151,0,0.18083012,0,0,0,0,0,0,0.211140241
14063,2.28420069,4.083734978,1.224872771,3.709708227,3.798441158,2.340960822,3.329588595,2.903029308,2.102319186,0.220910356,0.211140241
14064,2.865728356,3.456161656,3.258386214,3.907996769,3.843004582,3.708433419,4.327459622,2.125823232,2.675405658,3.628355827,5.440131274
14065,3.592134977,3.623565021,4.674951778,5.213472633,4.208360833,3.676195845,4.753615329,4.43844947,4.979233931,2.127443899,1.73900893
14067,0,0.873664596,0,4.107314777,6.03621614,2.164819095,3.717594143,2.902716407,4.193539876,0.208996201,0.422666258
14068,4.029393586,1.810323468,4.477722902,2.971157782,3.659332299,3.914037288,4.878041428,5.030902316,4.791651144,6.8130011,6.311896032
14069,0.18060092,0.354512062,0,0.564630603,0.72430814,1.175806494,1.182154512,0.19251022,0.196097113,0,0.221650513
14070,34.4500683,30.68894979,29.08313102,31.78462889,35.78251927,24.6024285,29.06543588,25.09101528,18.15943813,28.15852239,21.7638296
14072,0.562893187,0.35194632,0.206941496,0.556646299,0,0,0.393853758,0.773292688,0.392194227,0,0
14076,1.726740696,1.419947634,1.427724917,1.119915331,1.249337984,0.78154994,0.777725559,1.157302594,1.535221203,0.642184042,1.303531634
14077,2.86982623,5.009393077,4.682901376,8.191915623,6.980699139,8.198322554,5.684972635,11.00400542,9.397919126,4.256231,1.514633261
14078,5.539435019,4.923129027,5.511796922,3.722120466,4.184503609,4.117001226,4.323764413,4.644583246,4.791505724,4.479792016,3.706919819
14079,3.068051447,3.174402492,1.834639799,2.234715398,3.075960596,2.330391212,0.790514309,3.870164688,0.95269724,0.209220459,0
14080,19.93643429,15.63570568,21.53424176,17.52030249,15.64786221,19.96920818,17.71489974,17.57647963,15.88935326,18.98565113,17.61574999
14081,1.726740696,0.335899076,2.238906314,0.739075305,0.366623368,2.348344572,0.598807022,1.542836472,0.378558767,4.483265869,1.522528514
14082,0,0.893056077,0.61353434,1.125417292,0.366623368,0.778918602,0.79753212,0.96665699,0.574264012,0,0
14085,1.350673799,1.825477717,0.613110411,2.604430869,2.907050998,0.986965694,2.347041926,1.930350268,2.663920751,3.640125651,3.929814311
14086,1.355942288,1.636666622,0.407830045,1.684873471,0.531417029,1.544733222,1.558721646,1.9263062,2.86586886,0.417992403,0
14087,14.05012362,10.05882675,15.8828194,5.039144407,9.151550172,9.395942414,8.415972952,9.668713334,10.7479862,18.13389053,24.69285359
14088,3.870823505,3.942752858,2.842307313,5.199965876,3.635194844,4.297389248,4.733541439,4.826502476,4.791259276,2.142689604,2.838871185
14090,1.140629586,0.169232409,1.625380931,0.558245186,0.359955953,0.588603865,0.195435043,1.351049656,0.379615398,0,0
14092,0,0,0.808994445,0.556894184,0.191623994,0.779896481,0.189187349,0.576807256,0.573933946,0,0
14093,111.6238611,98.3185563,110.2506148,91.642295,88.65894215,102.9601527,100.0798298,93.10754027,87.1179895,103.4503995,101.2151542
14094,1.355942288,0,1.028323539,0.547209006,0.179977976,0.200925625,0,0.774870173,0.379014372,0,0.217934388
14095,13.0445429,13.18686037,11.39372155,11.53998714,10.7798642,10.93521622,12.20791733,10.24447307,10.52402658,10.88100718,10.2340637
14096,3.659807425,1.061437287,4.674620784,0.379081837,0.177426564,0.783546976,0.576329678,0.196014109,0,3.210139167,3.254671773
14098,0,0,0,0,0,0.195962267,0,0,0,0,0
14100,2.300777444,2.521528979,1.625604285,2.424811742,3.296264473,1.549223351,1.792000465,0.770616106,1.540266646,0.849464391,0.431761171
14101,0,0,0,0,0,0,0,0.190304961,0,0,0
14102,2.103041113,3.398496016,3.450837139,5.76490168,5.85713525,2.554605575,0.984486387,1.738406034,0.574138473,0,0
14103,13.61726618,11.65709351,12.80862143,12.28943636,10.99004737,11.36077957,9.793287833,13.15619688,12.65771362,8.08548469,9.105011135
14104,17.89644055,9.388420452,19.74147157,7.424300167,7.701717425,13.15093325,9.463777151,12.5588622,9.563746706,13.89307923,11.74891637
14105,0,0.552732565,0.609343098,1.116478605,0.726859552,0.590600901,0.39416014,0.773292688,0.582001926,1.063051363,1.085211469
14106,2.297008022,1.978393026,2.851168866,2.412855281,2.359306758,0.985018529,0.589595183,1.739573985,0.385057339,0.854055161,1.32009741
14107,36.50272061,38.57003218,34.03256889,43.22677379,41.60392373,35.79135973,36.09654048,36.52759866,41.12162217,40.60389514,45.47979465
14108,18.08574463,18.89108808,18.73174296,20.29757917,20.27968725,27.80130088,24.30213582,25.50303903,21.42887373,38.03779652,35.27575846
14110,13.25026533,18.9927814,10.36913359,14.704638,19.87782153,9.373988029,21.99637941,15.65330263,23.17449496,11.09186154,14.15100047
14111,0.775424804,0.741044803,0.812851484,0.732757772,0.372869087,0.97882507,0,0.583370487,0.384456313,0,0
14112,0.757093616,0.188312238,1.618514711,0,0,0.385731075,0,0.57882929,0,0,0
14113,1.356175809,1.618168136,1.436577514,2.976332207,2.941691574,1.956387148,2.371346362,2.118633195,2.499504378,1.282427975,0.429460406
14114,0,0,0,0,0.177426564,0,0,0,0.189807699,0,0
14117,2.099341463,1.6302898,2.034973998,3.351173512,3.257205689,1.37269677,1.786922372,1.162854325,1.925841391,0.420643063,1.743149444
14121,24.57102831,21.25484863,21.97702388,19.53703918,20.34507741,23.85876644,18.86803501,23.17500494,18.0208772,17.74418943,16.13114305
14122,0,0,0,0,0,0,0,0,0,3.226950303,2.375501971
14126,26.15045594,23.80329992,23.40110906,19.11786192,19.74130323,19.59514565,19.83263559,18.14223604,18.19198412,20.88198472,15.45749886
14127,0.966254036,0.552847065,1.208163512,1.116022826,0.922177852,0.59679436,0,0.193992076,0,0,0.220620931
14128,7.087828679,7.220552336,5.897600113,7.245205901,7.126177939,6.062140409,8.239483907,6.558249648,6.900326176,3.214811891,3.707916492
14131,3.620366024,3.456161656,3.449977115,0.9292513,0.726579321,3.521257446,3.71761367,3.480717421,2.67648217,0.208996201,0
14132,3.449058381,5.80736588,5.280237262,6.855461289,4.705558916,5.87470362,6.699823904,6.371789221,6.326455968,2.576587995,5.423565499
14133,0.385663465,0.348487582,0.203084457,0.739482493,0.351158822,0.778918602,0.79753212,0.766484443,1.155539373,0.211646862,0.662930988
14135,0,0,0,0,0,0,0,0,0,0,0.221650513
14136,0.18060092,0,0,0,0,0,0,0,0,0,0
14138,0.952559594,1.598735964,0.609343098,1.300269182,0.741919645,0.199906468,0.78205306,0.9631531,1.141903913,0.641098813,0.211140241
14139,0,0,0,0,0,0,0,0.193992076,0,0,0
14140,0.382292267,0.166666667,0.203084457,0.368057424,0,0,0.189187349,0.581505871,0.189477632,0,0
14142,0,0,0,0,0,0,0,0,0,0.212277485,0.221650513
14146,0,0,0,0,0,0,0,0,0,0.209220459,0
14147,2.165498373,1.265370618,3.261287754,1.4913404,0.711395006,1.348770954,0.994774727,0.771366284,1.337279092,0.208996201,1.293754301
14148,1.526851708,1.05797855,0.605486059,0.371097532,0.191623994,0.195962267,0.394140614,0.771994057,1.155810332,0.869332554,0
14150,0,0,0,0,0,0,0,0.192981542,0,0,0
14153,13.26395977,17.7659296,13.63647429,15.78422648,14.39216403,14.27812118,17.10322585,16.60807,17.58885274,13.49046437,14.18185914
14155,0.201691347,0,0,0,0,0,0,0.190304961,0,0,0
14156,0.188628649,0.185279653,0.203508386,0,0,0.385731075,0.383871801,0,0.189477632,0,0
14158,3.630616181,3.072661501,3.874711246,3.724753388,2.545530453,3.71972848,2.171851146,3.284991409,2.115319024,3.427768239,4.588004611
14159,0,0.195187917,0,0,0,0,0,0,0,0,0
14160,3.286553069,4.326253014,4.057705834,6.880448237,7.857874692,3.723088248,2.936291673,4.64727517,6.116844303,1.720512797,1.523486572
14161,4.810013793,3.539789623,3.662554046,2.98137839,4.548434099,3.121582754,3.500738729,3.085290185,2.485868918,3.207488506,2.169498917
14162,35.10160524,33.97062885,35.97985759,34.25903547,35.70117298,31.12060773,37.61022282,22.98651101,23.56620175,33.17610629,27.93252369
14165,0,0.188312238,0,0,0,0,0,0,0,0,0
14167,2.496571874,2.503881692,2.442482006,3.902109956,1.628594256,2.359166406,1.969417819,3.082597294,1.912661537,2.347675392,1.290329116
14168,0,0.703466487,0.197656014,1.500199437,0.357684771,0.983071364,0.979701658,0.778374063,0.76419262,0.417992403,0.211140241
14169,0,0.166666667,0,0,0.179977976,0,0,0,0,0,0
14170,0,0.166666667,0,0,0,0,0,0,0,0,0
14174,34.94990543,37.54969176,32.58079232,34.62752546,38.98647139,22.87832059,23.94103087,16.0561017,15.52134286,22.42568797,20.22903512
14175,3.276883414,4.451073225,2.840956055,4.092007006,4.21400694,4.092126181,4.148866996,3.48056097,2.875575202,4.069952281,5.230059229
14176,0,0.525177013,0.400740471,0.376540333,0.191623994,0.388224169,0,0.196014109,0,0.432557217,0.224375669
14177,1.535299506,0,0,0,0,0.385731075,0,1.34558552,0,0,0
14178,10.02449945,6.477563989,7.93571692,7.82559133,8.079302127,7.614250096,7.854422979,8.300745228,9.354551421,8.333020372,8.073531947
14179,3.67505092,2.705478445,3.669207526,2.429111435,1.627046908,3.710025544,2.770645149,3.662349521,2.683269111,2.542603534,4.367697933
14180,0.958784964,0.166666667,0.816507949,0,0,0,0,0.19251022,0.196097113,0,0
14182,3.25893398,7.225569321,4.059759516,9.690590266,10.33129228,6.593041404,7.097750854,10.24215781,13.37668561,3.202187186,1.073777176
14184,0.559427057,1.224178374,0.400740471,1.481099302,0.915651903,1.174787337,2.381308792,1.550341346,2.67652409,1.093299935,1.316728448
14185,1.897018371,0.930322741,1.627376265,1.11008142,0.365356251,0.984472601,0.977488103,1.54198239,1.527934265,0.854461527,0.874071229
14186,1.522921853,1.471080155,1.826167588,2.794162852,3.105463926,0.794703793,0.58409808,0.386345844,0.769509022,0.211646862,0
14187,0.590799097,0,0.204745588,0,0,0.190314737,0.205723382,0.574601997,0,0,0
14188,2.675907246,2.321167781,2.84440133,2.615438948,2.190553102,3.908641981,3.146362084,4.250166543,3.061125824,3.625074544,4.342108767
14189,0.399357907,0.166666667,0,0,0,0,0,0,0.189807699,0,0
14193,0,0.188312238,0,0,0,0.199906468,0.198705571,0,0,0.421273686,0
14195,0.574292114,0.559608243,0.197656014,1.114800067,0.903018999,1.581128716,0.999965447,0.583370487,0.580553427,0,0
14196,10.17762414,10.43847514,10.58153812,10.79701333,12.13933848,11.97821127,12.55294612,10.42282052,9.954908813,13.67239313,10.02381457
14197,6.734676414,7.905250646,4.863758404,7.815013971,9.078416002,1.960877278,4.695852363,1.159638532,2.486344404,4.681919438,4.098347329
14198,5.397968893,4.843900301,5.506999089,5.216105554,4.384907555,3.110921996,3.31499228,2.120838454,2.303010767,2.36340739,1.518387999
14199,3.037035999,3.789682194,3.038726125,2.606060815,2.171235605,3.332646039,3.542422889,2.704653489,2.487250986,3.43127378,1.729914017
14200,10.37501555,4.652637964,12.24807251,5.575727463,5.307382815,7.048651322,6.429745262,4.826973799,4.594440228,7.062768587,7.835629911
14201,1.909143975,1.757945609,1.415006325,0.559456178,1.263255182,1.954725096,2.526978382,2.515857159,2.10875865,0.641777676,1.086626828
14202,0,1.407244627,0,0.737396768,0.351158822,0.777899445,0.977488103,0.773858673,1.148589826,0.212277485,0.653450298
14206,0.570920916,0.179255173,1.015935942,0.375317574,0.177426564,0.197909432,0,0,0,0,0
14207,0,0.367567412,0,0.373103606,0,0,0,0,0.378888833,0,0
14208,5.738415052,4.271735565,2.848057794,2.797915348,3.827081824,6.860470431,5.91671387,7.917779698,6.311187362,2.549348209,3.281142629
14209,7.079167146,5.723663187,5.492378099,6.478584376,8.424510003,7.44053458,8.894171921,9.279674599,8.23448381,5.785417676,6.532484054
14211,0.581761186,0.541109757,0.410025953,0.932688027,0.742199875,0.974880869,0.977488103,0.96665699,1.148919892,1.070374747,1.086626828
14212,0,1.061976834,0,1.121524787,0,0,0,0,0.764463579,0,0
14213,6.715206067,5.726695772,5.492802028,6.670450676,8.22607983,8.027737209,9.059054835,9.474520757,8.613168116,6.63551269,7.407584864
14214,0,0,0.204745588,0,0,0.200925625,0,0,0,0,0.211140241
14215,2.68575918,3.41244436,3.04977463,4.092355033,3.672245433,3.905464713,4.129811025,3.477972951,4.027313104,3.202897737,3.496390475
14217,0,0.166666667,0,0,0,0,0,0,0,0,0
14218,0,2.324512018,0,1.667987303,5.107668347,0.975808878,0.803492958,0.771810832,0.189206673,1.06502316,0.211526017
14219,1.357112904,1.83799352,0.816185911,2.41044202,1.8317228,0,0,0,0.782693507,6.438705168,5.924409767
14220,0.967822875,0,1.005413258,0.371097532,0.173732258,0,0,0.582359954,0,0,0
14222,3.065500566,2.670433858,4.673615893,5.041581201,4.010612707,3.915438524,4.13202458,4.632755414,4.39372683,1.289975617,2.841701902
14225,0.952559594,0.38046757,0.204745588,0,0.711395006,0.199906468,0,0,0,0,0.211526017
14227,0.973650021,1.250600724,1.023127407,1.116478605,1.273336674,1.174787337,1.18542504,0.772193592,0.770031059,1.282652232,1.307247758
14230,6.163775284,2.884660914,3.863238812,2.225697059,2.337160255,1.771581698,1.754156688,1.160021292,1.148919892,2.358958923,2.620903888
14231,0,0,0.197656014,0.189313029,0,0,0,0.193364302,0,0,0
14232,9.041682544,7.085439505,8.936168638,8.542594276,11.30941443,9.971794467,9.218054181,11.20779506,9.18400577,7.71851417,8.951133921
14235,2.895834849,1.281687717,4.270134122,0.935976021,1.66040319,1.570656073,1.59148733,0.773292688,1.161707879,1.494074836,1.092391393
14236,0,0,0,0,0,1.785663558,1.559759092,5.799749472,4.009684202,0.211646862,0.224375669
14237,19.46216539,1.118946631,15.02248244,3.332740215,1.810719191,8.18750072,0,1.164876358,0,3.434106548,0
14240,0,0,0,0,0,0,0,0,0.189477632,0,0
14241,4.041754769,4.362003391,3.667023783,3.544330455,4.519335221,4.900074974,5.282776764,4.830974782,6.715443011,3.440619228,4.124174379
14242,1.715246836,3.999722655,2.640828846,6.123988159,4.737084984,4.504417184,5.540453119,5.610830738,6.306676513,2.354742832,3.056772664
14244,5.59321096,6.665182582,5.701404655,10.04100446,10.73116759,4.703727853,5.321177376,3.289218702,3.647116561,1.935440942,0
14245,14.52594378,27.38069877,11.80748308,28.26957038,30.45724736,23.10414714,26.03150994,16.22162122,19.33601654,40.89135198,39.18111304
14246,2.709987285,1.793425025,2.240152472,1.852196834,2.371798196,2.544852769,2.372770272,2.315929625,2.10186821,2.990844509,1.951564529
14247,0.763930945,0.879574575,0.816185911,0.547209006,0.173732258,0.199906468,0,0.773292688,0,0,0.211526017
14249,0.18060092,0,0,0,0,0,0,0,0,0.208996201,0
14250,0.397157325,1.065435572,0.82004295,0.560786689,0.357684771,0.585637543,1.393068614,0.583370487,0.770361126,0,0
14252,36.53492109,29.88521244,36.81137872,26.78187657,28.0485395,26.2270614,20.31717535,21.26409832,15.52147385,25.61952088,34.05370426
14253,0,0,0,0,0,0,0,0,0.189807699,0,0
14256,34.06505511,42.47433456,32.95120169,44.64787373,46.9929921,44.05359021,43.43450418,45.21629403,43.88034548,40.61061928,32.45077238
14257,15.95067789,16.61309788,14.04167865,13.03601209,19.10798721,19.15187421,18.29476341,21.43896865,20.31683007,21.16847366,19.31687596
14258,23.19986437,19.6550601,23.9881321,19.89772759,22.63139778,23.83523109,19.05570165,15.84301369,15.12559637,19.02291523,16.10936286
14259,24.95124638,25.69550177,25.01751438,26.04671154,25.48015582,27.62886668,26.81169139,24.93114039,25.8245066,25.72882324,26.53873396
14260,1.154250941,1.457525949,1.017698964,1.861076362,2.00800647,2.345630474,2.538017313,2.130207943,3.440987669,1.924205651,2.387433306
14261,2.291180876,2.135036929,2.64631243,2.045402369,1.448353227,3.523212999,3.148301803,2.124054246,3.062303364,2.573258472,2.61410974
14262,0.587354812,0,0,0.189768808,0,0.380629474,0,0,0,0,0
14263,20.52824357,21.67898066,22.17180698,26.55382631,24.57687384,26.00818526,22.6472941,24.3405942,22.03116243,24.13113718,24.39085916
14264,0.18060092,0.729421996,0,0.189768808,0.37160197,0.197909432,0.377624107,0.387356378,0,0.861378546,0.653411684
14265,0.585785974,0.361854584,1.220783421,1.116478605,0.904286116,1.174787337,1.182154512,1.15916721,0.959112193,1.282652232,1.307247758
14267,1.725171857,1.257164751,2.029879758,1.113518147,0.722760792,2.742812072,2.377287673,2.701421387,2.865479686,3.431131477,3.060868861
14268,4.02499242,3.794626474,3.66776975,3.349891592,4.764599999,4.701096514,3.547520509,3.088689202,3.251059061,5.540903269,4.580147972
14269,1.357744648,3.406846033,1.628715358,4.640019818,4.360382826,1.958334313,2.967613919,1.349000847,1.926171458,0,0.211140241
14271,0,0,0,0,0,0,0,0,0,0,0.224375669
14272,0,0,0,0,0,0.199906468,0.188436758,0,0,0,0
14273,0,0,0,0.183790577,0,0,0,0,0,0,0
14274,0,0,0,0.187227304,0,0.389675276,0,0.386728604,0.378558767,0,0
14275,8.840571699,8.962406541,7.104947502,5.955132268,6.240909276,6.264753691,5.924901282,7.536754142,5.744478553,6.227644753,7.177572377
14277,0.201691347,0.166666667,0,0.370598928,0.191623994,0,0,0,0.189206673,0,0
14278,3.473614939,2.704667936,3.045713808,3.357499769,4.024810136,2.937705312,3.341797127,3.671589334,3.44642961,3.205772654,2.610779392
14280,0.19766656,0,0,0.183790577,0.177426564,0.200925625,0,0,0,0,0
14281,44.82682536,45.19513349,51.02691045,41.298507,42.37667076,45.64475808,45.24211255,43.25373331,42.87653336,41.58100535,46.61442899
14282,0,0.179255173,0,0.189313029,0,0,0,0,0.19524964,0,0
14286,0,0,0,0,0,0,0,0.196014109,0,0,0
14288,0.767955732,0.910391712,0.204745588,1.487077532,1.115068962,0.59114683,0.377624107,0.579483837,0.770235587,0.209220459,0
14290,0.19766656,0,0,0,0,0,0,0,0,0,0
14294,20.56970107,15.88169038,22.35762654,17.86752969,14.0729604,20.13909234,18.75447361,19.30740517,18.96680954,21.40384595,18.69436658
14295,6.187678252,4.489814391,5.084124124,3.356160534,4.020431146,7.82213334,7.46249592,6.363676246,7.852385099,6.625987161,4.997821217
14296,1.175341369,0.719399231,0.604248857,0.562544878,0.566040428,0.395868736,0.778012414,0.775497947,1.527478659,0.862009169,0.43551591
14301,0,0,0,0,0,0.197909432,0,0,0,0,0
14304,0,0,0,0.189313029,0.177426564,0,0,0,0,0,0
14305,0,0,0,0,0,0,0,0,0.196097113,0,0
14307,2.679912248,3.253671908,2.450852324,2.051708135,1.459701835,4.309310224,5.148120069,4.628979736,4.793079762,0,0
14308,0.968078241,0.550166822,1.023127407,0.37277607,1.443233159,0.788510333,0.778782532,1.34947217,1.338397525,1.282652232,0.864937701
14309,5.368175302,8.088275103,6.108108347,7.614186649,6.760241413,4.504802038,3.946278131,3.48228784,4.211223256,3.61860604,3.27972727
14310,0.190197488,0.35194632,0.614873433,0,0,0.189768808,1.009196814,0.19251022,0.757573139,0.212277485,0
14315,0.741596815,0.885287403,0,0.746335456,0.746298634,0.584186437,0,0.961330601,0.966458239,0,0
14316,2.104651583,0,1.82626948,0,0,0.197909432,0.188436758,0,0,0,0
14317,0.190197488,0.169232409,0,0.742919219,1.641524568,0,0.583347489,0.581888631,0.568492005,0,0
14318,0,0,0,0.185548766,0,0,0.188436758,0,0,0.431247731,0
14319,2.127900962,1.266221816,1.222778754,2.783126672,3.097670861,2.539866581,1.395646296,1.164493598,1.344169532,1.274019361,2.409796556
14320,0.391888835,0.731987738,0.204745588,0.557370453,0.904286116,0.785112061,0.795012183,1.355181319,1.148919892,0.209220459,0
14321,0,0,0,0,0,0.195962267,0,0,0,0,0
14323,19.92402518,21.15933593,18.9206769,22.69787163,21.60963886,22.89424146,21.11562859,23.18201542,24.13962561,13.22860062,12.86137596
14324,0,1.02852125,0,0.935229531,1.464960668,0.195962267,1.155636522,0.578001982,0.568492005,0.211646862,0.217934388
14326,0.767955732,0,0.197656014,0,0,0,0,0,0,0,0
14327,0,3.795665983,0,6.881091419,9.684621527,0.974880869,3.729690047,3.468016802,6.502628206,0.220910356,0.221650513
14329,0,0,0,0,0,0,0.195435043,0,0,0,0
14331,0,0,0.204847479,0,0,0,0,0,0,0,0
14334,2.488145921,3.104215336,2.241189099,3.913191684,2.937855801,2.336259747,1.790479756,1.934010608,0.757573139,5.130833186,3.919089642
14336,0.188628649,0,0.812851484,0,0,0.789056262,1.182154512,0.9631531,0.953670252,0,0
14340,7.747736381,10.04160578,6.089514603,7.460622606,7.850905073,7.264121977,7.499602125,8.506957138,7.268863613,2.562199198,1.97389487
14342,5.024787624,3.999837156,5.889784143,3.165596645,5.134374458,6.259888766,5.088530012,4.247899496,4.021541096,3.868049116,2.413093995
14346,0,0,0.204745588,0,0,0,0,0,0,0,0
14347,2.279330424,1.284834803,2.642757857,1.114720416,1.45331465,1.577566595,1.954225615,1.350378799,1.149069942,0.428597071,1.08931337
14348,0.756461873,0.710342166,1.218163583,0.562544878,0.54049439,0.767761785,1.38816475,1.346596054,1.533580733,0.636201831,0.217934388
14350,3.849373169,5.642175915,3.677386226,6.532899265,5.152938427,5.0767398,4.51414656,5.214801499,6.330865788,3.182572942,1.977005803
14356,1.384523633,2.48830129,1.206069495,2.613369557,1.789133149,1.771581698,1.58227549,2.715444013,2.872291137,0.630718403,1.954642552
14358,0,0,0,0,0,0,0,0,0.189081134,0,0
14361,2.113647863,1.57219675,2.237956564,2.970353977,3.811074062,3.351779631,2.953923733,2.517434645,2.303281726,1.494299094,1.522528514
14362,0.361201839,1.464401628,0.812851484,1.301491941,1.435422915,0.99061619,0.205723382,0.389378412,0.952943688,0.862009169,0.432146948
14363,2.33767334,1.970114456,3.056016346,1.493474716,1.798507985,1.950193689,1.586583465,1.742920457,1.332354558,1.272271822,0.868692439
14365,0,0,0,0,0,0,0,0,0.19524964,0,0
14366,2.281744742,6.065595419,1.417913614,7.211228715,8.355831098,2.725714019,4.521261329,5.21961012,6.147406612,3.862671932,4.553892814
14367,0.397157325,0.166666667,0,0.375317574,1.633572857,0.199906468,0,0,0.189477632,0,0
14368,10.3409914,11.80398687,13.22437254,23.62666975,22.96858396,41.126832,32.25766264,39.59853534,34.10490822,13.24433262,10.45935881
14369,2.890029548,6.110351118,5.288065397,6.731198376,9.130931136,12.35165657,11.47266558,7.334158097,5.158212226,5.985973576,3.448673956
14370,0,0.38046757,0,0.553933726,0.912237826,0.400832093,1.146118299,0.962969875,2.108637741,0,0.221650513
14371,4.815228981,5.310979809,7.333460188,9.884093268,9.541694138,4.68103214,4.304962751,4.448228494,3.850167852,2.142689604,1.299809805
14377,2.707859789,4.11241142,2.84648639,5.034459862,4.963754073,2.930583844,4.497433648,3.479140902,4.7798408,1.719882174,3.034475233
14378,0.952559594,0.710342166,0.40459751,0.370598928,0,0.189768808,0,0,0,0,0
14382,0.19766656,0.166666667,0.610914502,0.373559385,0.353990465,0.195962267,0,0.385874522,0.189807699,0,0
14383,1.727394285,3.425032867,1.420010839,4.45567332,3.471682842,2.356150214,2.93840562,3.28249902,2.872374756,1.947130839,1.746479792
14392,0.201691347,0.383500156,0.616534564,1.116478605,0.922177852,0.985018529,1.182154512,0.774870173,1.148919892,1.491648434,1.307247758
14393,1.732009185,0,0.816185911,0.373559385,0.360236183,0,0.189187349,0,0,0,0
14394,0,0.169232409,0,0,0,0.189768808,0.188436758,0.388524329,0,0.211646862,0.217934388
14396,0.201691347,0,0.408253974,0,0,0,0,0,0,0,0
14397,1.921594715,2.996891513,0.400740471,0.92252658,1.073337181,0.388224169,0.795299038,0.193364302,0.189807699,0,0.221650513
14398,1.367739439,1.608145372,1.016037833,1.855961097,1.659118895,1.375712962,2.538017313,1.745214278,3.649998309,1.282427975,1.086626828
14399,2.292067986,1.455344563,1.832121852,2.052127089,1.295046939,1.763391202,1.576295125,2.897477613,1.345287965,1.07100537,1.08287209
14400,0.19766656,0,0,0,0,0.200925625,0.198705571,0.19251022,0,0.433187841,0
14402,0.188628649,1.28215456,0.203508386,1.296852946,2.17790302,0,0.204666409,0.383669263,0.378888833,0.209220459,0
14404,0,0.179255173,0,0,0,0,0,0,0,0,0
14409,2.858635662,1.263189231,2.243910828,0.736522035,1.108823244,0.588130637,1.189172323,1.740856306,0.76990552,0,0
14410,0,0,0,0.189768808,0,0,0,0,0,0,0
14413,0.754893034,0.914701649,2.233388144,1.860181139,0.366623368,0.400832093,0.609095362,1.357045935,1.3388485,2.14574663,0.432146948
14415,6.160962743,6.746319534,7.945528223,7.611199935,5.443504024,6.853396059,6.741820954,6.566923476,6.514295824,8.115167042,7.458686827
14416,4.062845197,2.471787203,4.689334709,4.10977663,3.079498894,3.325433423,1.37636221,4.450406978,2.683348099,0.641553419,0.659891578
14417,1.322799344,2.631962547,1.823036945,4.10506975,3.264455539,2.151665242,1.944707393,2.128029459,2.298236283,3.849266183,3.680416054
14418,7.296733733,2.446682894,7.528369152,3.169828453,1.993950507,11.52377881,9.613370904,16.40485445,13.37491961,7.883876276,9.173669841
14423,0.19766656,0.166666667,0.197656014,0,0.351158822,0,0.195435043,0,0,0,0
14424,0.782208831,1.411554563,0.60558795,0.738200573,0.713946418,0.784092905,0,0.193992076,0.378287808,0,0
14428,2.076682196,2.999104913,1.831465612,2.787722842,2.929180257,1.74463969,2.162332924,1.167997488,2.297238759,0,0
14429,0.943521683,1.793891868,0.605486059,2.226978979,2.006722175,0.791687601,1.560816065,1.744176971,2.507116753,0.41821666,0.64969556
14431,0.37826748,0.34592184,0.203084457,0.187227304,0.173732258,0.59114683,0.583347489,1.545513054,0.953670252,0,0
14432,0,0,0,0.185548766,0,0,0,0,0,0,0
14434,0.384094626,0.195187917,1.220783421,0.368057424,0,1.174787337,0.771764721,1.15916721,1.148919892,0.850773878,0.43317653
14435,1.338854803,0.169232409,1.228831702,0.370598928,0.900467587,1.170297208,1.578221825,1.354614366,0.573933946,0,0.224375669
14436,0.201691347,0.166666667,0,0,0.372869087,0,0.204666409,0,0,0,0.211526017
14437,0,0,0,0,0,0.195962267,0,0,0,0,0
14438,2.67588746,3.416724646,2.655496021,2.971157782,3.65308658,3.11733646,2.930063506,1.937001095,2.677125116,2.355405142,2.615525099
14445,0.369229569,0.195187917,0.819288026,0.185548766,0.191623994,0.189768808,0.387142329,0.38281518,0.189807699,0,0
14446,0,0.373591892,0,0.189768808,0.173732258,0,0,0,0,0,0.217934388
14447,0,0,0,0,0,0,0.205723382,0,0,0,0
14448,0.376066897,1.269099211,0,0.369339344,0.351158822,0.190314737,0.394910731,0.388524329,0.769058046,0.219600869,0.448751337
14449,0,0,0,0,0.19289111,0,0,0,0,0,0
14450,9.933751941,9.760807696,10.76530243,12.66513878,12.18024202,9.978509715,10.41741805,12.17349284,11.87429818,7.053697663,6.323297416
14451,0.774181102,1.249749526,0.203508386,1.105781728,1.275888086,0.976877905,1.960937044,0.386502295,1.149520918,0,0
14452,0.385663465,1.291710482,0,0.742919219,1.09591011,0.985018529,0.977488103,1.15916721,0.959112193,0.853830904,0.633806499
14453,4.602138706,0.542824301,3.856675059,1.297308724,0.180258207,3.711205776,2.952540851,5.019327568,3.636237309,3.008193852,3.472677685
14458,0,0,0,0,0,0,0,0.196014109,0,0,0
14459,1.144654373,1.609111071,0.203084457,2.606097641,3.28475722,1.575146202,1.579565654,1.541443179,1.893830584,1.293887523,1.532009203
14460,2.113973,3.409411775,1.222444552,5.382383117,4.371148935,4.894638389,4.52854912,4.434196369,5.157426554,0,0
14462,0.956584381,0.722079474,0.613101454,0.374861795,0.177426564,0.77595228,0.771764721,0.9631531,0.95944226,0.41821666,0.871731849
14463,6.328225813,9.338097333,5.083530998,11.52424865,9.827704923,5.68756615,6.666771364,7.155969066,7.844142559,1.509544799,6.075738908
14465,2.127013852,3.072349849,1.415006325,2.410698629,3.307047826,2.731361549,2.940925558,2.311997497,2.675526567,5.769735945,5.886543232
14467,4.030586046,2.871760755,4.274501966,4.841559528,3.861283592,3.311213318,1.756676626,2.32672015,1.533046139,1.694031801,2.175168645
14470,0,0,0,0.371017881,0.180258207,0,0,0,0,0,0
14471,0.399357907,0.166666667,0,0.379081837,0.549308765,0.976877905,0.38789292,0,0.574985947,0,0
14472,1.14521303,1.630642142,1.831465612,0.921663614,0.72430814,1.381906422,1.780961534,1.161189243,1.338126566,0.643525216,0.643287189
14474,15.05774449,17.97410016,16.07354742,20.08027723,21.92699939,14.68619016,17.13125805,16.03378191,18.16028134,14.11361693,16.14052637
14475,2.715653998,3.422114782,3.056762313,3.34901686,2.525367536,2.749387611,2.935866992,2.70982246,2.488019471,0.219600869,0.442310057
14477,0,0.166666667,0,0.189768808,0,0,0,0.190304961,0,0,0
14480,0.783452533,0.531201493,0.603824928,0.374861795,0.191623994,1.357099694,0.205723382,0.193992076,0,0.652158087,0
14481,27.67891606,35.09087489,25.62645498,33.4858372,35.50130466,27.22986196,26.9683066,25.70482294,29.09988317,24.13913333,27.66655836
14485,0,0.383500156,0.60944499,0.932688027,0.915651903,0.390221205,0.602077551,0.579683372,0.959112193,1.279595206,0.874457005
14486,0.18060092,0.335899076,0.409593067,0,0.173732258,0.794703793,0.189187349,1.739478355,0,0,0.221650513
14487,0.576492697,0.188312238,0.411687084,0.55360619,0.369050558,0,0.404428953,0,0.196097113,0.41821666,0
14488,0.188628649,0,0.410025953,0,0,0.195962267,0,0.389378412,0.189807699,0,0
14489,0,0,0,0,0,0,0,0,0,0.63781753,0.871731849
14493,0,0,0,0,0,0,0,0.192981542,0,0,0
14495,0.201691347,0.335899076,0,0,0.19289111,0.197909432,0.583327963,0.386502295,1.337279092,0,0
14496,0.935493954,0,0,0.187227304,0,0,0.394140614,0,0.189807699,0.430130815,0
14497,0.568464967,1.643968453,0.808994445,1.861055871,1.456426523,1.192519693,2.165603453,1.349943493,2.486529051,0.220910356,0
14498,4.779455775,3.489430035,4.688376002,5.032174968,5.065653699,5.274560858,3.146806292,4.830660914,4.790328184,1.704374434,2.387433306
14499,19.95781249,19.56812634,19.92269076,14.5189064,19.18152313,15.65293756,17.09478678,14.88359315,17.013512,19.2347442,22.24798717
14500,0,0,0,0.189768808,0,0.391240361,0,0.388524329,0,0,0
14501,1.524724212,2.515389999,3.255859311,2.615475773,2.537578743,3.324455544,3.159321206,2.887594685,3.824921946,1.071684234,2.384135867
14502,0,0,0,0,0,0,0,0.192981542,0,0,0
14503,0,0,0,0,0,0,0,0,0,1.92932689,2.822233886
14504,0.190197488,0,0.204847479,0,0,0,0,0,0,0,0
14508,0.601049254,0.877008833,0,0.756077949,1.282414035,0,1.003255503,0.770642881,0.378684306,0.211646862,0.422666258
14509,1.919372287,1.272246296,1.213260961,1.860679743,1.996097466,1.748885984,1.765502001,1.355564079,1.72934778,2.146863546,1.297381292
14511,0,0.166666667,0,0.747139261,0.37160197,0.199906468,0.204666409,1.15916721,0,0,0
14513,0,0,0,0.187227304,0,0,0,0,0,0,0
14514,23.84183099,22.97520911,24.20475904,22.51638044,18.43390099,24.85928651,25.0131657,24.12419477,23.9323682,22.82614651,16.81360398
14520,0,0,0,0,0,0,0,0,0,0,0.211140241
14521,0.574292114,0,0.812953376,0,0,0,0,0,0,0.212277485,0
14522,1.118295456,0.738012218,1.219020399,0,0.179977976,0.190314737,0.205723382,0.193364302,0.391346753,1.691605398,1.085983022
14527,0,0.185279653,0,0.37277607,0.372869087,0,0.189187349,0,0.574534971,0,0
14528,0.385663465,0,0.407830045,0,0.550575882,0,0,0,0,0,0
14530,0,0.169232409,0,0,0,0,0,0.193992076,0,0,0
14531,0,0,0,0.185548766,0,0,0,0,0,0,0
14532,2.899699203,1.926708812,2.828119208,1.314323134,1.655144358,0.385731075,0.772534838,0.192981542,0.384456313,0.209220459,1.300839387
14533,0,0.891311883,0,0,0,0,0.599863996,0,1.148193328,0,0
14535,0,1.618594289,0,2.216430835,2.545530453,0.788128254,1.371341861,1.156334177,1.529136315,0.208996201,0.438555319
14537,0.587986556,0.37444309,0.611338431,0.930126033,0.385782221,0.994610261,0.814818744,0.774870173,0.56909303,0.861784912,1.307247758
14539,0.580517484,4.580358728,0.402401602,2.045345053,3.811074062,0.390221205,1.957940352,1.356035402,2.679995496,2.142465347,3.232412955
14540,0.964665411,0,1.427300988,0.189768808,0,0.189768808,0,0.775880707,0,0,0
14541,0,0,0.203084457,0,0,0,0,0,0,0,0
14542,0.195465977,0,0.40459751,0.18083012,0.711395006,0.581009169,0,0,0.384330774,0,0
14545,11.70021754,8.878049801,10.38381003,9.095592996,8.813007009,5.70389727,6.140800376,8.094366439,7.089636348,7.6954271,12.18553339
14546,5.739302162,6.669959362,5.30115221,7.261823692,7.708421355,8.03930171,8.656726809,6.96264491,7.852840705,5.344277854,7.411731083
14547,0.18060092,0.185279653,0.197656014,0.189313029,0.19289111,0.195962267,0.195435043,0.385874522,0.196097113,0.842141007,0.211140241
14548,0.559427057,3.546124649,2.432803972,2.987604505,4.921583416,4.30473172,3.936702165,3.658080111,2.68204965,1.053157245,1.727574637
14549,41.68883756,32.62134617,41.31775632,29.95817313,32.5085502,34.41675707,34.40402106,41.3383062,38.07134756,41.41567596,39.37185069
14550,9.241773597,10.42960291,9.779264455,12.83309216,11.28385122,10.54877537,8.441465678,9.85041672,9.210700175,4.268824017,2.829318972
14552,0,0.166666667,0.206941496,0,0,0,0,0.192981542,0.189807699,0,0
14553,4.06324342,4.014144661,2.447419215,2.971556245,3.462023047,3.150169833,3.358046304,1.925651652,2.497743,4.475525657,3.684628092
14554,9.257930282,7.222962888,7.920910059,6.512120592,6.010548583,8.020973555,7.498106615,8.50601546,6.304646869,7.676900112,6.110556439
14555,0.583961769,0,0.604248857,0.556147694,0.373149317,0,0,0.190304961,0,0,0
14558,0,0,0,0,0,0,0,0.386502295,0,0,0
14559,1.355361786,2.160525594,1.828889318,1.307549823,2.011562012,2.34973575,2.957925326,1.162697874,1.529323656,2.121736213,2.845632423
14562,1.926863204,0.533652735,0.812851484,0.927165575,0.3718822,0.598741525,0.583347489,0.968862249,0.378558767,2.347044769,1.292982749
14565,1.339791897,1.4861617,0,1.100338927,2.159889699,0,0,0,0,0,0
14566,0,0,0,0.18083012,0,0,0,0,0,0,0
14567,0.945722265,2.208012174,0.821280152,2.791658173,4.768418528,1.563011507,4.728618047,5.605442525,4.405145306,8.555320142,7.180516949
14568,0,0.69786816,0,0.183790577,0,0.195962267,0.397411142,0.386345844,0,0.208996201,0
14570,0,0.552847065,0,0,0.177426564,0.200925625,0.589575656,1.162288339,1.533706272,0.220910356,0
14572,1.557074978,1.554831464,1.425529009,2.238131634,2.003027868,2.151665242,1.735700463,1.939023129,2.285177337,1.512633512,1.085983022
14574,0,0.179255173,0,0,0.173732258,0,0,0,0,0,0
14575,0.387864048,0.568779809,0.812953376,1.116478605,1.09591011,0.976877905,1.189172323,0.965175134,1.344169532,1.275328848,1.525143533
14576,11.38398725,14.35313053,13.24972741,15.79561057,14.83459929,11.70837331,15.72613258,13.90438493,16.64614999,21.16944087,21.54912225
14577,10.70893358,11.42249614,11.58002204,13.93697372,12.20065074,12.35582178,15.18489863,13.71477763,16.79690304,8.350764289,5.867879679
14579,0.393132537,0,0.204745588,0,0,0,0,0,0.378888833,0,0
14580,0,0,0,0,0,0,0,0,0,0.417992403,0
14581,1.154576078,1.605112787,1.632470505,2.983496372,4.20990818,2.155177493,2.357004357,1.551849976,1.91770698,0.211646862,0.217934388
14582,3.072054389,4.71492645,2.836254365,6.337709992,5.991808724,4.104302154,4.128754051,5.60158265,5.928117746,2.144030778,1.752597225
14584,0.566264385,1.464401628,1.220783421,0.932688027,1.276168316,0.984472601,1.197633572,1.15916721,0.959838758,1.073431773,0.878173129
14585,1.122320243,1.269328211,1.837317985,0.751857907,0.357684771,0.956129357,1.171866172,1.352531512,1.527934265,1.711249303,1.955560869
14586,4.424025191,4.565469879,6.318050067,5.401890439,5.699271991,6.077241426,6.295414477,5.409899738,6.135616148,6.400454348,6.966381617
14587,1.166303458,2.678754225,1.621091006,1.479839718,1.468779196,1.958334313,0.99373728,1.92653251,1.149166341,0.420867321,0.880826762
14589,0,0,0,0,0.173732258,0,0,0,0,0,0
14597,33.41316553,33.13331248,28.03970707,32.04271654,29.69608386,27.19119876,30.38387109,29.35110806,35.21442815,32.68882939,37.66039983
14599,3.448499724,2.522494678,2.654895489,2.225733884,2.384711329,2.538324326,2.349693182,2.12232031,2.676728618,3.224785936,4.79811527
14600,0.382292267,0,0.410449883,0,0,0,0,0.776734789,0,0,0
14601,13.20607376,16.08260773,11.79813925,14.31799671,13.81773572,12.73445699,15.77178012,15.84772294,18.92383123,11.08942265,11.73722863
14602,0,0.361854584,0,0.37277607,0.546601345,0,0.592559329,0,0.385574746,0,0
14603,6.138755001,8.393131346,5.929171373,7.07794474,6.609959834,5.650154274,6.305989673,5.990865431,7.662619321,7.463992003,6.049895431
14604,0,0,0,0,0,0,0,0,0,0,0.429074629
14605,1.148982452,1.096522564,1.427623026,1.119915331,1.842949823,1.168372874,2.16637357,2.121466227,2.489701638,2.144661401,4.140635722
14606,1.355942288,0.888746141,0.407931937,0.18083012,0.365356251,0.199906468,0.195435043,0.384297036,0.764589118,0.209220459,0.442310057
14607,0,0.502565742,0,6.130895715,4.545602457,7.829437308,11.44538398,9.264768721,10.71385146,0,0
14608,0.369229569,1.989578641,0,5.964911586,4.38605045,0.200925625,0,0,0,5.527616253,3.287936776
14609,4.03302015,2.511224213,4.680049227,2.96563533,2.734603035,1.167330886,1.381917056,0,0.573537448,1.289975617,0.432146948
14610,19.45048925,16.9826079,20.32325747,15.43207262,16.78655983,21.52374685,17.31704355,18.53765478,16.84295379,14.99464547,14.16863444
14612,9.947351451,9.186741212,12.20234742,9.673864599,9.511751933,9.404824367,8.867347548,7.52369657,9.575238937,9.196775054,9.593358619
14613,1.915044208,0.521178729,2.439472825,2.42649028,2.927352679,3.706624498,1.558721646,3.276632453,1.528205224,6.183990432,6.948394778
14615,7.135906451,5.397328709,5.887699083,6.122797657,5.815649277,6.063705494,6.509885964,5.013276772,7.278101206,8.994477704,5.402506341
14616,0,0.357544647,0,0,0,0.199906468,0,0.386502295,0.189807699,0.220910356,0
14617,0,0,0,0,0,0,0,0,0.189081134,0,0
14618,0,0,0,0.18083012,0,0,0,0,0,0,0
14619,0.564695546,1.0864998,0.808994445,0.745460723,0.725312204,0.973861713,1.979686632,1.15916721,3.263120484,0,0
14620,0.188628649,0.195187917,0.407016773,0.747558215,0.741919645,0.395868736,1.378359672,1.166898392,0.764259051,0.420643063,0.8845815
14621,0,0,0,0,0,0,0,0.19251022,0,0,0
14622,0,0.910391712,0,1.300269182,1.29918012,0.590600901,0.590345774,0.384297036,1.142504939,0.653467573,0
14623,0,0,0,0,0,0,0,0,0,13.7318614,16.96406679
14624,0.201691347,0.166666667,0,0,0,0,0,0,0,0,0
14626,0.773527513,1.473147041,0.411687084,2.241021165,2.937697157,2.947338321,3.335836289,3.084374314,6.716470501,0,0
14627,3.598716939,1.061437287,4.268795029,1.476916085,1.094642993,3.125053727,2.949177221,3.856116291,2.690159551,3.622373616,1.303178767
14628,0,0.179255173,0,0,0,0,0,0,0,0,0
14630,6.133605314,5.97064762,5.699641633,9.298535258,9.865462167,7.832132755,7.883747763,7.151017367,6.292710986,2.986802408,4.575507826
14632,0,0.169232409,0,0,0,0,0,0,0.189807699,0,0
14633,3.423027916,6.814980456,5.483516545,10.80275544,11.52614295,6.480868707,7.901804504,6.956842066,9.772304433,5.976936367,7.82410078
14635,1.717702785,5.954216019,1.640094857,7.640005739,9.6924292,4.709125934,4.739350595,7.929826772,7.09479208,1.695565545,1.066983029
14637,0.201691347,0,0,0.189313029,0.177426564,0.972933704,1.59223792,0.965646457,0.769634561,0.219600869,0.432790753
14638,0.390319996,0.373591892,0.203084457,0.554389505,0.179977976,0.390221205,0.384622391,0.579683372,0.384330774,0,0
14639,0,0,0,0,0,0,0.188436758,0,0,0,0
14640,0,0.166666667,0,0,0,0,0,0.385874522,0.19524964,0,0
14643,0,0,0,0,0,0.397815901,0.204666409,0.390006185,0.573933946,1.282652232,0.220620931
14644,0.747497048,0,0,0.185548766,0,0,0,0.19251022,0.384330774,0.421497944,0
14645,2.519534431,1.627609557,1.828032502,1.665366148,2.223611975,2.344561447,2.186160605,1.354553546,1.723701312,1.282652232,1.766547981
14646,11.93842097,10.88783465,12.20010797,10.05938045,12.5604632,13.14873664,11.82154512,11.38576459,11.30677919,14.31948024,12.01937379
14647,0,0.531201493,0.204847479,0.559108151,0.727722216,0.386277004,1.397396116,1.545329829,1.345287965,0,0
14648,1.747831123,1.244576245,1.420533452,1.305791634,1.438254557,2.740815036,1.953919233,2.128002684,1.729744278,1.285302892,0.666685726
14649,0.964053453,1.231987738,1.220783421,1.116478605,0.922177852,6.253497133,6.297144771,1.353159285,1.729473319,4.704165763,3.921743275
14651,0,0,0,0,0,0,0,0,0,0.209220459,0
14653,3.673785372,3.257515001,3.655260689,3.91318296,2.369371006,2.330277233,3.341027009,2.317235323,2.297714246,2.355453382,1.076463719
14654,0,0.188312238,0,0,0,0,0,0,0,0.220910356,0.211526017
14655,0.579958827,1.796064578,1.220359492,2.982273613,1.461266361,3.289445613,3.530984475,3.08509065,3.250145157,1.479510022,0.217934388
14658,0,1.802980947,0,1.116478605,1.09591011,0,0.787994371,0.385491762,1.723454863,0.208996201,0
14659,2.156460462,2.859172249,1.024364609,2.608671402,2.71783695,2.137965461,2.942871784,2.508100169,3.441564184,1.699559406,2.416204927
14660,1.341077231,2.170433858,1.828134394,1.668326606,3.25310693,1.562083498,1.175136701,0.968835474,1.155935871,1.281535316,1.313656129
14661,1.718946487,1.620733879,0.808994445,0.925487038,1.102436059,1.765934167,1.977473077,1.545286745,2.884436178,1.912291497,1.308871809
14662,9.781593743,6.293417536,10.00979645,4.839913248,3.655199117,4.089513289,5.294659386,6.18132781,5.572233325,6.810936887,17.45909456
14665,0.201691347,0.166666667,0,0,0.37160197,0,0.195435043,0,0,0,0.431761171
14666,0.384094626,1.083934058,1.014265854,4.088918306,3.641720793,1.53611937,0.986719469,2.317323886,2.688398172,0.850095015,1.542728168
14667,2.129564733,3.424140978,1.62580486,1.866578323,1.987002861,2.740815036,2.933640417,2.320984226,1.913178944,1.274019361,0.650081336
14668,0,0,0,0.373559385,0.372869087,0,0,0,0,0,0
14670,12.38718276,14.780151,10.80068134,14.49362503,13.3304755,15.85184054,14.3936142,13.13952008,15.32290286,18.36810648,17.43115213
14671,0.583330025,1.43242164,0.4011644,2.229996752,1.09591011,2.153612407,1.377589554,2.320539678,1.338397525,0,0
14672,0.763930945,1.083934058,0.406592844,1.482857491,1.834135448,0,0.394910731,0.579012515,0.574384921,1.707255442,0.64021487
14674,0.585785974,4.664789279,1.225686043,7.634847648,6.933145429,4.304510716,2.968906512,4.055791708,4.793146193,0.211646862,0.221650513
14675,0,0,0,0,0.19289111,0,0,0,0,0,0
14676,0,0.694409422,0,0,0,0.199906468,0.781746678,0.772664914,1.144078977,0,0
14679,0.594823884,0.700433902,0.203508386,0.369339344,0.347464516,0,0.189187349,0,0,0,0
14680,1.363714652,3.251802173,1.635804932,4.836783566,3.452648212,1.38453776,1.4063211,3.468959447,3.817351492,1.707207202,1.089666237
14681,29.09130397,27.30562798,24.78449768,20.43912713,21.16523614,17.21809441,16.52741849,18.54031169,16.49741128,17.52308244,16.31638676
14682,0,0.179255173,0,0,0,0,0,0,0,0,0.220620931
14683,1.560446176,1.819380533,1.826693409,4.085949125,5.107668347,2.144654979,3.317799074,3.284991409,3.067348807,0.839490347,0.432790753
14684,0.399357907,0.700433902,1.627274373,1.861064595,2.359026528,2.345874309,1.779904561,2.318334419,1.533647164,1.502659467,1.085597246
14685,8.62195757,7.562475892,9.76399354,10.04491931,9.103659836,10.78049883,9.851376708,11.57879165,12.83849289,9.631498665,10.46032145
14689,0.18060092,0.348487582,0.204745588,0,0,0,0.198705571,0,0,0,0
14690,0,0,0,0,0,0,0,0.192981542,0,0,0
14692,4.034683921,3.217256443,4.06898665,4.291390065,2.355066533,3.73046194,2.775468932,5.028252509,4.02646563,2.97075209,4.790435715
14694,0,0.166666667,0,0.189313029,0,0.197909432,0,0,0,0,0
14695,0,0,0,0.554389505,0.180258207,0,0,0,0.19524964,0,0
14696,0.188628649,0,0,0,0,0,0,0.193364302,0,0,0
14698,3.27648519,0,4.271693361,0,0,1.979467715,0.40337198,5.606883267,1.918554454,0,0
14699,2.12732046,4.273053606,1.0221687,7.091879174,6.559840103,1.184379069,1.780674678,3.288495299,3.276960471,0.852745675,1.534662836
14700,0.391888835,0.540258558,1.010185461,0,0,0,1.164867888,1.159638532,1.345017006,13.01740836,12.85509905
14701,0.960028666,0.348487582,0.605909988,0.189768808,0,0.199906468,0.404428953,0.386345844,0.378888833,0,0
14704,0.19766656,0.188312238,0.203508386,0.747965402,0.751138472,0.963724052,1.593294894,0.77284814,0.770031059,0.429906557,0.224375669
14706,0.190197488,0.179255173,0.204745588,0,0,0,0,0,0,0,0
14707,8.228635168,5.78109872,11.19837835,5.396060942,4.924717262,7.022801173,6.099209317,7.936022549,5.743146333,6.400992555,4.123106183
14708,3.43175716,2.473645898,1.216926382,1.479897033,1.654157471,1.965073702,1.960937044,0.775880707,1.729948805,1.691605398,3.043917308
14709,8.081000289,6.801500061,7.325981271,5.762667222,5.848846914,8.604775138,5.123835161,6.179190439,4.778717737,6.619168649,4.783570044
14710,2.707461566,6.107286684,3.254520218,9.674528395,10.99500879,5.103296954,5.511115316,5.984371055,6.123633715,4.05160131,4.387688894
14711,2.698821878,2.506799777,3.25398544,3.916280384,4.548860525,3.923197069,3.725362545,3.870567155,3.452201618,3.439534,3.485269307
14713,3.643587263,6.532167394,3.267372438,2.793672971,2.561168186,2.735003656,9.165711048,5.026832441,10.34133103,3.214811891,1.758652729
14714,0.399357907,0.550166822,0.818381819,0.189313029,0.537662748,1.752780314,1.970455266,1.735346692,1.148919892,1.059315474,1.096107517
14716,1.741982131,1.806979231,1.635804932,0.923728849,0.725592435,1.759740707,1.559008501,2.313253044,1.912782446,0.649507427,0.652767878
14717,1.942126485,1.027742756,0.206941496,0,0,0.189768808,0.198705571,0,0.189081134,0,0
14718,0,0,0,0,0,0,0,0,0,0,0.221650513
14719,16.7479198,13.06174274,15.26378325,10.04839286,9.608370755,17.80936083,15.14423504,16.22887404,12.61316838,16.21018163,14.33537891
14720,5.333718885,4.711779365,6.09630171,5.217772325,4.570424594,5.671014026,5.322214823,5.209134431,4.792173181,6.00016574,6.325098551
14724,1.351917501,2.125979864,1.024364609,0.751857907,1.090651277,1.934408498,1.174849845,1.354709996,1.527934265,1.061966134,0
14725,6.340890288,4.109845677,3.658159021,2.976273047,2.719823172,1.370749605,2.176929239,1.543464246,1.717261847,2.127443899,3.277426504
14726,0,0.166666667,0,0,0,0,0,0,0,0,0
14727,0,0,0,0,0,0,0,0.193364302,0.189807699,0,0
14728,0.188628649,0,0,0,0,0,0,0,0,0,0
14729,4.232510914,2.913337355,4.675759302,2.415545518,2.518700121,5.095564014,3.168088838,5.992887465,3.640740835,2.968457528,3.063246854
14731,0,0.169232409,0,0.745879677,0.564773311,0,0,0,0,0,0
14733,0.201691347,0.34592184,0.206941496,0.743374998,0.912237826,0,0,0,0,0.211646862,0.872761431
14734,0.190197488,0.908210326,0,1.116478605,1.836842868,0.189768808,1.183211485,0.193364302,0,1.503562588,0.423052035
14736,5.684639111,5.83266954,7.942141297,4.28257962,4.347856967,6.458505203,5.27965708,7.33566576,5.151233538,6.819033197,2.610393616
14738,0.188628649,0.562755329,0.206941496,0,0.546881575,0.958076522,0.188436758,0.576179482,0.379615398,0,0
14741,3.439695333,2.734082182,3.464906989,2.053466324,1.619095198,1.371222832,1.371341861,1.351876964,1.912866064,3.201181884,4.789759
14742,7.867528261,10.42021449,8.348684749,9.501076099,8.595095966,7.824083279,9.824865225,9.669237203,9.954470617,12.36623535,11.12133174
14743,9.224969617,12.4905689,8.13203384,8.728958615,9.773608085,7.625315765,6.893025864,7.903836136,6.507794559,8.285361728,10.00322456
14744,13.48236223,5.895855477,12.82602726,6.908635793,4.535364957,10.95226163,2.987440008,4.835203079,0.763345147,7.017904933,2.385351955
14746,0.570920916,0.38046757,1.424291807,0.935192706,0.553127294,0.385731075,0.188436758,0.582516405,0.189807699,0,0
14747,0.195465977,0,0,0,0,0,0,0,0,0,0
14748,1.337307809,5.114785502,0.615297362,4.440836053,4.71052034,3.90512973,4.514720272,4.63536314,4.026340091,2.792197031,3.264615467
14750,0,0,0,0,0.191623994,0,0,0.193364302,0.189206673,0,0
14751,0.195465977,0.364534827,0.204847479,1.115196685,0.354853129,0,0.205723382,0.196014109,0.575111486,0,0
14752,11.59021412,10.41803311,11.82452939,11.71251415,10.90530167,11.5485627,13.35165435,12.94655825,11.273507,10.47839232,8.968767893
14753,5.171724304,3.557465455,4.678617199,4.475656912,3.619291423,3.918183841,2.948407104,7.147575265,6.515497875,4.932265635,5.218480762
14754,0,0.571812394,0,0.18083012,0,1.375712962,0.383871801,0.769788798,0.580553427,0,0
14755,0.18060092,0,0,0,0,0,0,0,0,0,0
14756,0.201691347,0,0,0,0,0,0,0,0,0,0
14757,0,0,0,0,0,0,0,0,0.189807699,0,0
14758,0,0,0,0,0,0,0,0,0,0.208996201,0
14759,0.188628649,0,0.411687084,0.373559385,0,0.585637543,0.40337198,2.126180185,1.155810332,0,0
14761,2.293238601,1.604302278,1.219444328,1.861939328,0.904286116,1.572057309,0.188436758,1.347702217,0.965881724,0.641777676,0.220620931
14762,0,0.185279653,0,0.55360619,0.19289111,0,0.205723382,0,0.189206673,0.428821328,0
14763,0,0,0,0.189313029,0,0,0,0,0,0,0
14764,0,0,0,0,0,0,0,0,0,0,0.220620931
14765,8.658780379,7.485460566,8.122847041,6.693349175,5.838519614,7.643521348,6.699073313,7.9321359,6.520402528,6.624229159,7.195486565
14766,1.51545278,1.404751588,1.01168956,0.933514168,0.725592435,0.189768808,0.204666409,0.386973618,0.189477632,0,0
14767,0,0,0,0,0,0,0,0,0,0.211646862,0
14768,3.06959844,3.277757681,3.262957842,4.650600219,3.440739208,3.132739571,4.506684541,3.868457526,3.063029928,1.902135344,0.871731849
14771,0,0,0,0,0,0,0,0,0,0.211646862,0
14772,2.467614151,1.448354384,1.415006325,0.930929838,1.09591011,1.774548019,1.968360846,1.160177743,1.142300411,0.420867321,1.088927594
14773,0,0.188312238,0,0.370143149,0.37160197,0.197909432,0.969432845,1.15878445,1.724302337,0,0
14774,4.400049136,2.915436255,6.309188514,1.666648068,1.657851778,0,0,0,0,0,0
14775,1.549584061,2.850155874,0.615297362,2.612913778,3.096106335,2.538870255,2.749237798,3.283692778,2.878868698,2.333607332,1.521074542
14778,0,0,0,1.487496486,0.738225338,0,0.189187349,0.575796722,0.189477632,0.428597071,0.211526017
14779,0,0.543675499,0,0.185548766,0.347464516,0.3938717,0.57305915,1.15916721,1.338126566,0.208996201,0.221650513
14781,3.644524358,2.903781434,1.832121852,2.421466433,3.110583995,0.969233339,1.16234795,1.545930827,2.101683564,2.782334601,0.873003033
14782,0.37826748,0.700433902,0,2.777952247,4.01701707,0.777899445,0.788013898,1.15916721,1.148919892,0.850095015,0.660244445
14784,0.386295209,0,0.203084457,0,0,0,0,0,0,0,0
14786,21.51517814,19.50899614,18.93365597,19.73743698,21.8661479,19.78336913,23.00036597,20.09404495,19.32429714,23.09233095,24.59560492
14787,1.707452627,0.169232409,2.031973775,0.562872414,0,0.587202629,0,1.549173394,0,0.220910356,0
14794,0.568464967,0.348487582,0,0,0,0,0,0,0,0,0
14795,0,0,0,0,0,0,0,0.196014109,0,0,9.806502982
14796,1.732312476,0.542824301,2.849820816,1.494241697,0.179977976,0.385731075,0.377624107,0.38281518,0.189477632,0,0
14797,0,2.362319334,0,0,0,0,2.185410014,0,3.434242649,0,0
14798,2.118863051,3.055648557,2.644973337,1.685329249,1.810136757,3.907622824,4.120292803,2.319529145,3.43409723,3.411357378,1.953903909
14800,1.530317838,1.448468884,1.220783421,1.300269182,1.468779196,1.773528863,1.748215377,1.350326253,1.338126566,1.502253102,1.096107517
14801,1.924407256,2.474779098,1.015604947,1.485319343,2.738421564,1.553851725,1.560816065,2.128856767,0.96076985,1.895928876,2.419921052
14802,11.90136575,16.52881038,11.60784069,11.89064803,13.60837863,12.32540151,14.65070382,11.20009549,11.67918201,14.53511894,14.14310979
14803,14.91158117,15.77265987,12.84937307,21.36460886,18.90256275,15.65393111,17.15041363,13.72285653,14.76590039,15.42909253,17.17574268
14804,0.559427057,0.917381892,0.206941496,0.18083012,0.177426564,0.773955245,2.377574528,0.769788798,2.095574166,0,0
14805,11.70110465,12.76911399,12.82517045,14.70358948,16.03835261,15.83696331,14.95409402,14.87317592,14.94056563,17.97328172,16.77497667
14806,0.583961769,0.376624477,1.017275035,1.312644597,0.366623368,1.760424881,1.755213662,0.581977194,1.521832191,0.861378546,1.958358676
14808,0,0,0,0,0,0.189768808,0.188436758,0.767583539,0.959713219,0,0
14809,1.148025571,3.323062874,1.226211864,5.197412606,5.84659291,2.752353932,2.950176451,2.694969128,3.453834764,4.888713494,5.417581518
14813,0,0,0,0.374861795,0.180258207,0,0,0.193992076,0.189807699,0,0
14821,1.705650268,2.366088618,1.220359492,1.302027371,2.901068265,3.709167463,4.519930519,2.704952052,3.643704264,3.419359626,5.407032632
14822,3.425787156,2.170433858,2.643503824,2.984815116,1.813831064,1.963843599,2.364309024,2.318334419,2.108032086,1.073431773,1.745803077
14823,1.154250941,0,1.017800856,1.116478605,0,0.200925625,0,0,0,0,0
14824,0,0,0.197656014,0,0,0,0,0,0,0,0
14826,0.18060092,1.626758359,0.204847479,0.924076875,1.287534103,0,0,0,0.189477632,0,0
14829,0.382292267,0.364534827,0,0.74547249,0.566040428,0,0,0,0,0.212277485,0
14835,0.393132537,0.166666667,0.812851484,0.746662992,0,0.97882507,0.189187349,1.354354011,0.76301508,0,0
14836,0,0,0,0.187227304,0,0.390221205,0.198705571,0,0.189081134,0,0
14837,0.796515232,0.195187917,0.600159507,0.55360619,0.191623994,0.388224169,0,0.772193592,0,0,0
14838,0.775424804,0.898654405,0.203508386,0.562872414,0.711395006,0.398835057,0.977488103,0.575796722,0.95944226,0.220910356,2.191829259
14839,0.574292114,1.473573194,0.812953376,0.558652373,1.657976,1.561064342,0.787994371,0.582359954,0.76301508,1.491872691,1.311349659
14842,0,0,0.206941496,0,0,0,0.188436758,0,0,0,0
14843,7.523700728,4.649024036,7.12285327,5.564623399,5.278568963,5.853188139,7.086679377,3.867863799,4.779444302,3.416078342,4.128743001
14844,15.51998272,14.19793038,15.04190447,17.85347389,15.20007713,15.25199149,13.37486011,16.22651843,17.61016221,1.282427975,13.69962841
14845,3.067419703,3.944893554,2.441668734,2.606992864,3.470276961,2.544467915,2.951677632,2.123515036,1.533250667,3.828312792,3.483155047
14846,1.905750931,1.771000959,2.652062911,0,0.177426564,0.391240361,0,0.196014109,0.189206673,0.209220459,0.65379746
14847,2.311261122,4.278226888,3.034958813,3.512844336,3.421704578,3.332214089,2.553496373,1.932276672,2.284930889,3.847956696,3.516381436
14849,0,0.744151198,0,0.933471342,0.904286116,1.172155999,1.165905334,1.156134642,1.338974039,0,0
14852,0,0,0,0,0,0.195962267,0,0,0.574534971,0,0
14854,0,0,0,0,0.357404541,0,0,0,0,0,0
14855,1.161646926,2.39600172,1.626952335,3.896984122,2.918679771,3.521184744,4.358305115,4.825518717,5.547559303,1.272902445,1.076116556
14856,27.7406163,22.56711564,29.26167809,25.3093042,23.29984015,19.57368024,20.30327755,21.43611398,20.4659892,27.77829249,31.54475848
14857,1.165091211,0,1.843983629,0,0.19289111,2.347577639,0,0.9631531,0,0.220910356,0
14858,5.595310316,1.972565698,4.065518953,3.172825735,2.033832738,3.133667579,1.601756142,1.739033807,0.959713219,2.785535957,3.297714109
14859,1.361210778,1.250600724,0.616534564,2.041102676,0.173732258,1.763391202,1.005926285,3.474442287,4.217303513,1.282021609,3.260122085
14861,0.977116151,1.209563671,0.611338431,0.932688027,0.527442492,0.593778168,0.387142329,0.38631907,0.574985947,0.212277485,0.224375669
14862,0.393132537,0.169232409,0.407931937,0.183790577,0.537662748,0.195962267,0.59957714,0,0.581154452,0,0.217934388
14864,0,0,0.204847479,0,0.179977976,0,0,0,0,0,0
14865,1.351917501,0.533767236,0.614771541,0.370143149,0.177426564,1.568659037,0.38789292,0.770171558,0,1.072122287,0.875447973
14867,0.201691347,0,0,0,0,0,0,0,0,0.220910356,0
14868,3.61881903,5.236572022,4.480630191,3.534485975,2.707896925,4.123103537,4.30690247,4.254393836,4.58866359,4.494132573,5.004262498
14870,3.990227336,3.094192572,3.641783965,3.163559511,2.916252581,3.309648232,2.549475253,2.322561712,2.121421098,4.680834209,2.411420607
14871,0.573733457,0.748034982,0.616534564,0.743374998,0.357404541,0.790075419,0.384622391,0.775497947,0.959112193,0.858727886,1.307247758
14873,0,0,0,0,0,0,0.195435043,0,0,0,0.221650513
14874,0.188628649,0.179255173,0.203084457,0,0,0,0,0,0,0,0
14875,9.785965512,7.442947918,8.969892832,5.959765262,7.06358138,8.204084064,7.838173801,6.366846559,5.751135324,6.62248162,5.65495473
14876,0.983341522,0.515154249,0,0,0.179977976,0,0,0,0,0,0
14877,0.403382695,0.725538212,0.204847479,0.375317574,0.704869057,0.397815901,0,0.38631907,0.5814009,0,0
14878,17.33240191,17.52900307,16.24564158,20.65652868,22.07278032,17.2262849,19.38144884,17.02315624,16.27946068,17.10240769,20.44686897
14879,2.50239902,4.514140206,1.629037395,3.174128145,3.505039124,3.529757319,1.977166694,3.481161969,5.163775076,0.858952143,1.065953447
14880,0.390319996,0.169232409,0,0,0,0,0,0,0,0.212277485,0
14881,5.177462847,1.933387339,3.458232388,2.026969073,1.094642993,2.536873219,1.736464073,4.835769064,1.926442417,0.84542229,0.217934388
14883,3.080173734,3.817123245,2.234825921,3.541338938,2.540690616,2.731605384,3.340740153,4.051502627,3.250662564,1.28287649,1.307633535
14885,9.26015271,9.937269232,6.498511693,9.671004283,11.27433498,9.761021909,10.83261209,11.96873504,14.93699341,6.419505407,5.878686593
14886,8.074089874,3.405683182,5.472906675,0.744201139,4.717066169,7.277660683,4.336710516,3.287196668,5.348532702,1.929508999,0.439584901
14887,0.190197488,0.169232409,0,0.737396768,0.365356251,0.579990013,0.205723382,0,0,0,0
14888,0.566896129,0.188312238,0.197656014,0,0.191623994,0.400832093,0.195435043,0,0,0,0
14889,0.559427057,0.700900745,1.227550957,0.364620697,1.097194405,0,0,0,0,0,0
14891,0,0.195187917,0.204745588,0.187227304,0.19289111,0,0.195435043,0.190304961,0,0,0
14893,0,0.185279653,0,0.185548766,0.353710234,0.78154994,0,0,0.574384921,0.219600869,0
14894,2.671506081,4.005435483,2.442482006,3.927686926,4.926703484,2.907888131,4.549393128,2.318151194,3.640536307,1.706576579,2.399639152
14895,0,0.166666667,0,0,0,0,0,0,0.189081134,0,0
14896,3.305698279,2.350155874,2.849820816,1.678069099,1.477873802,2.339982943,2.162639307,2.31622479,2.492860386,2.55073965,3.479857608
14897,0.771958674,1.269213711,1.02103339,0.933471342,0.918763775,0.984472601,0.983448941,0.9631531,0.574264012,0.852521417,0.877787353
14898,17.70977061,21.69499826,12.8152483,16.40076144,19.49740992,18.39905676,22.25815696,17.19951235,18.95190501,16.00384421,14.1495522
14899,3.044505071,2.87575904,2.844927151,3.174583924,3.467708305,2.937209254,1.377609081,3.47916671,2.506724885,2.584087398,3.705471552
14900,2.894054335,0.731987738,2.029777866,0.189768808,0.716515074,0.982860418,2.783160063,2.314830529,1.724031378,1.285302892,0.442310057
14903,1.557633636,1.991293185,1.630376488,2.230871484,1.647770286,1.37269677,0.993717754,0.961671244,1.148919892,1.700868893,1.307247758
14904,1.355942288,1.250600724,1.220783421,0.932688027,0.915651903,0.976877905,0.977488103,1.15916721,1.148919892,1.073656031,0.877787353
14906,1.913146917,1.48002272,1.836080783,1.682787746,1.282414035,2.349028746,2.559744066,2.12232031,1.532257773,1.263414693,1.541747922
14907,1.148423794,1.221964974,1.220783421,0.56676492,0.179977976,0.961092714,0.377624107,0,0,0.219600869,0.657552199
14908,9.315615201,0,11.3891214,0,0,3.319110107,0,1.547691539,0,2.573258472,8.713342023
14909,0,0.195187917,0,0.743374998,0.546881575,0.197909432,0,0.576807256,0,0,0.211526017
14911,12.67131874,14.85305574,10.39564199,21.18976154,18.41613618,12.16650193,11.41345917,12.18317523,13.80566513,9.415389201,7.386178544
14912,11.32525149,11.50223686,12.80809561,12.27656834,12.02971368,13.67103668,13.51716872,12.74566937,13.78730504,13.23607442,12.85462042
14913,1.358142871,1.573911294,1.627800194,2.045402369,1.984855902,1.564462613,1.181403921,2.317863096,2.500556379,1.505988991,1.741695472
14914,13.49104148,4.867290067,11.5804745,2.426162744,3.85706061,9.425957769,3.926301198,11.59897407,4.209323781,9.622721464,9.203581182
14916,0,0,0,0,0,0,0,0,0,0.209220459,0.221650513
14917,0.19766656,0,0.4011644,0,0,0,0,0,0,0,0
14918,0.772590418,1.275705034,2.243054013,2.620151593,0.729006511,1.16982398,0.393853758,0.775026624,0.770361126,1.061966134,0.220620931
14920,0.188628649,0.188312238,0,0.183790577,0.177426564,0.190314737,0.204666409,0,0,0,0
14921,6.325391427,6.475467452,7.517961515,7.627131719,7.506279697,6.496442952,5.519902474,8.511340882,5.163715968,5.753587119,5.638846254
14922,1.532518421,2.739099166,2.042920388,4.294826792,4.911643391,1.170843137,1.765502001,2.118633195,2.308807285,1.695747653,2.600230507
14923,0,0,0,0,0,0.190314737,0,0,0.189807699,0,0
14924,1.172560283,0.719399231,1.426385824,0.743702534,1.627046908,1.370065431,1.792306847,0.965175134,1.532649641,0.429906557,1.297123263
14925,4.403461965,4.677732491,4.469250691,4.846207248,4.372274651,5.094674509,5.496805857,4.648558458,5.561565924,5.128364634,6.101862601
14926,0.573733457,0.52852125,0,0,0,2.151665242,1.755213662,3.656205066,1.522162257,1.07100537,0
14929,0,0.335899076,0,0.187227304,0,0,0,0,0.189477632,0,0
14930,9.230561183,5.573281606,9.765320826,6.699268246,7.310130453,7.636097786,6.8942215,9.076580457,10.54223909,8.980405581,6.97317006
14934,6.126231174,5.938168775,4.467790136,7.267266493,7.1058908,1.755796507,4.943859652,1.7432611,1.912986973,8.555089794,5.461399124
14935,0,0,0,0.183790577,0.191623994,0,0,0,0.189206673,0,0.221650513
14936,0.973650021,1.429855898,1.013841925,1.314274543,1.48169233,1.574600273,0.785780816,1.15916721,0.764919185,1.282652232,1.307247758
14937,2.297008022,1.963975476,3.449980323,2.041965642,2.031001095,3.527378204,2.552439399,3.094414661,3.055287385,2.127850265,1.963737466
14938,1.546139776,2.511109713,0.817423112,0.553933726,1.084264092,2.34143405,2.764410475,3.281487519,2.487317417,0.864435572,1.30827734
14939,0,0,0,0,0,0,0,0.196014109,0,0,0
14940,0.572489755,0,0,0,0,0,0,0.192981542,0.189081134,0,0
14941,2.489734546,2.676261186,3.666207302,2.428667422,1.83939428,2.930583844,2.358348186,2.899778502,2.488494957,3.213726662,3.037894714
14942,0.382292267,1.221964974,0.204847479,0.937406674,1.468498966,1.749382043,0.961722187,0.964730586,1.147220315,1.289975617,0.435901686
14943,2.309060539,1.794390724,3.05558346,2.408264877,2.015256319,1.769584662,0.566811456,1.549016944,0.959838758,2.553614567,1.095721741
14944,0.384094626,0,0,0,0,0,0,0,0,0,0
14946,0.18060092,0,0,0,0,0,0.204666409,0,0,0,0
14947,3.430822125,4.624148728,3.864197519,4.836513346,5.511622534,2.947770271,4.128773578,3.095027092,2.860830741,4.301905358,3.268331591
14948,3.455283751,3.782577514,3.247430644,2.978836886,2.906909531,2.958927088,2.771428286,3.671399042,2.109480585,2.356084005,2.172224074
14950,0.560995895,0.71205671,0.408253974,0.185548766,1.305425839,0.971318748,1.590311221,0.388524329,1.350789013,1.050730843,0.851740887
14952,7.503640268,5.803751952,7.124424674,8.370195515,8.399373213,8.416742549,7.874654222,7.148639348,7.840508324,7.474372414,8.489465986
14953,0.783452533,1.083934058,1.016037833,0.559911957,1.09591011,1.174787337,0.983448941,1.15916721,0.959112193,1.282652232,1.518387999
14954,5.245980774,5.932570448,4.678286204,6.666860648,4.710381576,4.874199219,2.784967627,4.068131976,2.487647484,4.711051094,5.017465016
14955,0,0,0,0,0,0.195962267,0,0,0,0,0
14956,28.01868514,23.14569032,26.22307948,19.15081672,22.39075132,22.31694689,19.10926843,22.01679351,17.97327177,22.82370597,16.99144637
14958,0,0.169232409,0,0.935648485,1.087958399,0,0.410389791,0.192981542,0.378558767,0,0
14960,3.065595498,5.019271691,3.051142251,4.653967863,3.269714371,3.516767316,3.146055701,4.437124065,3.637084783,0.629863522,0.220620931
14961,31.45733528,25.73599251,30.53399243,29.51276211,32.80633602,31.49073036,32.44716939,28.98078446,34.81955149,32.27767814,33.04042213
14963,0,0,0,0,0,0,0,0,0,1.920469762,1.740424288
14964,6.141654889,5.829011452,7.723669018,6.141521665,6.91652081,5.480992995,6.095188198,5.601843972,5.940450127,6.209748388,6.956179894
14965,0,0,0,0,0,0,0,0,0.19524964,0,0
14966,12.67300356,9.871480212,12.80402583,9.844918124,11.72202699,7.864722294,9.457197041,7.344764429,9.004303018,11.75902249,11.52265863
14967,0,0,0,0.185548766,0,0,0,0.192981542,0.196097113,0,0
14969,0.19766656,0,0,0,0.179977976,0.38767824,1.003235976,0.384297036,0.189081134,0,0
14970,15.80724802,18.00313687,17.28434294,15.83251715,17.71937693,17.2356969,15.98037454,15.0627331,17.43086388,18.85380374,18.28115883
14971,2.289867403,3.23586943,3.865536612,4.473513871,4.757087164,2.347081581,5.539128817,3.670283636,5.372024554,2.808733642,3.283900694
14972,25.77518122,26.73155258,25.43340772,27.35317873,26.52912587,28.97469414,28.40506721,30.52859865,29.46608751,28.82034996,33.75352287
14973,0.935493954,0.542824301,0.400740471,0.558245186,0.533968441,0.576045812,0.188436758,1.734607947,0.763411578,0.219600869,0
14974,2.32432382,3.380890525,2.432714246,3.153269822,2.544263336,1.57561943,1.566776903,1.545513054,1.730074344,1.073656031,1.740462902
14975,5.169668639,3.907086238,3.448752079,5.207054958,4.19030836,1.366553181,1.742235013,1.546122123,1.533376206,0.432557217,0.217934388
14976,1.1657448,0.716366646,2.239719586,1.669665841,1.606603761,1.573240315,0.984911905,1.73912237,0.953670252,2.362290474,3.053050836
14977,0,0,0,0,0,0,0,0,0,1.273388738,2.189528493
14978,0.195465977,0.383500156,0,0.18083012,0.173732258,0,0,0,0,0,0
14979,0,0.333333333,0,0.373103606,0.357684771,0.776971437,0,0.579483837,0.189081134,0,0
14980,2.474796401,3.194063829,1.629461325,1.849982867,2.713879657,3.544564631,2.364022168,2.896937399,2.681966031,2.542603534,0.867662858
14985,0.195465977,0.543675499,1.215354978,1.313947007,0.746018404,0.780369708,0.999965447,0.775497947,0.573537448,0.211646862,0.435901686
14988,6.897504803,5.607515685,9.358245705,5.399756122,5.256997462,6.829772338,6.302531897,6.187080042,5.939903579,7.501856684,7.849653319
14989,0.587354812,0.888746141,0.203084457,0.551927652,0.173732258,0,0.188436758,0.384297036,0,0,0
14990,0,0,0,0,0,0,0.198705571,0,0,0,0
14993,0.757093616,0.354512062,0.410025953,0.559911957,0.531136799,0.778918602,0.58853821,0.383286503,0.385574746,0.208996201,0
14995,0,0,0,0,0,0.396887892,0,2.903685827,0.385904812,0,0
14996,0.18060092,0,0,0,0,0,0,0,0,0.429906557,0
14997,0.382292267,0,0.204745588,0,0,0,0,0,0,0.862688032,1.749519202
14998,1.522848766,2.029722699,1.42396977,1.855590735,1.077738143,0.9805284,1.9646648,2.898645565,1.924989288,2.354063968,10.43776711
14999,0,0,0,0,0,0,0,0.385491762,0,0,0
15000,0.201691347,0,0,0.189768808,0,0,0,0,0,0,0.224375669
15001,0,0,0,0,0,0,0,0.190304961,0,0,0
15002,3.831350648,2.841765167,3.651502333,2.616259088,2.90449952,2.938724469,3.168839428,2.89882879,3.067353437,2.783788417,2.609083818
15003,0.958784964,0,0.801904871,0.744656918,0.551860177,0,0.393853758,0,0,0,0
15004,2.112025723,2.880391668,1.835656854,2.049494168,2.743960626,1.946111243,2.152624804,2.510844639,2.108236613,0.430130815,0.438555319
15005,0.18060092,0,0,0,0,0,0,0,0,0,0
15007,0,0,0,0,0.19289111,0,0,0,0,0,0
15009,0.384094626,0.195187917,0.410449883,0,0.723041023,0.199906468,0.39416014,0.386345844,0.378287808,0,0.435901686
15011,0.19766656,0.195187917,0.203084457,0,0,0,0,0.19251022,0.378684306,0,0.224375669
15013,0,0,0,0,0,0,0,0,0,0.212277485,0
15014,0.977116151,0.335899076,0,0.18083012,0,0.583640508,1.008909958,5.790823528,3.445833215,2.994756416,5.023648267
15016,0,0,0,0,0.369050558,0,0,0,0,0,0
15017,6.365446845,5.413957461,4.483862726,5.400175076,6.768227545,6.24656378,8.261848624,7.331481515,8.605176431,3.225010193,2.379609576
15018,0,2.363056033,0,1.860181139,2.014393655,0.588130637,1.566776903,1.743009019,1.527478659,0.642894593,0
15019,4.379283845,3.930590504,4.88177502,2.607283575,3.84569746,3.932902779,3.338526598,3.86688004,3.261876512,2.791467901,1.954256776
15020,10.91941285,10.12576868,11.59243496,6.311612082,6.927921019,12.51112658,12.02505495,12.16860176,13.95756448,10.23236073,8.042812426
15021,14.74275035,20.03000737,12.82083377,18.7661415,17.48102531,19.77867244,24.26481616,21.8199428,17.81656417,13.03825957,9.58893676
15022,0.958784964,1.943929947,0.806999112,2.963571941,3.445415607,1.564030663,4.16959452,1.940217854,1.539214645,3.857220191,1.085597246
15023,0,0.533652735,0,0.368057424,1.098461521,0,0.590345774,0,0.95269724,0,0
15025,0.39533312,1.07822123,0.407830045,1.301571592,1.073919615,0.38767824,1.361053521,0.380609921,1.338668483,0,0
15027,0.19766656,2.495062469,0.80576191,2.796328228,2.196940287,0.971703602,0.776974968,0.384297036,0.573662987,0,0.224375669
15030,3.097526196,0.335899076,0.819720912,0.37277607,1.258276581,0.968214182,0.789051345,1.158156676,1.141302888,0.633144806,0.224375669
15031,0,0,0.203508386,0,0,0,0,0,0,0,0
15032,0.403382695,0,0.402401602,0,0,0,0,0,0,0,0
15033,37.7386973,29.39685199,39.62606609,21.95075731,29.68897493,29.35176717,23.99084855,22.61048437,19.91584804,23.91361301,33.91370877
15034,13.11665003,11.87578806,14.66631089,14.49114957,14.80748873,13.50604899,13.19540692,13.32528485,12.81499311,12.38447735,14.82276263
15035,0,0,0.206941496,0,0,0.197909432,0,0.388524329,0,0,0
15037,5.211540827,5.95325032,4.275652292,7.058418041,6.743934083,6.824556757,8.419140015,9.649703995,11.69820493,5.729545015,3.687886917
15038,1.715246836,1.442444404,1.837741914,1.859853603,2.180174202,2.543066679,3.518888572,2.897818257,2.681840492,2.979560978,2.608054236
15039,0,0.521178729,0,0.364620697,0.173732258,0,0.204666409,0.193364302,0,0,0.217934388
15041,0,0,0,0,0,0,0,0,0,0,1.285303194
15050,0.19766656,0.169232409,0,0,0,0,0,0,0,0.64046819,0.43551591
15051,2.458415806,2.302399603,1.42510508,0.931884222,1.089664391,0.969371583,0.976450656,0.961958374,0.952221754,0.632920548,0
15052,8.321683572,8.319795834,8.959599251,8.35362055,8.019980814,7.267634228,7.86353521,7.725924993,6.703837194,7.236533217,6.526500073
15054,15.11474104,13.17398986,17.48821691,12.28176325,13.50690009,15.66317365,15.36145458,13.51570415,14.53892346,13.49019429,13.95023203
15055,0,0.166666667,0,0,0,0,0.205723382,0.19251022,0.384727272,0,0
15056,0.195465977,0.354512062,0,1.117701364,0.744751287,0,0,0.196014109,0.580427888,0,0
15057,5.735507579,3.639996621,7.538824531,5.028331054,5.323990256,4.697102443,3.325241566,5.790022994,4.033627029,2.770613017,2.175554421
15058,0.384094626,0.335899076,0,0.562416636,0,0.197909432,0,0.19251022,0.189477632,0.209220459,0.211140241
15059,2.856741686,3.244459652,2.457941899,4.107690905,4.543299489,3.530937551,4.145615157,3.668051603,4.21043489,0.852745675,1.747218436
15060,1.923753666,3.12003358,2.442804043,4.264702244,4.181374558,2.737798844,2.945829422,2.121536086,1.905825575,4.282261453,3.709573452
15062,0,0,0,0,0,0,0,0,0.385303787,0,0
15063,9.416704488,16.35226746,10.15991826,15.440852,16.01861605,17.02399654,22.13557748,25.29564143,25.49270051,22.24749104,19.38250666
15064,2.302835169,0.38046757,2.242237532,0,0.173732258,1.159002146,0,0.778530514,0,0.643525216,0
15065,0.19766656,3.063842277,0,1.870470828,3.088313269,0.199906468,2.55601631,0.970344105,3.073517312,0.642894593,4.129128778
15066,13.60905823,18.15346554,9.367833654,10.39988588,13.10308737,8.429400343,16.54314535,12.53399093,20.10726706,30.15333747,22.24013624
15067,0,0.697753659,0.197656014,0,0.369050558,0.586183472,0.789051345,0.582516405,0.568366466,1.280001572,0.65613684
15068,1.939272313,2.517248693,2.243910828,2.047488094,1.819938019,1.36650331,1.559759092,2.710772172,2.488043981,1.286339881,2.829132467
15069,0,0,0,0,0.177426564,0,0,0,0,0,0
15071,0,0.179255173,0,0.55360619,1.279862623,0.200925625,0,0,0.378684306,0,0
15072,1.150226154,5.023892173,1.204306473,3.531568344,4.186930799,4.096845703,6.07852001,5.611841235,8.994476353,14.3092337,14.55911078
15073,9.381087066,13.31373532,9.555892762,11.32518552,12.08878912,8.226859762,10.68780958,6.753820177,10.32161531,8.546867352,10.0156942
15075,1.13898766,1.067886814,1.015935942,1.116478605,0.179977976,0,0,0,0,0.211646862,0.642901412
15077,0.19766656,0,0,0,0,0,0,0,0,0,0
15078,0.195465977,1.401220147,0.204745588,6.12920541,5.517746667,0.578538906,0,1.157685354,0,3.826068497,0.432790753
15079,0,0,0,0,0,0,0,0.19251022,0.189477632,0,0
15081,0,0,0,0,0,0,0,0,0,0.219600869,0
15083,4.22888435,4.732676092,4.278782935,3.908891992,4.021115829,4.330604701,3.915606867,4.637051598,3.824554589,3.217462551,2.617182059
15088,2.084078182,3.072235348,1.833359054,2.952852728,3.29680769,2.531748787,2.322292447,3.091496427,2.285502774,0.211646862,0.442310057
15089,3.065036841,3.433124233,4.286407287,4.093557301,3.097670861,3.113824209,2.167066417,2.71083396,2.284780839,1.904786004,1.720819103
15090,1.498131774,1.945124647,0.615297362,1.852673104,1.264522299,3.503067535,3.546463535,3.663422846,2.475381534,0.639351274,0.647041927
15091,2.337386518,3.220133837,2.841781492,2.983056927,3.275097425,3.118951416,2.740876157,2.319188502,2.292122255,1.926225688,0.878173129
15092,0.190197488,0,0,0,0.180258207,0,0,0,0,0,0
15093,1.358754829,1.800767547,2.040724479,1.485838439,1.25799635,0.788510333,0.606881807,1.547691539,0.959713219,3.647593366,3.277426504
15094,1.139385883,1.617701293,2.242673627,1.673082077,3.481484103,1.175333266,1.761754719,1.941856161,3.256951978,3.201860748,3.043603055
15095,0.954128432,2.337100525,0.197656014,1.302027371,1.480425213,2.346176403,2.936617583,4.252371802,3.250788103,2.997182819,3.050397203
15096,8.449146589,8.606151391,9.777736594,10.57878218,6.727043776,9.010570588,9.632864575,11.58186533,11.66069771,7.273248266,9.781462784
15097,0,0,0,0.189768808,0,0,0.189187349,0,0,0,0
15098,12.88518694,7.026724421,14.44702798,6.883117983,6.396486745,4.902706312,3.1393638,3.284520086,3.826020498,4.073091261,3.479818994
15100,5.353028798,5.40672944,5.886830103,6.507845958,6.189539672,5.885093503,5.172830496,3.865440301,4.393022083,6.824864987,6.506509112
15101,0,0,0,0,0,0,0.394140614,0.196014109,0.384456313,0.208996201,0.217934388
15102,0.201691347,0,0,0,0,0,0,0,0,0,0
15103,0,0.185279653,0,0,0.179977976,0.190314737,0,0,0,0,0
15104,0.775983461,0.854512062,0.407931937,1.851242451,1.786581737,2.155013643,0.599863996,2.121910775,0.574384921,0,0
15105,0,0,0.411687084,0,0,0,0,0,0,0,0
15107,0,0,0,0,0,0.189768808,0,0.19251022,0,0,0
15109,8.091462122,5.202369957,8.13768243,5.582848801,5.467904531,7.851912017,7.087848978,7.34537686,6.122369863,6.650982653,7.81127902
15111,6.905049022,9.604250901,9.554129739,11.16889833,10.90375432,7.241345174,7.301901455,8.118669548,8.042811234,5.370981081,1.525182147
15112,0,0.565747224,0,0.743702534,0.922177852,0.38767824,0.787994371,0.192981542,0.384330774,0.211646862,0
15113,0.201691347,0,0,0,0,0.195962267,0,0,0.189807699,0,0
15118,1.344448429,1.047955786,0.812529447,0,0,0,0,0,0,0,0
15121,1.753077767,1.470851154,1.622371751,2.231219511,2.198065938,1.965001,1.17263629,2.509293928,1.918704503,2.132747247,2.168469335
15122,0,0.195187917,0.395312028,0.189768808,0.179977976,0,0.394140614,0,0,0.420867321,0
15123,12.95549761,11.24875555,14.64002584,11.34231641,10.44101619,12.35552246,11.65535743,9.840314586,9.39322826,14.13303658,13.95705908
15124,6.13985253,4.85575211,4.900043518,4.650181265,2.908474057,3.722271444,2.164833335,3.099856387,3.055141965,4.493422022,5.217742118
15125,17.39199727,20.969885,17.14722141,18.59168503,18.16661129,14.3216237,14.76281611,19.12479877,19.91474156,20.7312559,18.53349093
15127,0.564695546,2.567799871,0.816084019,2.23167529,3.615753125,6.845801364,5.717145081,7.725333237,4.98151795,0,0
15129,3.461509121,2.355132168,3.056338383,4.080762933,3.842124739,3.906148887,3.51414206,4.454749608,2.304129199,1.703295295,1.089280461
15130,8.83968459,6.837166681,7.740253606,5.582335707,5.305538059,6.077355405,4.327766005,3.666577817,4.026190041,6.382740091,5.673987633
15131,8.649720622,6.734974342,6.097745903,7.822539455,8.373983184,4.71942467,5.510364725,5.214303402,7.064245022,4.258443607,3.46662218
15132,3.441264172,2.321167781,3.278315843,2.236265693,2.355049355,1.945092087,0.770727274,1.350954026,0.378558767,2.344618366,0.429460406
15133,3.257690278,5.898846266,3.049150126,8.376635526,9.413354658,5.877448937,5.112763685,5.605331553,4.583527205,3.20882968,5.213101973
15134,0,0,0,0,0,0,0,0.192981542,0,0,0
15135,0.190197488,0.541109757,0.203508386,0.183790577,0.735673926,0.59674449,0,0.19251022,0,0.212277485,0.217934388
15136,0.188628649,0.550166822,0,0,0,0,0,0.19251022,0,0,0
15137,33.99389057,26.0674241,37.65507051,20.39635621,21.69038811,23.08709057,18.92262706,20.88247593,19.6675292,27.74718497,41.54469508
15139,0,0,0,0,0,0.195962267,0,0,0,0,0
15140,0.962156162,0.722079474,1.010083569,1.485817948,0.907980423,0,0.188436758,0,0,1.282245866,0.657166422
15142,2.086278764,1.090425381,1.42948794,0.742919219,1.276168316,0.791526525,0.787994371,0.965802907,0.379285331,0.432557217,1.070446828
15143,0.390931954,0.729421996,0.402401602,0.746335456,0.534831105,0.197909432,0.195435043,0.771994057,0.966002633,0.209220459,0.444996599
15144,0,0,0,0,0,0,0,0,0,0.220910356,0
15146,0.568464967,1.244109402,0.614771541,2.603100358,2.738421564,2.551519456,1.396339143,1.935047916,1.522763283,0.208996201,0
15148,4.587273649,5.75860195,4.260644856,5.384485176,4.731104954,4.713621678,5.922655181,3.676391854,2.297509718,4.037533251,4.571471744
15150,0.587354812,2.091631285,0.203084457,1.301072987,1.082996976,0.200925625,0.602077551,1.550410237,4.39471703,0.428821328,1.746832659
15151,1.33665422,0.552847065,2.643181787,0,0.725592435,4.513031036,3.178377177,5.409160993,4.418263359,7.047929248,7.654715264
15154,0.390931954,0.729421996,0.60714719,0.746335456,0.727722216,0.197909432,0.383871801,1.162000242,1.155810332,0.630718403,0.669372268
15155,2.086278764,1.090425381,1.42948794,0.742919219,1.276168316,0.791526525,0.787994371,0.965802907,0.379285331,0.432557217,1.070446828
15156,13.8718149,13.54086143,12.20346031,13.55863261,12.4361096,8.787358369,10.35886627,7.540395778,8.042493724,17.29745353,14.80777039
15157,0.387864048,0.690411138,0,1.485817948,0.180258207,0.397815901,0.198705571,0,0,0,0
15158,4.62444138,4.103706697,3.044253252,4.47013446,3.642583458,4.486382734,4.318978847,5.397088147,5.560442861,4.086084554,1.942855392
15159,11.62147365,11.49563214,9.14607634,14.87242488,12.16870304,14.25714745,11.97091075,16.80454622,15.70298911,8.974379194,2.40941078
15160,2.270904471,2.922778776,3.253181125,3.159703831,3.654353697,2.746894517,2.927849951,3.477439841,3.257553004,2.353657603,3.270632357
15161,7.478404041,7.610191472,6.493989457,9.113838889,7.991164259,8.193808159,9.213975318,9.266643802,10.9262744,8.572941982,9.570009418
15162,0,0.185279653,0,0,0,0,0,0,0,0,0
15163,0,0,0.197656014,0,0,0,0,0.770642881,0,0,0
15165,0.201691347,0,0,0,0,0.200925625,0,0.776352029,0.196097113,0.853424538,1.321126992
15167,77.88481083,72.15286308,76.4837302,67.70720423,67.29115775,75.90262191,73.83269625,71.49065189,75.61498957,74.1825205,73.58079243
15168,1.553608848,1.083934058,1.830126519,1.302027371,0.533968441,1.564462613,0.38789292,1.352148752,0.384330774,1.073656031,0.868692439
15169,1.338223059,1.287826698,1.422528785,2.047735979,1.464960668,2.13851139,0.966162317,1.352331977,0.384456313,0.850773878,0.647041927
15170,0,0.195187917,0,0.366378886,0.191623994,0.189768808,0.188436758,0,0,0.219600869,0
15171,0.370798408,0.185279653,0.615195471,0.183790577,0,0.397815901,0.205723382,0.193364302,0.196097113,0,0
15175,2.104051295,2.349107688,1.21682449,3.716270478,1.997364583,3.131647713,3.344336591,3.477501629,5.164376102,1.270738078,1.307633535
15176,30.35303041,35.68875619,33.14500211,43.91856141,41.87452322,31.68350828,32.30690843,41.73105055,39.42926653,20.08555413,21.77446626
15178,0.580517484,0.550166822,1.22464046,0.185548766,0.922177852,0.400832093,0.404428953,0.196014109,0.189081134,0.220910356,0
15179,20.7560801,14.49399925,22.39499337,14.5082068,13.02002715,18.43218506,17.73598769,21.63716835,21.0775341,17.06161985,13.27590423
15180,12.63287711,11.12821992,14.66908941,13.94885653,14.76162377,14.46627781,16.32570972,12.94363665,12.44988515,11.98609717,13.0815725
15183,0.761730362,2.711044759,0.407830045,2.040683723,2.738421564,1.179750694,2.927524042,1.931387576,3.641223645,1.712334532,3.077440341
15184,2.30911384,1.806013532,1.818366634,2.223043647,3.408386992,3.539169324,4.73888686,2.125169652,4.021871163,5.977871175,4.983594821
15186,1.329816892,1.47990822,2.046254814,1.116934383,0.904286116,3.144278467,3.530984475,2.514375303,3.061702338,0.428597071,1.095721741
15187,0.19766656,0.525177013,0,0.189768808,0.726735329,0.773955245,0.99191019,1.358711983,1.919155479,0.211646862,1.088250879
15188,1.133160513,0.361854584,1.012604723,0.373559385,0.177426564,0.200925625,0,0.190304961,0,0.431878354,1.08931337
15189,0,0.166666667,0,0,0,0,0,0.775880707,0,0,0
15190,0,0.188312238,0,0,0.372869087,0.197909432,0,0.192981542,0,0,0
15192,6.52804503,6.532976796,6.95129389,7.432424481,6.138973636,6.675216018,8.644820804,9.46476511,8.044075086,6.835247425,7.192800022
15193,0.768189253,0.559608243,1.21954622,1.866578323,1.462533478,2.753805039,2.331810669,3.665742439,2.304129199,0.641553419,1.301192254
15194,0.18060092,0.357544647,0.206941496,0,0.711395006,0.189768808,0,0,0.391346753,0.632920548,0
15195,5.141645951,8.230300954,6.917027513,9.294782762,9.998727124,8.029546129,7.858444098,7.15553179,8.049208777,4.485916529,3.449703538
15196,0,0,0,0.560330911,0.173732258,0,0,0,0,0.440511225,0
15197,0.572723275,1.60779303,0.402401602,1.306666366,0.902738769,1.560518413,1.563049147,1.356218627,1.724302337,1.073431773,1.73900893
15198,5.556213838,5.627799055,7.335164862,10.0679976,9.486486126,8.813909909,7.679061827,7.913944407,8.223974438,9.436070095,9.389622294
15199,0,0.166666667,0,0,0,0.189768808,0,0,0,0,0
15200,0.998206579,1.257476403,0.810757468,1.851242451,2.006722175,1.963549894,1.38607033,1.345340507,1.545979545,0.641777676,0.439584901
15201,0.753324195,1.969647613,1.4256309,1.301620184,1.987283092,1.365102074,1.171866172,1.538295275,1.534950244,1.704150176,1.096107517
15202,0,0.169232409,0,0,0.180258207,0,0,0,0,0,0
15206,7.115703134,5.364726688,7.140576377,4.640347354,4.029788737,3.721179586,4.737443422,5.027597961,4.576661276,7.034037206,3.920472091
15207,0.963421709,2.338929569,0.410449883,1.685748203,2.173928483,0.785494141,1.375375999,2.315641528,1.338126566,0.421497944,0.221650513
15208,0.393132537,0.354512062,0.197656014,0.376996112,0.3718822,0.388224169,0.384622391,0.190304961,0.189807699,0.212277485,0.211526017
15209,0.571532874,1.272360797,0.615195471,0.737396768,0.537382517,0.784092905,0.393103167,1.932260363,1.161978838,0.423924347,0.432790753
15210,0.201691347,0.731987738,0,0.373559385,0.550295651,0.594797325,0.78205306,1.160177743,0.378888833,0,0
15211,5.219041355,6.161992443,7.127477398,8.385175751,6.784235308,6.059982298,6.84284489,5.220311113,5.364011051,4.043291204,7.186963934
15212,4.088263703,2.861311839,2.848583615,4.459936188,2.738701794,3.897485164,3.342547717,3.479550437,1.727899281,0.440511225,0.43551591
15214,0,0,0,0.183790577,0.180258207,0,0,0,0,0,0
15215,0,0,0,0,0,0,0,0,0,0,0.217934388
15218,21.17727898,18.79883882,21.93997779,18.44310921,20.20257645,20.91915246,22.50314871,20.67733591,20.49939486,26.93930866,28.08267337
15220,0,0,0,0,0,0,0,0.581888631,0.379615398,0,0
15221,2.88043298,2.707659831,1.017275035,2.608730562,2.352795351,2.155559572,1.798248158,2.319571262,2.109088717,1.939176831,1.099823642
15222,0.766386893,0,0,0,0,0.189768808,0.188436758,0,0.580427888,0.208996201,0
15223,2.691709398,5.484995816,2.236007982,5.410829127,3.839590505,2.718119323,3.752186918,4.44220544,4.980862447,1.069471627,0.867662858
15224,0.370798408,0,0.406592844,0.187227304,0.353990465,0,0,0,0,0,0
15225,0,0,0,0,0,0,0,0,0,0,0.211526017
15226,0,0,0,0,0,0,0.400101451,0,0,0,0
15227,0.188628649,0.195187917,1.628613466,0.556147694,0,0.77200808,0.78130247,1.927856912,0.763741645,0.440511225,0.666647112
15228,12.51143107,17.73728703,14.84215444,18.98190047,18.44535657,14.6811797,15.12209662,11.20712908,10.70484507,37.82312229,38.561263
15230,0,0.361854584,0.204745588,0,0,0,0,0,0,0,0.444996599
15232,0,0,0.197656014,0,0,0,0,0,0,0,0
15233,0.195465977,0.166666667,0.60601188,0,0,0,0,0.192981542,0,0,0
15235,0.961240912,1.995488621,1.830661297,1.684118257,0.726859552,0.398835057,0.977488103,0.968207701,0.958139181,1.071684234,1.50822489
15236,0,0,0,0,0,0.197909432,0,0,0,0,0
15238,0.195465977,0,0.407830045,0,0.173732258,0,0.592865711,0.578856064,1.148919892,0,0
15239,1.373007928,0.725538212,0.82004295,1.117701364,0.551860177,1.762463194,0.195435043,3.088950525,1.333411189,0.209220459,0.220620931
15240,0.201691347,0.521645572,0,0.375317574,0.537662748,1.958669296,2.537266722,1.916317177,1.912907985,1.723387715,1.069708185
15241,0.18060092,0.512588507,0,0,0.366623368,0,0,0,0,0,0
15244,0,0,0,0.189313029,0.354853129,0,0,0,0.189807699,0,0
15245,0.370798408,0.179255173,0,0,0,0,0,0.193364302,0,0,0
15246,0.190197488,0,0,0,0,0.189768808,0,0.586020294,0,0,0
15247,0.201691347,0.166666667,0,0,0.179977976,0,0,0.960476518,0.196097113,0,0
15248,1.730111894,0.888746141,1.626850444,2.046148859,1.110107539,2.755370124,2.715108758,2.322561712,2.662817569,0.219600869,0
15251,0,0,0,0,0,0,0,0.192981542,0.196097113,0,0
15252,0.970278823,0.354978905,0.810655576,0.943256661,0.56449308,0.583640508,0.976737512,0.965557894,0.774830054,0.432557217,0.874071229
15253,0.382292267,0.37444309,0.804905095,1.866250787,0.360236183,0.386277004,0.583347489,0.969961345,1.906493031,0,0
15254,15.83122076,7.920789251,11.18622307,9.84580158,8.384015711,13.67060473,10.03141277,13.13747325,9.959348601,8.561772093,8.092676114
15255,0.382292267,0.333333333,0,0,0,0,0,0,0,0,0
15256,0.969625234,0.728955153,1.424291807,1.670084795,1.076751257,1.174787337,1.969398292,2.125352877,2.297839785,0.850773878,1.08287209
15257,40.32649132,39.09414646,42.08744622,36.43187499,35.51818544,41.49552913,36.94993508,35.15222622,39.82798637,34.60810472,31.36104151
15258,10.56124208,6.878472484,10.37142243,7.807386418,6.529491353,9.222286827,7.726033505,8.493995197,6.313027729,7.697206327,6.076977183
15259,5.196940746,5.244029044,5.283441269,4.463281497,4.576828957,6.07189599,5.121701687,5.409333753,5.366912679,6.420584545,5.443209297
15262,4.020967633,2.007962627,4.468344484,4.087251535,2.936851737,4.106822288,1.371628717,2.70405249,2.291341213,3.207712764,2.395537251
15263,0,0,0,0,0,0,0,0,0,0,0.220620931
15264,0.956025724,3.037648927,0.402503493,2.23893544,0.531136799,3.711499481,1.766539448,3.674082691,1.332955584,0.429906557,0
15265,19.11014005,19.8677642,18.94446932,21.94268291,20.49709829,16.79999313,19.68790846,17.97005032,19.50684324,19.64298479,21.56364987
15267,0,0,0,0,0,0.200925625,0,0,0,0,0
15269,0.574292114,0,0.819619021,0.739482493,0.542782816,0.390694432,0.377624107,0.773292688,0.769634561,0.212277485,0.211140241
15270,6.306832094,2.518537084,5.085404869,3.531183492,2.540832082,0.971914548,1.380860083,1.15916721,1.143147885,0,0
15272,0.18060092,0.185279653,0,0,0,0,0,0,0.189807699,0,0.651110918
15273,6.17025602,8.975973058,8.14571114,10.81979219,7.331116883,5.107030209,5.702065504,6.576073724,8.053574206,5.556148973,8.026273855
15275,5.027855531,5.944889099,3.469077109,5.782323278,5.480693442,4.884289783,3.933605865,5.604076006,5.94009555,5.124626718,5.020190172
15276,11.05909308,15.32537243,10.97977566,19.3401608,20.02896841,18.41480193,19.05342649,17.17970732,17.98911958,29.9096422,20.88347639
15277,5.953424463,6.140005569,5.307966498,5.956927282,4.865093745,4.683029175,2.957905799,4.830818332,4.405145306,2.586337783,3.71124684
15278,0,0,0,0,0.179977976,0,0,0,0,0,0
15279,0,0,0,0,0,0.195962267,0,0,0,0,0
15280,2.690395926,1.991178685,2.642981212,2.422270238,2.194651861,2.537892376,1.771462839,1.354013368,1.724302337,1.922409872,1.316728448
15283,0,0.188312238,0,0,0,0.401851249,0,0,0,0,0
15284,0.188628649,0,0,0,0,0,0,0,0,0,0
15285,24.05684464,25.41382509,25.45609821,25.32277598,28.09869622,33.43729916,33.48154869,34.55994126,37.35358054,22.69627904,20.28449701
15286,5.759994366,4.667792213,7.121395923,3.72179293,5.084673722,4.287022195,4.125483523,4.63896266,5.170005383,6.826622989,6.112157175
15287,4.033653953,3.604329837,3.473122916,2.948293384,5.119611773,3.912586181,2.746836995,1.538923048,2.671929623,4.890685292,4.786680976
15291,0,0.166666667,0,0,0,0,0.377624107,0.582333179,1.154236294,0,0
15292,0.574292114,0.568779809,0.408253974,0.37277607,0.372869087,0.200925625,0.598826549,0.576650805,0,0.861154288,0.221650513
15293,13.01121974,13.42206999,10.97738492,11.49458404,11.27792488,9.175917522,6.873990257,7.731423175,7.8579945,1.053157245,1.740077126
15294,1.924407256,1.073911294,1.825032278,1.484059759,1.124007559,0.787109097,0.394910731,0.580311145,0.379014372,0.641553419,0.885611082
15298,1.528420546,1.960164396,0.4011644,0.932688027,0.553127294,0.974880869,0.970470292,1.156134642,1.919882043,1.283961719,0.85442743
15299,3.470780552,1.982588462,3.252859087,1.863617866,2.236542287,3.331194932,1.579278798,1.165886892,0.580427888,1.705945955,1.963698852
15300,8.274676107,5.907196283,9.952720485,7.277079914,6.9482227,9.555559058,7.269612525,9.070865208,6.311847495,10.22957784,8.522030959
15302,0.18060092,0.888746141,0.203508386,1.681029557,2.154769631,0.389675276,1.203018047,0.578856064,0.952221754,0.219600869,0.43317653
15303,11.93389083,9.796319126,10.9742303,9.471264598,11.65249732,13.14238772,11.92683798,14.85984993,14.36124361,8.336125638,8.957284263
15304,0.598848672,0,0.204847479,0,0.177426564,0.389675276,0.188436758,0.193364302,0,0,0
15306,3.853684777,2.729305403,4.270938437,4.276849274,2.885043259,3.905464713,3.701422236,2.512170044,4.594706557,7.490280429,8.669213882
15307,3.803422892,2.155933656,2.835641668,1.297308724,1.437974327,3.313210353,0.980758631,1.348399849,2.100890568,0.431247731,0
15309,7.698963388,10.74704101,8.135992771,14.89335229,14.79385176,7.836761129,9.221823802,9.842230524,12.64356076,4.483672235,4.965757862
15310,13.26744775,6.964977845,9.750040386,6.135044829,5.799322067,7.026451668,6.116495941,6.568684187,5.005076233,11.56923214,8.905338096
15312,0,0,0,0,0,0,0,0,0,0.220910356,0
15314,0.376066897,0.710342166,0.204745588,0.374861795,0.724027909,0,0,0.196014109,0.189206673,0.421497944,0.224375669
15316,0,0,0,0,0,0,0,0,0,0.420867321,0
15317,0,0,0,0,0,0.38767824,0,0.386502295,0.196097113,0,0
15320,0,0.166666667,0.204745588,0.560786689,0.925009494,0.3938717,0.205723382,0.19251022,0.19524964,0,0.432790753
15321,0.190197488,0,0.203508386,0,0,0.59679436,0.404428953,0,0.189477632,0.211646862,0
15322,5.03403927,4.872962204,6.113693822,5.969550582,5.671759612,4.689011689,3.543905381,4.24130949,3.636441837,2.337294982,3.722423104
15324,0.385663465,0.578688073,0.400740471,0.370598928,0,0.598741525,0.986719469,0.77246538,0.952672729,0,0
15325,3.073698374,3.01670804,1.623185023,5.937291717,5.983857014,2.933215182,2.921889113,4.233735725,5.537162861,1.474655189,2.595842686
15326,0,0,0,0.189313029,0,0,0,0.19251022,0,0,0
15327,0.190197488,0.166666667,0.197656014,0,0,0,0,0,0,0.219600869,0
15328,4.794558622,3.900210559,3.46302991,5.94831613,6.320942629,8.982747668,8.285005796,7.915862536,9.351271986,6.817409762,8.267535257
15329,0,0,0,0,0,0.195962267,0,0,0,0,0
15330,0.376066897,0.550166822,0.402503493,0.366378886,0.537662748,0,0,0.389378412,0,0.862009169,0
15333,0,0.550166822,0,0.18083012,0.365356251,0,0.205723382,0,0.19524964,0,0
15334,5.419185709,2.092285332,3.252454729,3.156230279,2.580434082,3.921773002,1.739428219,7.347927675,1.907490555,0,0
15335,0,0.333333333,0,0,0,0,0,0,0,0,0
15336,0.195465977,0.169232409,0.203084457,0,0.180258207,0,0,0,0,0,0
15337,17.17152653,19.48959252,18.28378977,17.6829072,17.75044749,21.34044668,21.05217212,20.27040518,20.66837573,14.53903287,13.70569532
15338,1.154250941,0.515154249,0.204847479,0,0.173732258,0.577992977,0.771764721,0.19251022,0.764589118,0.850773878,0.65613684
15339,0.980487349,2.00854397,1.004989328,2.79926635,2.561151007,2.336470693,2.764716858,2.125824199,2.474985036,2.14380652,0.87510081
15340,0.973650021,1.771779453,0.410449883,1.67600571,1.081712681,1.186872163,0.987776443,0.388524329,0.782693507,0.219600869,0.224375669
15341,0.954760176,0.333333333,0.204745588,0.93645229,0.705149287,0,0.204666409,0.38281518,0.384330774,0.873068443,2.185387978
15342,1.741605753,0,1.623812735,0.749224986,0,0,0,0,0,0,0
15343,0.190197488,0.179255173,0.203084457,0.373103606,0.173732258,0.767761785,0.394910731,0.581034549,0.769634561,0,0
15344,0.403382695,0.166666667,0,0,0,0,0,0,0,0,0
15345,0.771958674,0.364420326,1.015935942,0.9292513,0.550575882,1.174787337,1.182154512,0.966185667,1.148919892,0.864435572,1.086626828
15346,5.206845981,5.603349899,4.879378536,7.806910148,7.66485936,6.857725114,7.457592056,6.960329646,5.938851578,9.000229567,7.188620894
15347,6.508987166,6.490589688,7.918324808,7.258746759,8.90753263,5.885589562,5.316405666,3.8704983,4.411643878,5.335869241,6.078078288
15348,2.870741479,4.316656402,3.264610016,6.494550262,8.515891899,3.138085008,2.766047668,3.290072785,2.884766244,5.756654607,3.707877878
15349,0,0,0,0,0,0,0,0,0,2.996552195,0.217934388
15350,1.516011438,2.548335686,2.024027385,3.538728352,2.756313299,1.56548177,2.731357935,3.273818125,4.589060088,0.439201739,1.094692159
15351,32.6006083,39.6507895,33.75518292,40.57392082,39.42332844,35.77992073,38.64715013,36.50556143,38.71674826,40.39735235,40.93045144
15352,1.167313639,1.074876993,0.4011644,1.489582211,0.721476497,0.973861713,0.778782532,0.770642881,0.574264012,0,0
15353,0,0,0,0.18083012,0,0,0,0,0,0,0
15354,0.768587476,1.791710482,1.822412441,1.681109208,2.174932548,0.780915637,3.340453297,2.121125584,2.096362532,1.274698224,0
15355,6.327774288,9.434576843,7.127032347,8.00718843,8.201101685,11.55224331,11.62863001,10.99960201,11.28213894,15.16197937,15.70435475
15357,5.969628155,8.392382501,6.512229428,6.509473181,6.723220452,6.2743867,7.107362177,6.564070737,6.124611357,7.701847364,7.188693545
15358,0.574292114,0.166666667,0.409593067,0,0,0.787059226,0.195435043,0,0,0,0
15361,0,0.188312238,0.408355866,0.185548766,0,0,0,0,0,0,0
15362,1.323358001,1.794276224,1.431059344,2.615475773,1.276168316,1.962530737,2.372077425,2.515830384,1.729473319,1.076713057,1.304522602
15363,1.334851861,1.0864998,1.220783421,0.9292513,1.449620344,1.184379069,0.993717754,1.544658971,1.148919892,1.282652232,0.864590539
15365,0.958784964,0.354512062,1.220783421,0.744121488,0,1.370749605,0.198705571,1.15916721,0.385057339,0.432557217,0.851740887
15366,52.37251733,46.92341156,55.32885773,43.35102951,42.7489328,47.55022753,48.7223934,45.77806767,44.96752501,47.4047622,49.50197787
15367,5.565793936,4.656481058,6.921874995,4.843714336,6.026151892,5.296325789,8.262141987,4.053769674,5.359817712,7.465525747,4.588776163
15368,10.36417322,8.39810417,11.78473781,13.60205405,13.14710272,12.71312401,12.04044372,7.151104962,6.333341778,4.721008587,4.135994449
15371,0.956584381,1.774345196,1.831697923,2.610451926,1.451184869,1.561919649,1.964958163,2.124996891,2.682296098,2.132084936,1.511946719
15372,0.580517484,0.185279653,0.611338431,1.111759958,1.081712681,0.778372673,0.970183436,1.355590854,1.346465505,0.219600869,0.65379746
15374,5.339688889,7.125361217,4.875419606,5.204522178,3.478194249,2.942970763,4.154521451,3.476778225,3.818553543,4.479129705,3.063632631
15375,0.740027976,0.748034982,0.812953376,1.301528766,0.922177852,0.598741525,1.182154512,0.773292688,0.770361126,0.212277485,0.442310057
15377,0.190197488,0.728955153,0.402503493,0.368057424,0,0.189768808,0,0,0,0.432557217,0
15378,0,0,0.609343098,0,0,0.189768808,0,0,0.196097113,0,0
15380,0.770714972,0,0.604248857,0,0,0.195962267,0,0.773292688,0,0,0
15381,1.924662622,5.016508797,3.470543414,5.761025509,5.991387027,3.321871302,3.348318657,4.049611236,4.803904536,1.280680435,1.757986736
15382,0,0,0,0.18083012,0,0,0,0,0,0.433187841,0
15384,1.759324983,4.127959808,2.021116888,3.15630993,7.516090705,4.895111617,6.517773501,4.836779597,5.549926337,2.546291183,1.954675462
15385,1.114526034,1.973531397,0.822238859,1.861939328,1.442970173,1.176734502,1.771462839,1.546140827,0.95944226,0.428597071,0.211526017
15387,3.259237271,4.879608882,3.660708703,3.158692132,4.563618415,3.325383552,4.331937969,4.058195534,4.399252389,2.993901535,3.478056474
15388,1.943297101,2.887267347,4.478053896,4.641989067,4.949573822,3.722744672,3.941067884,4.064376006,4.210705849,0.838859723,0
15390,0.18060092,0.364420326,0,0,0,0,0,0,0,0,0.211526017
15393,0.952559594,0.731987738,0.814190577,0.923749339,0.72430814,1.351998092,1.773943723,1.742537697,2.108362152,0,0
15394,3.486911157,2.551867127,3.666117576,2.788241937,4.04782194,3.316314919,3.718383787,5.025193167,4.203256304,4.893111694,5.882435627
15395,16.7666764,18.57404077,20.7548806,19.01075943,18.58147305,20.55223283,19.52311032,22.40352454,22.00079209,17.74399279,20.03878655
15397,1.334293204,2.534584329,1.220783421,1.304113096,1.43698744,2.12839656,2.742970577,4.432835951,1.900575604,1.49735612,1.089351984
15398,0.188628649,0,0,0,0,0,0,0,0,0,0
15399,3.457717854,2.334534782,3.676831878,2.975855938,2.174208714,2.932057781,2.940945084,3.674614834,3.263842418,2.144661401,2.39759071
15403,0.783452533,0.364420326,0.409593067,0.378626058,0.179977976,0.195962267,0.57305915,0.38631907,0.189807699,0,0
15404,8.488711062,5.598696462,8.51086892,5.771358025,5.671140119,5.859129375,5.323084549,9.473510223,6.890221228,2.579596781,6.958591925
15406,0.559427057,0.735446475,0.817948933,0.370143149,0.551860177,0.987984851,0.599863996,0.771994057,0.19524964,0.630494145,0.224375669
15407,2.842255067,3.609461321,3.054244366,2.599315604,3.84569746,3.334047275,3.947315578,2.708811927,3.447156175,4.475169558,4.35902741
15409,9.406931016,12.03651509,7.318223649,7.451741234,13.01451988,13.11512079,11.88109612,15.44660266,14.75092539,12.83884284,10.65463788
15412,4.629129367,6.516472492,6.906728183,6.513730048,4.558639813,5.095735147,5.708796459,4.047520347,4.22860571,4.900627649,3.935975375
15413,5.752651682,5.959887051,4.682579338,8.185928669,6.934997616,7.647961607,5.318232757,7.731382061,6.501421526,1.714124221,1.111682325
15414,0.399357907,0,0,0,0,0,0,0.580311145,0,0.63781753,0
15415,4.017596435,2.516355698,3.866993959,2.23378335,2.001480521,4.3227163,3.144148529,4.625851539,3.263179591,4.049223148,3.498691241
15416,5.968921265,8.721025928,7.544491034,11.16519443,11.33297431,7.427356462,8.862523765,7.91901044,10.34619183,5.345763358,6.955799822
15418,1.362757771,1.070993209,0.821814929,2.434098457,0.729286741,1.968040023,2.774698815,2.123802166,3.049189941,0.643525216,0.869045306
15419,4.037044937,2.512938757,3.874822094,1.852593453,2.537720209,3.132960575,2.353270093,2.317863096,2.676127593,3.178581108,3.04728627
15420,58.98641228,44.58244715,53.08610592,39.95977202,42.26971575,45.6981932,47.39700032,41.31868443,43.81132029,62.0641452,62.94803922
15421,0,0,0,0.37277607,0.894204624,0,0.189187349,0,0,0,0
15422,12.48640953,11.66229864,9.578602469,11.57742916,12.2331616,12.70449879,13.39428286,15.25925338,14.54654779,12.16693867,12.569898
15423,27.31060506,29.96272441,25.42464842,34.64184474,31.91312796,28.18305788,25.5766656,26.45484512,25.66758438,42.72202263,44.23949558
15424,7.508835671,6.407461683,6.503733455,5.772617609,5.3033911,6.46406436,6.283166892,4.835804077,5.744227474,9.598989635,9.338939017
15425,0.570920916,0,0.206941496,0,0,0,0,0,0,0,0
15426,16.00123677,15.67138023,13.82152256,15.0471203,16.61264959,14.07513719,11.6272992,11.78891594,13.02928555,0.861154288,0
15427,0,1.083934058,0,0.370598928,0.545334228,0,0.195435043,0.19251022,0.385904812,0,0
15428,1.157063482,2.704201094,0.609677301,2.033922177,3.4500968,0.579990013,0.780996087,0.389378412,1.338397525,3.834244736,0.650725142
15429,0.188628649,0,0.204847479,0,0,0,0,0,0,0.432557217,0.66396057
15430,1.707149336,0,3.054766979,0,0,0.975426798,0,0.964163633,0.189807699,0.219600869,3.927837393
15433,3.461183984,1.281687717,3.860006277,2.238131634,2.563702419,2.346558482,1.783539216,1.933880932,1.331837151,0.630494145,3.034436619
15434,8.069453128,8.612571267,7.335325102,8.401818601,10.77884289,10.36885329,11.00120407,10.8043042,10.3272446,10.91334426,10.67348794
15435,10.77857847,11.94786794,12.61825556,13.6032183,13.85538592,9.779994425,10.65725745,9.658680091,9.936395369,9.849695985,10.19098845
15436,5.033522244,10.88150534,5.898747588,7.414059069,8.943284316,10.14379672,11.02832097,11.19532899,7.661700786,17.72561623,14.98375784
15437,0.572489755,0.195187917,1.626943378,0.935648485,1.128986161,1.564462613,1.953919233,1.548162861,1.339846024,0.421497944,0.650081336
15438,1.920871355,3.421034582,2.024349423,4.844229275,5.980162707,5.471157429,7.050949547,7.14775849,7.444303468,7.468846836,9.367639115
15440,1.945497683,1.963508633,2.227959701,2.056347131,1.833131383,2.548935214,1.97016841,3.286185168,3.068471869,0.420867321,0
15441,0.369229569,1.307258869,0.608105897,2.243525843,2.003890532,2.353992103,2.58731903,1.928956008,1.730466212,4.045669367,3.711985483
15442,7.691564086,8.090218647,6.324282826,8.759906345,10.40609539,8.605591941,9.101206586,9.075485726,9.943490337,5.551251992,8.494653692
15443,0.195465977,0,0.408355866,0.373559385,0,0,0,0.770171558,0,0,0
15444,6.513227898,3.561745741,7.321982005,3.516679526,2.755046183,4.296916021,2.379788084,2.125824199,2.101016107,3.647593366,4.570123333
15445,3.042070968,0.361854584,1.420635343,0.752641222,0.915932133,2.152684399,0,3.858096208,0.189081134,4.888713494,3.482472627
15446,0,0,0,0,0,0,0,0,0,0.643525216,0.864937701
15447,1.724518268,0,2.236821254,0,0,0.973861713,0.377624107,1.352148752,0.19524964,0.209220459,0
15448,0,1.608571524,0.203084457,1.852196834,1.654296235,1.364556145,1.569296841,1.161817017,1.540266646,0.209220459,0.220620931
15449,0.37826748,0,0.817423112,0,0,0,0,0,0,1.714530586,3.476823904
15450,0,0.361854584,0,0.373103606,0.19289111,0.195962267,0.38789292,0.770260121,0.385904812,0,0
15451,0,0.166666667,0,0,0,0,0,0,0,0,0
15452,11.30215126,10.81967941,10.77677487,11.5465494,11.51094409,15.2624798,13.01369461,8.499567566,10.14889729,14.08940655,12.8663973
15453,0,0.169232409,0,1.303705909,0.542782816,0.197909432,0.189187349,0.196014109,0,0,0
15454,0,0.882254818,0,0.930929838,1.287534103,0,0.592865711,0.766101683,0.574259382,0,0
15456,2.477608942,2.130756643,2.242348381,2.41202914,1.997364583,2.708909671,2.563765185,2.315275077,2.874069703,1.913146377,1.505576962
15458,0,0.195187917,0,0,0,0,0,0,0,0,0.224375669
15460,2.32959231,3.27041516,2.44080871,3.346019577,3.402262859,3.313519731,3.315742871,4.442519345,4.987627348,5.13416271,1.53197059
15461,0.195465977,1.058829748,0.407931937,2.413787329,2.00105889,0,0.788013898,0.773475913,1.160530339,0.208996201,0.224375669
15463,2.888460709,4.463547231,2.0412503,3.156230279,3.2651574,1.951758774,2.732682238,3.467251282,3.622727388,1.703701661,3.485488722
15464,2.696621296,1.985154205,2.848057794,3.349494974,3.098533525,2.751969079,2.118821673,2.134565915,0.385178248,3.218772038,2.611512331
15465,8.496790033,8.43156086,8.127453256,10.05592738,8.552235831,10.2193102,8.85650888,8.88926695,9.570824487,11.0948501,11.33427882
15466,2.292626643,6.341714459,1.420202457,5.381496618,5.980021307,3.907934976,4.914058114,3.677516758,5.157210073,2.760414714,2.377952616
15467,4.635281651,5.576314191,4.678286204,6.485363689,6.182411409,4.904703348,4.744847698,5.606630183,4.596280595,4.482218418,5.005644947
15468,0.768587476,0.722079474,0.408355866,0.566309141,0.721476497,0.391240361,0.592559329,0.385491762,0.385178248,0.219600869,0.442310057
15469,4.22379814,2.910377474,3.66444428,1.489163257,0.756397304,2.334717492,2.954941653,1.934508706,2.102193647,0.421497944,1.079155965
15473,0.201691347,0.166666667,0,0,0,0.199906468,0,0,0,0.212277485,0
15474,0.766386893,0.335899076,0.197656014,0.750099718,0.370317675,0.391240361,0.198705571,0.580311145,0.568366466,0,0
15475,1.358142871,1.426708812,1.825456208,2.79328812,3.074520293,2.157262902,2.169930954,2.316940159,1.920128492,1.924205651,1.287642573
15476,0.201691347,0,0,0,0,0,0,0,0,0,0
15477,0,0,0,0,0,0.195962267,0,0,0,0.418440918,0
15478,0,0,0,0,0,0,0,0.575796722,1.343447598,0.212277485,0.220620931
15479,0.19766656,0.549699979,0.204847479,0.551848001,0.729286741,0,0.383871801,0.386502295,0.575111486,0.421497944,0.862251159
15480,0.201691347,0.549699979,0.812953376,1.488379942,0.891372982,0,0.576329678,0,0,0.219600869,0.211526017
15482,15.006708,16.51754102,15.26949914,17.29407687,17.12463944,15.30699309,15.73526434,17.18964909,17.5967824,20.6994358,23.97273109
15483,11.536896,7.32878465,10.5994618,4.833552888,4.372167607,9.015804819,5.712066988,7.34112986,4.78376781,5.320185483,4.592497992
15484,5.895315068,7.440700412,6.498412652,7.820931844,8.760013849,5.099053433,6.498904778,6.17661049,7.30369706,6.19010651,7.192761408
15485,0.399357907,0,0.411788976,0.551848001,0.372869087,0,0.400101451,0.192981542,0.379285331,0,0
15486,0,0,0.203508386,0,0,0,0,0,0,0,0
15488,50.22580238,36.03274774,48.45759755,35.90371436,36.5373202,35.42180016,38.45936034,39.43122686,36.92261523,42.53769915,51.16449069
15489,0.190197488,0.166666667,0.197656014,0.750099718,0,0.197909432,0,0,0,0,0
15490,0.574292114,0.933314635,1.0140425,0.563328193,0,1.389501117,0.772534838,0.576179482,0.189477632,0.211646862,0.217934388
15491,0.585785974,0.373591892,0.812953376,0.930929838,0.726859552,0.59679436,0,0.581505871,0.385178248,1.063051363,1.296737487
15492,12.1130321,12.88646503,16.08161393,10.79626412,13.53132312,13.68883037,13.22357777,12.54907393,13.39531997,11.77700081,10.43833827
15493,0,0,0,0,0,0.195962267,0,0,0,0,0
15496,22.58865451,21.48816234,24.42919133,26.06630427,25.45989002,26.03984825,24.47015573,20.28369516,21.64871125,25.18691339,26.13862402
15497,0,0,0.410025953,0.187227304,0,0.200925625,0,0,0.189477632,0.212277485,0
15498,5.769410715,2.366088618,4.464937987,1.859933254,2.013406768,2.749387611,1.588503657,2.51374753,1.534494638,4.067781823,3.921781889
15499,8.898532861,9.186231315,8.759561201,15.08734714,16.97233985,9.582378494,10.32705006,7.533859321,6.496706149,12.42254606,11.54150367
15500,8.438735998,12.0225964,7.131557792,12.46849195,8.901834923,8.410737204,8.862582346,11.77674533,12.64376528,7.055637773,4.972087877
15503,7.115377997,4.246017899,8.361515847,5.198999726,3.779123661,6.441246074,4.915591841,4.25715898,3.257636622,3.851013722,3.466236404
15504,26.55302366,23.50358199,30.76568065,19.87362706,21.75611865,26.23302249,25.00876462,22.5953985,23.74858441,22.55187591,21.53107547
15506,0,0,0,0.185548766,0.179977976,0.587584708,0.788013898,0.390006185,0.959112193,1.053787869,0.864590539
15507,0,0,0.204847479,0,0.19289111,0,0,0,0,0.209220459,0
15508,0,0,0.203508386,0,0,0,0,0,0,0,0
15509,0,0,0,0.376996112,0.546601345,0,0.198705571,0.190304961,0,0.220910356,0.211140241
15510,0,0,0.197656014,0,0,0,0.198705571,0.386728604,0.196097113,0,0
15512,0,0.166666667,0,0,0,0,0,0.196014109,0,0,0
15516,0,0,0,0,0.173732258,0,0,0,0,0,0
15517,1.509552547,3.137161023,1.626952335,1.299394449,2.534603542,1.174787337,1.35511221,1.738179724,1.535221203,1.26013341,1.307247758
15518,4.636269987,5.920024995,4.25907666,7.252022039,6.197049872,6.066583442,3.379466675,4.438004922,2.860367811,2.984376005,2.404697983
15521,0.564695546,1.460942891,1.023127407,2.801899271,3.280339079,2.925074558,2.927849951,2.124342344,2.677455182,1.502253102,0.868692439
15522,0.190197488,0.706925225,1.023025516,0.370598928,1.281288384,0.794703793,1.358363212,3.087154801,3.252958536,1.723794081,3.450089314
15524,0.19766656,0.357544647,0.203084457,0.187227304,0.353710234,0.389675276,0.195435043,0.576650805,0,0.219600869,0
15525,8.855740048,7.556763064,7.742289374,7.243775248,7.636467138,5.86859125,7.52475676,7.149718736,7.264916722,7.049056627,8.506450447
15526,0.762362106,0.898187562,1.028221648,1.312644597,1.116336079,1.378890229,1.979399776,1.547691539,2.108879559,1.285302892,1.098408283
15532,0.585530608,0.681820916,0.406168914,0.558652373,0.534248672,0.395868736,0,0.774398851,0,0,0.43551591
15533,3.845603747,8.270876712,2.631607461,10.96563911,10.41700296,4.11997614,6.893451382,1.547350895,2.101346173,4.489367812,6.112630902
15534,9.536871827,7.424714832,8.969532017,6.145328754,5.688186434,7.062919864,4.897998834,4.254829178,4.594310059,7.479551658,5.909870246
15536,0,0,0.203084457,0,0,0,0,0,0,0,0
15537,1.87941386,1.646377735,0.810333538,1.299394449,1.624775727,0.786513297,0.798282711,0.388524329,0.770361126,0.629863522,0.438555319
15538,0,0,0,0,0,0.189768808,0,0,0,0,0
15540,9.0673531,6.143566661,5.098614696,5.023692058,6.148792075,4.661898548,3.526656974,3.09623716,3.054235384,4.057856019,4.12110206
15541,10.69044733,9.287386508,13.02921625,10.41634437,9.528919835,11.54626358,11.00749649,11.39635461,9.173133841,11.5522787,9.54718774
15542,12.07967748,15.54345473,10.39198873,18.94965609,22.44664875,13.48083592,14.35835076,11.60720575,15.50471693,9.407793319,11.33641323
15543,1.154250941,0.895621819,1.220783421,1.682787746,0.88882157,0.992613225,0.99298669,1.542453712,1.527478659,0.432557217,0.65613684
15545,1.348473216,1.593375479,1.22464046,1.666648068,1.284120027,0.200925625,0.988639661,0.96665699,0.574138473,3.025683852,2.171799683
15546,3.847406106,3.050901428,3.056864204,4.290934286,3.102352054,3.884716165,5.090743568,4.448856267,4.215095789,2.771874263,2.819194477
15547,0,0,0,0,0,0,0,0.193992076,0,0,0
15549,0,0.195187917,0,0,0,0,0,0,0,0,0
15550,2.076123539,1.646689387,2.243477942,0.931428443,0.729006511,1.360359721,2.39111387,3.865711086,3.642339383,0.219600869,0
15551,0,0.179255173,0,0,0,0,0,0,0,0,0
15552,2.692293217,1.283869104,3.664546171,1.67217052,1.45331465,2.730131447,1.378359672,1.737839081,1.351702918,2.132971504,1.079541742
15553,0,0.166666667,0,0,0,0,0,0,0,0,0
15554,0,0,0.203508386,0,0,0,0,0,0,0,0
15555,3.077089358,1.992611227,2.033109084,2.048362826,2.365552477,1.182382033,1.971956447,0.775697481,1.912535998,2.345703595,2.174910616
15556,4.611176617,4.92087383,3.440796733,3.533654069,4.203801226,0.97844299,1.56304264,2.316408015,2.670151057,2.156805904,1.974924452
15557,6.534876983,5.759993801,6.512383819,6.904303843,6.561684859,4.873482157,4.749919283,4.444787359,4.961243128,1.494929717,1.307247758
15560,0,0.169232409,0,0.187227304,0.173732258,0,0.411446764,0.773858673,1.344169532,1.909682986,2.60334144
15561,0,0,0,0.187227304,0,0,0,0,0,0,0
15562,1.546139776,1.795990768,1.826693409,2.418554567,2.369246784,1.771581698,2.348079373,2.51352122,2.095244099,0.220910356,0.422666258
15563,2.504366083,3.404634996,2.24401272,0.933143806,1.258276581,1.757247613,0.970489819,1.156716937,1.924722959,0.209220459,0
15564,0.18060092,0,0,0,0,0,0,0,0,0.208996201,0
15568,0.566896129,0.361854584,1.013943816,0.185548766,0,0.980822105,0,0.388995652,0.384456313,1.705267092,1.97389487
15569,0.598848672,0,0.197656014,0,0,0.190314737,0,0.582516405,0,0,0
15570,1.133792257,1.083934058,1.824608349,0.743702534,0.915932133,1.966313862,0.5892888,1.942238921,1.154361833,0.211646862,0
15572,0,0,0,0.189768808,0,0,0,0.193364302,0,0,0
15574,0.369229569,1.083934058,0.820144842,0.9292513,0.744751287,0.391240361,0.582577372,0.57882929,0.385303787,1.061741876,0.43551591
15575,1.163847509,1.790859283,0.810333538,2.237268668,2.947937293,2.547484107,2.552745782,2.133267285,1.710516827,2.570832069,2.631485683
15576,0.18060092,0,0,0,0,0,0,0.19251022,0,0,0
15577,0.592011344,0.169232409,0.4011644,0,0,0.587202629,0.195435043,0.972748899,0.574534971,0.430130815,0.211140241
15579,0.18060092,0,0,0.183790577,0.179977976,0,0,0,0,0,0
15580,0,0.188312238,0,0,0,0,0,0,0,0,0
15582,0.601049254,0.335899076,1.826795301,0,0.179977976,0,0.189187349,0,0,0.431247731,0
15583,0.19766656,0.521178729,0.197656014,0,0,0.598741525,0.188436758,0,0,0,0
15585,0.566264385,0,0.811190354,0,0,0,0,0,0,0.420867321,0.867662858
15586,0,0,0,0,0,0,0,0.388995652,0,0,0
15589,92.9533299,91.6156222,90.16461176,92.16236364,97.61180589,87.67768981,95.97620422,89.43026469,88.82213656,94.22950412,106.1115051
15590,0.757093616,0.361854584,0.608105897,0.566309141,0.179977976,0.200925625,0,0,0,0,0
15591,1.931803241,3.198176614,2.44376275,4.46239804,3.32108661,1.767587626,2.766218039,2.708750139,2.878994237,1.282652232,0.446026181
15592,1.158275728,0.169232409,0,0.183790577,0.179977976,0.190314737,0,0,0,0,0
15594,1.158275728,0.709490967,0.814190577,1.116478605,1.269642367,1.174787337,1.75848419,1.741527163,1.718012922,1.061741876,1.960698056
15595,4.046481071,3.751023679,4.266273874,2.989035158,2.192100449,3.171693703,1.944687866,2.125893055,2.102469236,1.910089351,3.030334718
15598,0.201691347,0.166666667,0,0,0.19289111,0,0,0,0,0.63008778,0.221650513
15600,0.382292267,0.697753659,0.407830045,0.745460723,0.558247362,0.189768808,0,0,0.189206673,0.852745675,2.591135594
15601,3.854875178,1.815921796,3.054244366,2.597577906,2.911888133,4.503733011,3.168533046,2.898845099,3.631396394,2.993901535,3.282838203
15602,7.261825791,5.521837433,7.296853035,3.907680999,4.444090105,5.473154464,3.927338644,3.473814514,3.650077297,5.990860096,5.2496258
15604,0.568464967,0.185279653,0.204847479,0,0,0,0,0,0,0,0
15609,2.469182989,4.124927222,4.261170677,4.099535532,3.842159162,3.133667579,2.179142794,2.511227399,3.062303364,2.987695067,1.970564522
15610,2.856993736,2.144945193,4.273134346,2.215991391,2.541992155,3.509172621,2.324238673,3.281529636,0.385904812,7.925862985,8.690940159
15611,0.190197488,0,0.203084457,0,0.384515104,0.965721088,0,0.193364302,0.189807699,0.420643063,0.446026181
15612,0.201691347,0.169232409,0,0.371017881,0.180258207,0,0.582577372,0.967380393,1.155935871,0,0
15613,0.770156315,0.728955153,1.220783421,0.932688027,0.384515104,0.786563168,0.593616302,0.390006185,0.581154452,0.862009169,0
15616,3.839196098,1.815807295,4.869075999,0.730999583,0.177426564,1.160999182,1.166675452,1.733168207,1.534219049,0.850773878,3.05995512
15618,0,0,0,0.189313029,0,0,0,0,0,0,0
15619,0,0,0,0,0,0,0,0,0.189081134,0,0
15623,0,0.505131485,0,0.743702534,0.553407524,0,0,0.19251022,0.189807699,0,0
15625,5.398909304,4.892311889,7.117564203,5.209161174,3.512132965,6.089032546,5.318174177,5.226376247,4.779365313,2.357393492,2.847300106
15626,0.19766656,0.531086993,0,0.928844113,0.726859552,0,0,0.192981542,0.964884201,0,0.211526017
15627,0,0,0,0,0.173732258,0,0,0,0,0,0
15628,0,0,0,0.183790577,0,0,0,0,0,0,0
15629,1.154250941,5.860838448,2.043634977,5.757312796,7.844361946,4.305750877,4.16582771,2.318606207,3.839037522,1.706982944,3.481739688
15631,57.46099944,56.57736887,60.64120139,54.883596,53.72537047,62.82954448,57.63765465,55.45633392,62.27542664,79.5313274,66.41314043
15636,0.190197488,0,0,0,0,0,0,0,0,0,0
15638,0,0,0,0,0,0,0,0.193364302,0,0.219600869,0.653836074
15641,1.719271624,2.550434586,1.616519378,3.171088037,3.297670354,2.165453397,2.734164729,2.899012982,2.492963885,3.177239934,1.946780209
15642,0.564695546,0.917267391,1.220783421,1.116478605,1.09591011,1.174787337,1.182154512,1.15916721,1.148919892,1.061741876,0.875486587
15643,0.566896129,0.552732565,0.82004295,0.376996112,0.19289111,0.588603865,0.198705571,0,0,0.641777676,0.422666258
15644,3.280583064,1.790859283,3.257953328,2.788649124,1.822365208,2.746462567,2.354790801,1.738850582,1.728500306,2.365571757,3.489982104
15646,0,0.169232409,0.400740471,0,0.177426564,0.189768808,0.384622391,0,0,0,0
15649,0,0,0,0,0,0,0,0,0,0.209220459,0
15650,0,0,0.204847479,0,0,0,0,0,0,0,0
15652,0,0,0,0,0.177426564,0,0,0,0,0,0
15654,1.939272313,0.195187917,1.423867878,0.557826232,0,1.353017249,0.591808738,0.383669263,0.196097113,0,0
15655,0.18060092,1.796572111,0.197656014,1.112258563,0.545614458,0.773955245,0.950683257,0.772664914,2.485597959,0.219600869,0
15657,1.34910496,1.272246296,1.019792981,1.297308724,2.172502722,1.365786248,2.160393205,1.54236515,1.924476511,1.712558789,1.296737487
15659,13.92765583,15.00969084,14.85851128,19.51800125,16.91809675,15.45869707,11.37692017,17.94784246,12.6455904,13.68476189,12.85359655
15660,0,0,0,0,0,0,0,0.190304961,0,0,0
15662,0.18060092,0,0,0,0,0,0,0,0,0,0
15663,0,0,0,0,0,0,0,0,0.189081134,0,0
15668,0,0,0,0,0,0,0,0,0,0,0.211140241
15671,0,0,0,0,0,0.391240361,0,0,0,0,0
15672,0,0,0,0,0,0,0,0,0,0.211646862,0
15675,0.370798408,0.179255173,0.203508386,0.189313029,0,0.200925625,0.592559329,0.773675448,0.379285331,0,0
15677,3.294554718,3.741852113,5.280740303,3.539692657,2.177639968,4.302774497,2.983979581,3.092664415,2.847980953,1.479552171,2.380639158
15678,25.271326,40.71016176,22.82781586,32.61082506,32.54233348,20.89601641,39.70133087,31.48134592,42.71943852,22.46612339,35.98484288
15679,23.63082452,13.92121433,25.24081457,15.24942099,15.89131186,19.39146742,18.90389699,19.50948777,15.88839684,24.78106143,22.20253851
15680,0,3.366443324,0,4.654444132,5.489770803,0.190314737,3.173650192,2.511698721,4.614655942,1.499826699,2.608401399
15681,7.305575485,4.690248294,7.731937445,3.157908817,2.924801267,6.266628155,4.500130465,5.797658547,5.175259984,7.673394571,7.631245204
15682,1.746820942,2.561391035,2.449182237,3.910222503,2.03115974,2.746844646,1.586583465,3.285174634,2.494663463,2.777854447,1.303917411
15683,3.82451332,2.547484487,3.250994173,3.527305476,4.174404939,2.928040879,4.087813975,3.666952507,4.021541096,2.992784619,1.742377892
15684,0.592623302,0.575655487,1.221105459,1.125417292,1.291352632,0.59679436,1.387107776,3.082544712,2.689307447,0.862688032,3.915334904
15685,25.4123887,24.91451324,22.99672848,21.93114223,28.53907023,22.50435226,21.66878808,20.28077474,16.63337919,20.46898337,35.70138775
15686,0.566896129,0.526777057,0.204847479,0,0.903018999,0.395818865,0.204666409,0.190304961,0.581154452,0.641777676,0.211526017
15687,0,0,0,0,0,0,0.188436758,0,0.19524964,2.122142579,1.320483186
15688,0,0,0,0.183790577,0,0,0.189187349,0,0.189206673,0,0
15689,0,0,0,0,0,0.197909432,0,0,0,0.212277485,0
15690,1.757102555,1.272246296,2.249963776,0.364620697,1.259702342,1.364082918,0.983448941,0.773292688,1.147471393,0.645465326,0
15691,3.452502666,4.328975053,4.262407878,4.647698921,5.443362624,3.902448521,4.708811485,3.282115293,3.643708894,4.706716269,4.129128778
15692,0,0.348487582,0,0,0,0,0,0,0,0,0
15693,3.058199513,4.85691496,3.266103501,2.616757692,3.797419849,5.438071832,5.682858688,4.831828865,4.399853415,7.509517968,5.016766114
15694,6.143855472,13.27226107,4.872611,13.77262138,14.15883502,17.59920549,15.03332209,13.32075782,12.22216447,18.54334045,14.85005308
15695,2.302298357,7.942931316,3.26438987,12.09830021,12.5562058,10.19084438,12.82270536,11.9781126,11.09944609,11.75178715,12.82814957
15698,19.18823462,22.46048783,19.73579445,19.89533778,20.40501767,19.02051805,21.06090137,19.51227776,21.83184036,19.40317379,21.13915775
15699,0.188628649,0.188312238,0,0.550169463,1.269642367,0.195962267,0.188436758,0,0.196097113,1.080979415,0
15700,0.201691347,0,0.40459751,0,0,0,0,0,0,0,0
15702,0.574292114,0.195187917,1.017698964,0,0,1.174787337,0.205723382,0.385491762,0,0,0
15707,0,0,0,0,0,0,0.189187349,0,0,0,0
15711,2.077692378,0.179255173,1.830126519,0.556147694,0.933823869,1.568406814,1.191385878,1.741683614,0.952822779,1.501622478,1.749943592
15712,3.698597296,2.695538167,3.044476606,2.784101547,3.090864681,4.505272491,4.352953186,4.83214277,4.022267661,11.57087953,9.360073415
15713,0.574292114,0.364420326,0.400740471,0,0,1.177418676,0.394910731,10.0488624,4.224316799,0.635571208,0.211140241
15714,0,0.179255173,0,0,0,0,0,0,0,0,0
15715,14.97503896,11.98719282,16.46090147,12.82083738,12.21938317,13.90396443,12.78268709,13.51341739,11.66542564,16.48640452,13.29882447
15716,3.839378377,3.421034582,4.272219182,2.610757126,2.546531882,3.731481096,2.34777299,3.470493849,2.872224706,4.278087511,3.489982104
15717,0.190197488,0.373591892,0.197656014,0.183790577,0.173732258,0.200925625,0.189187349,0,1.14780146,0,0
15718,1.139385883,1.589065543,0.808994445,1.674304836,1.464960668,0.380083545,0.804530405,1.156517402,1.723701312,0,0
15719,0.952559594,1.083934058,1.220783421,0.187227304,0.904286116,0.391240361,1.182154512,0,0.953670252,0,0
15720,0,0,0,0,0.360236183,0,0,0,0,0,0
15721,46.22141873,43.40025932,52.29403192,43.00021588,49.71721735,50.30335699,47.40458396,41.91550542,40.15625702,58.30912319,56.18606444
15726,0,0.169232409,0,0,0,0.590600901,0.188436758,0.193364302,0,0,0
15728,0,0,0,0.18083012,0,0.195962267,0,0,0,0,0
15730,1.37143909,5.328818756,3.654824595,8.579583554,6.575056138,3.514770281,4.504145077,4.629026218,5.554148817,1.069471627,2.174910616
15731,9.270266304,10.58898006,9.175820481,14.6971863,12.23938535,9.414377595,6.936179496,8.496236436,7.082600488,4.493918777,4.325415244
15732,0.764584534,1.080901473,0.204847479,0,0.347464516,0,0.401158425,0,0,0.209220459,0.662930988
15736,0,0.179255173,0,0,0,0,0,0,0,0,0
15737,2.483275655,1.794390724,2.849718925,0.937327022,2.031001095,1.955702975,4.318228256,5.032636289,5.732801675,3.655953739,3.927926526
15738,0,0,0,0,0.177426564,0,0,0,0,0,0
15740,3.238727346,3.067373719,2.642121188,2.787765668,2.02433368,3.12747412,2.353733828,3.46904801,3.256951978,0.423924347,0.439584901
15741,0,0,0,0,0,0,0,0.192981542,0,0,0
15744,2.311261122,3.214223858,2.029455829,3.151930586,3.09496344,2.150214136,1.957959879,2.119460503,2.480151388,0.219600869,0
15746,1.361210778,2.673466443,1.427724917,3.344680342,4.916202998,1.58181289,3.365044588,1.930978041,3.238722051,4.050970687,4.573850866
15748,11.13510193,19.19996107,10.38438229,22.13790813,22.45360119,9.625781477,17.15451202,9.471017834,17.02414943,22.19992481,22.65043029
15749,0.386295209,0.543675499,0,0.558324837,0.19289111,0,0.195435043,0.769543785,0.189206673,0,0
15750,0,0,0,0,0.179977976,0,0,0,0,0,0
15751,0,0,0,0,0,0,0,0.193992076,0,0,0
15752,2.09714088,1.286112154,1.618090782,2.783625277,2.899520918,1.361451579,0.78205306,1.160649065,0.953670252,1.079638241,1.08931337
15753,0.572489755,1.250600724,0,1.496911443,1.488218279,0.973861713,1.176193674,0.968862249,1.919672886,1.07100537,2.195551087
15756,19.22457186,17.89901069,15.24369317,14.69259613,15.4779802,19.79069315,17.7560998,20.0898328,16.63132251,15.99227639,18.0426726
15757,0,0,0,0,0,0.189768808,0,0,0,0,0
15758,1.721705727,1.869899698,1.8381748,1.868664048,1.612142823,2.147036868,2.357004357,2.702631455,2.481754567,1.930089355,2.387433306
15759,1.550796307,0.738126718,1.014367746,0.185548766,0.353990465,0.5866567,0.401158425,0,0.769634561,3.212161231,3.493698228
15760,0.19766656,0,0,0.189313029,0,0,0.198705571,0,0,0,0
15763,0.195465977,0.731987738,0.615195471,0.376996112,0.357404541,0,0.188436758,0.581505871,0,0.209220459,0.211140241
15764,18.11805171,20.20934756,18.51483577,21.76201513,22.74316265,21.14046023,21.26920525,21.26009027,21.44413225,14.73444731,17.64116406
15765,0,0,0,0,0.179977976,0,0,0,0,0,0
15766,0.588598514,0.335899076,0.607681967,0.556147694,0.550575882,1.177803529,0.970470292,0.579483837,0,0.41821666,1.100853224
15767,0.19766656,0.169232409,0.204745588,0.364620697,0.884847033,0.385731075,0.583327963,0,0.196097113,0,0.224375669
15769,0.201691347,0.512588507,0.60944499,0,0,0,0,0.385874522,1.154962859,0.211646862,0
15771,1.353741706,0.88863164,1.624948045,2.046148859,1.664377727,1.950739618,1.559778619,1.931832124,1.148318867,0.423924347,0
15772,3.449690125,2.189513687,4.070613194,2.028727261,1.82816996,2.547484107,2.748180824,1.549173394,1.528476182,1.708110323,0.640600646
15773,3.645787846,3.059646842,2.838217963,2.774606938,2.722957018,2.135113118,2.195678827,2.706475988,2.688339064,1.934810319,3.037547551
15774,1.139385883,3.637328525,0.614873433,4.449318962,5.138331751,1.174787337,3.542886624,2.89646708,6.497307175,3.198903875,2.16670111
15775,3.61973428,9.564564939,3.258287531,8.159588874,9.368966011,4.301283578,11.08313281,8.4859277,9.957605913,6.612993868,8.119289157
15776,0.605074042,0.552732565,0,1.114720416,1.108823244,0.5866567,0.984505914,0.965802907,0.953069227,0,0
15777,5.782372186,4.237501486,5.092874829,4.621586521,6.017478984,2.16676626,1.793750285,3.294115885,1.912080392,1.718897099,3.034050842
15778,0,0,0,0,0.173732258,0,0.205723382,0,0,0,0
15779,0.370798408,0,0,0,0,0,0,0,0,0,0
15780,1.895544465,1.970114456,1.416778304,2.416044123,1.29122841,2.345419528,1.978916515,1.159794983,0.573808407,1.297623412,0.860835801
15781,1.718712966,2.581604065,1.632470505,2.793276353,2.727211785,3.135118686,1.592524776,1.347676446,1.900846563,0.420643063,1.75535529
15783,3.247998777,3.466339775,5.08664207,4.647163492,5.640369672,5.29905105,3.537676377,4.82476854,4.796701217,7.648223061,5.640448118
15784,0,0,0,0,0,0,0,0,0,0,0.224375669
15785,0,0,0,0,0,0,0,0.19251022,0,0,0
15791,18.67888828,22.63929715,20.54748344,21.57114396,21.39744166,18.40875808,20.91271851,17.60030199,20.86455669,9.62964051,10.8778119
15795,0,0,0,0,0.179977976,0,0,0,0,0,0
15796,0.19766656,0,0.410025953,0,0.357684771,0.190314737,0,0,0,0,0.431761171
15799,3.086287703,3.258677852,2.437808486,3.902565734,3.119118139,2.567213499,3.360240332,2.70244823,3.256951978,0.852745675,1.737699132
15801,19.97867176,24.10866276,17.12037043,19.71931172,20.54098078,18.81052657,21.08890102,21.27142,20.10234446,16.64381799,13.76589219
15802,10.98526109,7.935444644,9.546505388,7.982502527,10.92855921,6.055343866,8.032265015,4.637836789,4.968981042,7.039875087,4.132883516
15803,1.513883942,0.882254818,2.642655966,0.554389505,0.542782816,1.164649677,1.380860083,1.156517402,0.959959667,1.07100537,0.871346072
15805,24.31254121,14.17772713,25.66002157,16.7460583,16.67837583,20.77241184,17.52957797,21.83964906,19.91745936,21.82854969,27.22711193
15808,0.188628649,0.333333333,0,0,0,0.3938717,1.583312937,1.544658971,2.878393211,1.705042835,0.662930988
15809,0.749065887,1.808579274,0.400740471,0.937327022,0.742199875,0.595775204,0.377624107,0.776352029,0,1.073656031,0.650081336
15810,8.180935833,5.607982527,10.77403677,5.391370396,5.269630366,7.254441872,6.121686662,5.025507072,5.151713654,5.972119312,6.534228964
15811,0.973650021,1.279236475,0.612677524,1.116478605,1.611986815,1.371295534,1.558721646,1.544475746,2.108633111,1.282652232,0.211140241
15814,3.290536225,5.822447426,5.7103681,5.95711185,7.261416669,4.320246037,6.694288584,6.373184485,8.434567042,13.48815161,9.818228214
15816,0,0.361854584,0,0.187227304,0.373149317,0.195962267,0,0,0,0,0
15817,0,0.166666667,0,0,0,0,0,0,0,0,0
15819,0.549830488,0,0.812953376,0,0,0.787109097,0,1.352148752,0,0,0
15820,1.137185301,1.243258203,1.42396977,1.302027371,1.813831064,0.777899445,1.748965968,1.545041731,0.953670252,0.431247731,0.211140241
15821,1.153692284,2.657918055,1.831697923,1.681029557,3.08178732,2.918025791,2.548705136,3.087024121,2.671474017,1.265028365,2.601903894
15822,5.729329216,5.508782084,4.074362593,3.920024157,3.661159876,2.543833612,1.937402726,2.127784445,1.728746755,2.988598188,6.077620988
15823,4.425237437,2.869620059,6.300585884,4.628519135,4.569018713,4.320157663,2.362095468,3.284581874,2.487521945,4.695218943,3.687484713
15825,0.928097968,0,0.812953376,0.189768808,0.384515104,1.184924998,0,1.352148752,0,1.073656031,0.442310057
15827,0.393132537,0.568779809,0.204745588,0.18083012,0.357684771,0.781934794,0.393103167,0.771339509,0.378558767,0,0
15828,1.154250941,0.914234806,0.812851484,0.373103606,0,0,0,0.192981542,0.189477632,0,0
15829,2.876663558,3.172647258,2.859734011,2.408285368,3.048130928,3.363955604,4.112237545,4.045819249,2.677701631,2.352316429,3.028066862
15830,0,0,0.197656014,0,0.19289111,0,0,0,0,0,0
15832,1.886484708,1.250133882,1.418015505,0.930146524,0.918483545,1.554870882,1.927114386,0.774870173,1.918554454,1.073656031,1.096107517
15833,2.095970265,3.060809692,1.829112672,3.699188184,3.498513175,3.934190036,2.542457442,3.676165545,2.284726362,7.708458171,7.642074305
15834,0,0.364420326,0,1.305791634,0.729286741,0.197909432,0.593616302,0.578473304,0.770031059,0,0
15837,0.190197488,0.348487582,0,0,0.531136799,0.190314737,0,0.38281518,0.763741645,0,0.221650513
15838,1.717144128,0.684386658,1.220885313,0.746335456,0.904286116,0.974880869,0.986719469,0.772282154,0.580553427,1.501136185,1.97389487
15839,4.434530714,11.91849549,6.093394421,17.10478618,18.036071,9.799351795,13.80932606,7.914259243,12.82024308,11.54382185,12.62035158
15840,4.985977967,4.465094438,5.485387208,1.847478188,2.743680396,4.293142953,3.968465968,4.245693233,3.257432094,3.858337107,5.43641515
15842,0,0,0,0,0,0,0,0,0,0.211646862,0
15843,0,0,0,0,0,0,0,0,0,0,0.653836074
15844,2.873197428,1.636781123,3.647636337,2.232957209,1.290365745,2.540362639,1.38607033,1.930733028,0,6.221744497,4.543729705
15845,0,0,0.204745588,0,0,0,0,0,0,0,0
15847,0.19766656,0,0,0,0,0,0,0,0,0,0
15848,17.81756792,12.19257529,19.72427107,9.45843917,9.804693119,14.70777834,11.84432884,15.06529535,9.954950734,20.90659205,22.01127221
15851,0,0,0,0,0,0,0,0,0,0.420867321,0.439584901
15852,25.45918446,18.42078306,27.22566306,16.19138224,17.63174576,29.00651544,26.20807058,23.76501455,23.5559845,34.18120048,31.12937088
15854,0.568464967,1.070452556,0.605909988,0.750099718,0.742199875,0.189768808,1.150890009,0.968862249,0.76419262,0,0
15857,1.524092468,1.934208888,0.203508386,3.549693605,2.542418581,0.200925625,1.181097538,0.771810832,1.148528024,0.211646862,0.217934388
15858,1.351917501,1.216366646,0.410449883,0,0.179977976,0.59114683,0.393853758,1.15916721,0.95944226,0,0
15859,0,0.515154249,0,0.18083012,0.179977976,1.174787337,1.362110494,0.779384596,0.954000319,0,0
15861,0.942331282,0,0.408355866,0,0,0.199906468,0,0.192981542,0,0,0
15863,2.709406783,1.442444404,2.033312868,2.411154408,2.184009975,2.149072407,2.16812339,1.927856912,1.924001024,0.852745675,0.431761171
15864,14.03014036,6.703306006,11.99670147,4.280864257,4.36462035,7.840884852,3.893129523,6.563323957,6.134396688,9.432025967,10.05537829
15867,0,0,0,0,0.173732258,0,0,0,0,0,0
15870,19.17665452,12.22081454,20.14579664,10.62210828,8.746113828,14.84061683,14.70414702,15.84017966,14.33013476,12.80607545,10.66233386
15872,1.707452627,1.982588462,1.218587513,3.162627463,3.82169877,0.985018529,0.992967163,1.735818015,1.918825412,2.768318455,3.491253288
15873,0,0.568779809,0.203508386,0,0.537662748,0.197909432,0.204666409,0.19251022,0.965881724,0,0
15874,11.54288785,13.73228341,12.79036929,16.9395262,14.04970272,9.803025121,9.112587096,5.611083785,6.48984022,8.769841921,8.918612138
15875,0,0.188312238,0,0.557370453,0.19289111,0,0,0,0,0.640874556,2.601645865
15877,0.19766656,0,0,0.183790577,0.179977976,0.973861713,0,0.778374063,0.57465588,0,0
15878,9.595041348,10.97378941,10.37742599,12.81988484,11.31449751,6.492334902,8.690968477,7.141037841,8.25605691,8.134933024,4.773484162
15879,43.25679223,36.20088764,39.65208325,27.5634355,34.83810505,37.95057985,39.93292844,37.4927028,40.77883861,37.46251437,35.88971445
15880,8.136170756,6.84999303,7.331990675,9.484041199,8.026223896,10.3827713,10.80102252,9.279744457,8.030318717,9.181579616,10.63249405
15881,1.169747742,1.466967371,1.016037833,1.681029557,1.646205761,1.554870882,0.960201479,0.773292688,0.189807699,1.703925919,2.178979607
15882,0.382292267,0,0,0.379081837,0.37160197,0.200925625,0.576329678,0.389378412,0,0,0
15883,6.349549761,8.23469909,7.303753841,7.83285148,9.110768219,8.207937116,6.68061058,8.495580921,7.077037638,5.763753734,7.835315658
15884,0,0,0,0,0.179977976,0,0,0,0,0,0
15885,0.393132537,2.132855542,0.204745588,2.794162852,2.71699153,0,1.579278798,0.383286503,1.918428914,0,0
15886,0,0.188312238,0,0.9292513,1.09591011,0,0,0,0,0,0
15887,1.148025571,2.551015929,1.621514935,3.342958978,6.696677781,0,0,0.193364302,0,0.211646862,0.217934388
15888,2.890263068,3.376466088,2.838874203,7.813173089,6.200605348,4.137276546,4.507435132,3.28249902,4.198890875,2.999833479,3.462867442
15889,0.19766656,0.885599055,0.615297362,1.099840322,0.739492455,0.388224169,0.977488103,1.15528056,1.54670611,0,0
15891,0.779427746,0.902964341,1.226836369,1.495232905,2.585412684,3.707009352,2.536209749,3.281304294,1.533501745,8.131976151,6.504427761
15893,4.216992267,5.223516673,3.871385776,5.037247406,6.025026242,6.844571261,7.887939253,6.187891041,7.089345509,6.191638227,5.86916729
15894,7.300685433,14.87030987,8.341743249,21.95937435,21.45119532,15.03945427,17.70682495,17.18306619,19.71059113,10.66158639,12.60942262
15899,5.592551077,3.377359083,6.331090697,3.723015689,4.925862793,2.730971081,4.33266987,3.478921697,2.675888468,2.347451134,3.269966365
15900,3.255234329,1.451386969,3.244096217,2.980971202,4.389886157,4.307485631,5.078973573,2.121754324,1.723179275,2.544533182,1.750548783
15901,2.506168442,6.129628099,2.031973775,7.257416248,5.319313858,1.972122469,1.593601276,1.932015349,3.087879337,3.622373616,2.396561128
15902,4.623229134,5.824930517,5.091634419,4.44463714,4.781068676,4.13006393,5.672283493,4.834949995,6.521454529,6.636515965,5.243294657
15903,4.442324923,4.29512533,3.872100365,3.90776065,4.188197916,4.306507752,3.18179855,4.249878446,4.021541096,5.14184422,4.571438835
15904,1.33665422,0.917267391,1.843170357,2.226978979,2.190535924,1.755796507,1.765502001,2.709221461,2.304855764,1.502253102,0.867277081
15905,11.46959032,8.466916934,11.18197612,4.462953961,4.383235986,7.676061016,9.04403951,17.19397835,13.39586189,11.99372474,10.21714506
15906,8.040640322,14.04595112,9.768945554,13.60669501,11.6792933,3.908096052,14.48018598,8.108905866,15.50484247,9.406856484,13.29581797
15908,4.955871474,0.185279653,3.669965658,0.187227304,0,0.795631801,0,0,0,1.919078321,0.666647112
15909,46.82402479,44.35259235,42.9260971,37.0198895,39.44840699,46.99924786,48.03736851,43.6457501,41.52939436,63.47315573,70.80177187
15911,6.333727823,10.26080786,5.509970785,8.381262754,9.859652687,6.466695698,8.664739993,7.347345381,10.14115686,5.77382996,5.889725688
15914,6.900623952,6.523890081,6.305662469,5.393578598,5.266922946,5.317872489,5.722374854,5.020338101,5.16869498,6.62778294,5.220781528
15916,0,0.892204878,0,0.189313029,0,1.168593878,1.75848419,0.19251022,0,0,0
15917,0,0.169232409,0.206941496,0,0,0,0.205723382,0,0,0,0
15919,0.387864048,2.715002353,0.4011644,2.034705492,2.536453092,0.582239272,0.97643113,0.968705798,1.141302888,0,0.439584901
15920,1.14521303,2.329758003,0.197656014,2.418007371,2.341273556,0.195962267,1.566776903,0.389378412,0.764463579,0.852745675,1.307247758
15921,0.18060092,1.096522564,0,0.926290843,2.005174827,0.400832093,1.175136701,1.158339902,1.722853838,0.420643063,1.737055326
15923,0,0,0,0,0,0,0,0,0,0,0.211526017
15924,1.151868079,0.700319402,0.818279928,1.302027371,0.531136799,1.184924998,0.393103167,0.774487413,0.189807699,1.491648434,1.307633535
15925,0,0,0,0,0,0,0,0,0.189807699,0,0
15926,7.278859976,13.59692703,6.914250643,12.65515157,14.9680229,7.431602757,12.36853049,8.889695188,14.91619386,5.128637132,7.628283023
15928,0.18060092,0.166666667,0,2.05167131,1.647911753,0,0,0,0,0,0
15929,0.18060092,0.195187917,0.203084457,0.187227304,0,0,0.400101451,0,0.189477632,0,0
15930,0.195465977,0,0.203508386,0.183790577,0,0,0,0,0.189807699,0,0
15932,0.754893034,0.166666667,0.407931937,0.557370453,0.366623368,1.558048149,1.558721646,1.545486279,1.338397525,0.847848693,2.172224074
15933,0,0.169232409,0,0,0.552847063,0,0.59957714,0,0.568696532,0.219600869,0.653450298
15934,0,0.166666667,0,1.312188818,0.92487073,0,0,0,0,0,0
15936,0.195465977,0,0.203508386,0.183790577,0,0,0,0,0.189807699,0,0
15939,1.134350915,0.92414307,0.616432672,1.300724961,1.270487787,2.139741492,2.783930181,1.927474152,2.683619058,3.19071952,3.49228287
15941,0,0,0,0,0.179977976,0,0,0,0,0,0
15942,1.355942288,0,0.818381819,0.745460723,0.173732258,0.200925625,0,0,0,0,0
15944,2.313697285,2.754876555,2.448130595,2.590397407,3.430813725,1.760920939,2.149067419,1.742154937,1.731047357,1.925739395,2.379995353
15945,1.530317838,1.087392795,1.632572397,1.284605774,1.093358698,1.768019576,1.578985435,1.351677429,0.959838758,1.073431773,1.518773776
15946,0,0,0,0,0,0,0,0,0,0.220910356,0
15947,4.646163552,4.340046168,4.88042697,3.150288873,5.443486846,4.913913,5.090012504,4.449580637,4.570847348,4.04895065,4.370808866
15948,9.461540766,12.84522091,8.128371628,13.95610492,13.05495123,9.023683163,9.666825895,8.309243902,7.644263855,14.96838873,14.55234954
15949,0,0,0,0,0,0,0,0.192981542,0,0,0
15952,0.775983461,0.738012218,1.425529009,0.923749339,1.115068962,1.174787337,1.371341861,1.159794983,0.770361126,1.922896165,1.304946992
15953,0.201691347,0.531086993,0,0.551848001,1.619375428,0,0,0,0.384330774,0,0
15954,0.19766656,0.169232409,0.408253974,0.189768808,0,0.589149794,0,0.385491762,0,1.061741876,1.085597246
15955,11.46743766,10.08043163,12.00970177,12.44378395,13.65364128,9.775415922,9.831843983,7.536911596,8.615952183,10.50423021,10.24209042
15956,5.225847227,3.773873898,3.457180746,4.260439376,3.673636772,4.512313974,4.91274683,4.838147083,5.7518864,6.164428481,4.149158353
15957,2.904841304,1.454493364,2.025586624,2.229192946,1.654157471,1.378890229,1.207902385,0.96703975,1.148919892,0.6424083,1.75327394
15958,0.19766656,0.195187917,0.197656014,0,0,0.396887892,0,0.777991303,0,0,0
15959,0.766131527,0.185279653,0.61696745,0.9292513,0.177426564,0.976877905,0.590345774,0.965175134,0.378888833,0.211646862,0
15962,0.188628649,3.382178916,0,2.032200813,1.076751257,0.391240361,0.404428953,0.196014109,0.385303787,0,0
15963,4.248007716,4.87824888,5.499668248,5.39944492,5.852980095,4.293101676,4.926437016,4.244928717,4.39223641,4.685506934,4.982356547
15964,0,0,0,0.374861795,0.370317675,0,0,0,0,0,0
15966,1.528515479,3.430206148,1.623286914,3.908464314,4.757811064,1.771490549,1.752542879,1.93668719,2.883709613,1.051361466,2.176325974
15967,27.31327143,27.75239314,30.49873178,28.26360893,31.30090799,28.96173405,29.03219592,28.78850202,27.35920846,32.92205659,33.29156783
15968,0.190197488,1.103013887,0.204847479,0.189768808,0.724027909,0.584186437,1.377609081,1.155480095,0.953795792,2.556719833,1.736322388
15969,5.389950774,3.780208923,6.513934102,4.095771269,2.729482967,5.876903008,3.932548891,6.377813242,6.128725708,3.192965841,1.307247758
15970,1.345080173,1.774345196,1.418015505,0.739482493,0.904005886,2.550500299,2.159642615,2.123330843,2.49354503,0.208996201,0
15971,4.057810228,14.6491631,3.8766838,12.09621449,16.05258919,7.026322016,11.22689137,7.533518678,11.67753361,14.12059195,18.66325558
15972,1.894890875,0.713022409,0.402401602,0,0,0.587202629,0.394140614,0.773675448,0.764463579,0.420867321,0.220620931
15973,1.730184981,1.05797855,1.825032278,0,0,2.561111187,2.55318999,2.898044566,2.683018033,2.33572955,1.524757756
15975,1.141188243,0.748034982,1.836080783,1.67086811,1.633572857,2.761017655,1.191672734,2.518663417,1.913112513,0.421273686,0.439584901
15976,0,0.195187917,0,0,0,0,0,0.196014109,0,0,0.217934388
15977,0.96461211,0.335899076,0.614771541,0.739938271,0.928565037,1.37269677,0.384622391,1.168380248,0.189807699,3.836042542,3.476779585
15978,0,0,0,0,0,0,0,0,0,0.209220459,0
15979,0,0.169232409,0,0,0,0,0,0,0,0,0
15982,1.147413613,2.519699935,0.610914502,2.788093204,2.719823172,2.339982943,1.952862259,2.311587962,1.721856315,0.431247731,0.87510081
15983,2.50862439,0.505131485,1.625180356,0,0,0.967286174,0,1.158695887,0,0,0
15984,3.271668225,1.777025439,3.466457272,2.048283175,1.808710996,3.3461321,1.755213662,3.474399203,2.688585513,2.335178854,0.867662858
15985,1.338854803,2.730156602,1.215456869,3.152942285,2.031281326,3.723813699,3.171803574,3.866653731,3.264046946,1.280001572,2.601645865
15986,1.560446176,2.324626518,1.015181018,2.426946058,1.82901538,1.563011507,1.946920948,1.739033807,1.722853838,0.852521417,1.08287209
15987,4.608672743,4.633942491,4.067473594,2.978836886,3.095545874,4.4900831,3.722691762,4.442450453,3.6361164,3.424256607,3.498729854
15988,0,0,0,0,0,0,0.189187349,0,0,0,0
15989,2.489102802,1.790859283,2.639222856,1.117781015,0.900187357,1.75028722,2.363558433,1.54198239,1.522162257,2.141380118,1.96745359
15990,5.804237215,6.457010763,5.492378099,8.360593155,10.10337275,3.124214093,6.461524736,4.059861583,6.875540505,4.056322275,3.495322279
15992,1.159264065,0.166666667,0.410449883,0,0.191623994,0.197909432,0.198705571,0,0,0.211646862,0
15993,9.348502779,9.605650443,6.112769701,6.145721216,9.231424882,6.273294842,7.679545089,4.455760142,5.542279365,3.209053938,4.773445549
15994,3.871707298,2.683022365,4.267514284,2.23250143,2.906909531,4.684594261,2.358367713,2.703512312,3.258129518,2.137551812,2.177322647
15997,3.253033746,3.568154577,1.636661747,3.348233545,2.569809374,2.154085635,0.984199531,2.89457569,1.729101332,2.133457797,1.07504836
15998,2.118049028,1.583352715,2.249208852,1.487077532,1.610719698,2.932531009,1.577065243,2.709352105,1.350187988,1.499826699,0.878816935
15999,0,0,0.616534564,0,0,0,0,0.196014109,0.189206673,0.211646862,0
16000,0.18060092,0.185279653,0.204847479,0.183790577,0.372869087,0,0,0.193992076,0,0,0
16002,0,0,0,0,0,0,0,0,0,0.219600869,0.217934388
16003,19.07611331,15.66661675,17.28568203,14.68988932,13.08167452,15.06380344,13.78305852,14.67705181,13.96551155,14.51854861,11.51448773
16005,0.369229569,0.35194632,1.023229299,0.551848001,0.3718822,0.195962267,0.198705571,0,0.189807699,0.219600869,0.855842788
16007,0.757093616,0.188312238,0.61353434,0.366378886,0.723041023,0.785112061,0.410389791,0.385874522,0.756846575,0.211646862,0
16008,1.344448429,0.930634393,0.402503493,0.740286298,1.092215803,0.590600901,0.592865711,0.772821365,0.959112193,0.428821328,0.643287189
16009,0.570920916,0.179255173,0,0,0.173732258,0.200925625,0.195435043,0,0,0,0
16010,2.921044996,2.561276535,4.266697804,3.162627463,2.728198672,1.947512479,1.970455266,1.356287482,1.527086791,0.219600869,0.220620931
16011,1.720515326,1.653565065,2.23590609,3.159703831,3.096106335,4.501785846,2.936291673,3.476647546,2.290969225,2.991250875,2.179237636
16012,7.253905194,5.396280523,8.150604805,6.875493472,6.039065026,7.443279897,7.457592056,10.23450258,8.421478129,5.369853703,4.10453058
16013,2.852107,1.28226906,2.651839557,1.120741472,0.531136799,1.576638587,1.191692261,0.581888631,0.574781419,2.124162616,1.739047544
16016,11.91333927,5.71702535,14.2236774,9.498443178,9.494296436,9.602736574,9.212531881,7.546104927,3.634128677,5.989561072,15.46439286
16017,0,0,0,0,0,0.190314737,0,0,0,0,0
16019,7.285368851,7.077982483,7.54582117,7.448572883,8.960469395,8.237299517,6.509599108,7.147513477,4.406076398,7.890793295,7.840800008
16022,0.574292114,5.588550356,0.809096337,8.559272426,8.912355224,2.740341808,5.495578512,4.059049617,6.129447643,5.947274241,8.262083817
16023,1.133160513,2.539745464,2.843968444,2.43088139,2.383444213,2.550027072,3.14455452,3.287196668,3.442044301,2.144030778,3.264191077
16024,0,0,0,0,0,0.200925625,0,0,0,0,0
16025,3.650516208,2.545458292,3.257854645,0.562544878,0,3.511593013,2.940638702,4.05939026,2.676127593,2.769627942,2.831786099
16026,0.201691347,0.866986069,0.408253974,0.189768808,0,0,0,0,0,0.440511225,0.431761171
16027,1.395363904,0.905145727,1.016037833,0.376996112,1.632166976,0.793684636,0.986719469,0.965175134,0.384727272,1.073656031,1.072361818
16030,0.952559594,1.250600724,1.220783421,1.306247412,0.903018999,0.984472601,1.570047432,1.353542045,1.716685333,0.428821328,0
16032,4.785334163,3.27860888,4.665771395,5.218191279,5.837113733,7.234571462,5.514692227,6.176200956,4.601656104,2.553887065,2.630417487
16033,0.556667817,0.55587965,1.015935942,0.562544878,0,0.785112061,0.97643113,0.576650805,0.953152846,0.635571208,0
16034,0.18060092,1.257476403,1.013841925,1.858990637,0.922177852,1.174787337,1.182154512,1.351677429,1.338001027,0.417992403,0.224375669
16035,0,1.109889566,0,0.74116103,1.084544323,0,1.774733367,0,1.533647164,0,0
16036,1.154250941,1.937553125,1.425732792,1.874294252,1.843212809,1.75477735,2.54053725,2.31988513,1.913238052,1.282652232,1.307247758
16037,0.766386893,1.467818569,0.400740471,0.555691915,0.173732258,0.197909432,1.189152796,0.190304961,0.758174164,0.42455497,1.315071488
16038,0,0,0,0,0,0,0.195435043,0,0,0,0
16042,0.559427057,0.358510347,0.204745588,1.300745451,0.191623994,0,0,0,0,0,0
16046,2.870151367,1.048921485,2.21782636,0,0,3.129944383,2.158585641,2.31950237,1.337855607,4.699134913,4.103153836
16047,0.564695546,0.722546317,0.204745588,1.684873471,1.10386182,1.189503501,0.97643113,1.34596828,2.499587997,0.641777676,0.864976315
16048,3.244627579,3.788601994,3.852814811,6.51330237,5.631431075,4.10591711,3.895049715,3.285714812,2.688339064,9.425335232,5.012086227
16049,0,0,0.204745588,0,0,0,0,0,0,0,0
16051,3.100992326,2.859597295,3.047578722,4.844589068,4.370868771,4.322032126,1.960917517,8.506696783,3.257222937,1.276718261,0
16054,21.69651409,13.67213117,22.16976226,13.96661623,15.37479898,15.67189286,15.54404313,16.23226356,12.62687027,21.20574143,29.24215316
16055,0,0,0,0,0.177426564,0,0,0,0,0,0
16058,0,0.333333333,0,0.18083012,0,0,0,0,0,0,0
16060,0,0.354512062,0,0.9292513,0.191623994,0,0,0,0,1.073656031,0.877787353
16062,2.864914333,2.494243283,2.239617695,2.976830812,3.062750054,1.746636725,3.136824335,5.215341677,3.245161515,1.271368701,1.081842508
16064,1.140954722,0.34592184,1.4256309,0.187227304,0,0.577992977,0,1.352531512,0,0,0
16065,4.411826501,0,7.527772818,0.189313029,0,0,0,0,0,2.146457181,2.831400323
16066,0.195465977,0,0,0.189313029,0.3718822,0.199906468,0,0.193364302,0.19524964,0,0
16067,2.493127589,2.839666267,2.235049275,2.428211644,1.629878551,1.95375581,0.589595183,2.316312385,2.103316709,1.270331712,1.307247758
16068,19.69742698,22.35592244,18.71263722,20.08161831,22.83057878,23.03865152,22.40214182,22.0069342,25.28892922,23.73331915,22.45859859
16069,0,0.188312238,0,0,0.179977976,0.588130637,0.387142329,1.351677429,0.953093738,0.209220459,0.211140241
16075,0.201691347,0.700433902,0,0,0,0,0,0,0,0,0
16077,3.424596755,5.531745697,4.471780803,4.63964369,5.653843266,6.465626671,4.718655617,4.824281875,6.336738824,7.914477273,7.819812374
16078,2.283945324,3.125860908,2.425089894,3.531012423,4.015150341,1.772077756,1.561992174,2.125352877,1.925323984,0.220910356,0.650081336
16080,0.19766656,0.185279653,0,0.185548766,0.756397304,0.389675276,0,0,0.579580414,0.211646862,0.432790753
16083,0.954128432,2.515971342,0.402503493,6.695455391,4.926388832,0.189768808,1.165618479,0.775341496,1.143273424,0.440511225,0
16084,0.387864048,0.169232409,0,0.369339344,0.347464516,0,0.394140614,0,0.189477632,0,0.435901686
16085,0,0,0,0,0,0,0,0,0,0,0.221650513
16086,5.812264945,3.965488577,4.474679135,4.660778,4.929254896,4.290722561,4.334151524,4.829378593,5.549349822,4.293819509,6.773855593
16088,2.836610199,4.001084856,3.250128401,3.530764538,4.920036069,3.711164498,3.928395618,2.897034033,4.010256086,2.565304464,3.037547551
16089,11.1264874,13.84746076,11.20764882,13.59222198,12.92482012,11.35038968,10.48404544,10.44452418,10.72506078,12.8299338,12.20481473
16090,0.572489755,1.083934058,0,0.739482493,0.903018999,0,0.404428953,0,0.189081134,0,0
16091,1.736337264,4.90451604,0.410449883,4.634121238,6.358010396,3.738846399,5.131990027,3.669916218,5.165620073,3.428885155,3.271976192
16092,1.694715066,2.328510302,3.047578722,3.916935457,2.718258647,3.724024645,2.944966204,5.786978995,4.399185958,2.345479337,1.517744194
16094,0,0.166666667,0,0,0,0,0,0,0,0,0
16095,6.336253542,6.184063061,5.697980502,7.804653355,6.914266806,5.073967443,5.512884663,5.999286175,6.324155365,9.416606271,7.408009254
16096,1.54401228,0,1.623608952,1.116478605,0.370317675,0.980822105,0,0.965802907,0,0,0
16097,5.380956554,2.551015929,5.916028851,3.155404138,2.90193093,2.933215182,2.364289497,3.289375153,3.819275477,6.630435627,6.110242186
16101,1.718691121,2.513904456,1.625380931,1.681109208,2.753481657,2.147721042,1.962400008,1.542453712,1.338397525,2.556447336,1.963384599
16104,6.914267152,2.343591847,6.125006016,1.6760262,1.255444938,9.809993902,5.151196843,5.419940084,3.263366932,4.292876583,2.60932542
16105,2.694165347,3.579859871,4.666906705,3.722655896,5.300839688,2.538415474,2.779776907,1.350509478,0.568095507,0,0
16107,0.393132537,1.059608243,0,2.244480227,1.801059397,0.780915637,0.986699942,0.962498552,2.481629028,0.220910356,0.211140241
16109,0,0,0,0,0.177426564,0,0,0,0,0,0
16110,0,0,0,0.183790577,0.19289111,0,0,0,0,0,0
16111,7.476904973,5.771190457,7.119318269,3.543943758,4.375688728,9.993862956,6.483831709,8.503131105,6.123554726,4.055194896,4.777553154
16113,0,0,0,0,0.19289111,0.195962267,0,0,0,0,0.221650513
16116,0,0,0,0,0,0,0,0,0,0.208996201,0
16122,0,0,0,0,0,0,0,0.190304961,0,0,0
16127,6.497661326,7.410963474,5.669511357,6.700641583,6.189678436,6.238445986,4.502801247,5.601616696,6.319585408,2.580713698,1.744146117
16128,2.082907566,5.059248247,1.82584555,4.262071167,3.65336681,4.51201188,4.73203942,5.792469905,5.156884636,11.60873375,7.162645952
16129,0,0,0,0,0,0,0,0,0,0.431247731,0
16130,0.19766656,0.547134237,1.220783421,0.9292513,1.098741752,1.174787337,0.79753212,1.15916721,1.148919892,1.073431773,1.535339551
16132,0.18060092,0.166666667,0,0.187227304,0,0.586183472,0.78205306,1.355181319,0.959112193,0,0
16133,1.704081429,0.883147813,1.64351901,1.299941646,0.531417029,1.556867918,0.188436758,1.548545621,1.33195806,0.847037989,0
16134,0,0,0.608105897,0,0,0.599760682,0.195435043,0.962115792,0.95406675,0,0
16135,0.201691347,0,0,0.185548766,0.191623994,0,0,0,0,0,0
16138,8.993924533,4.937035575,8.938396283,3.533226391,6.05368145,5.510355395,2.568955906,3.100150584,0.189807699,13.91686538,11.72219319
16139,2.299463971,9.05854475,1.820841036,3.162578871,2.905766637,3.709713392,9.688263141,7.336902567,11.1203465,14.34163048,22.84296908
16141,5.003320818,5.266496164,5.285625012,4.997300714,4.959779536,5.466032996,5.919710562,6.756374354,6.484711158,4.677739405,5.698029975
16142,1.89301337,3.467669963,2.034160726,4.264585768,4.793577291,4.490579158,4.683369995,5.028628202,6.135520576,0.630494145,0.220620931
16144,19.12602255,23.56432327,19.52791956,24.39103449,21.93453683,21.72798799,21.03878627,21.84809855,21.76983098,21.40863373,21.36522695
16145,4.987824017,2.703702237,4.274536553,3.345500482,5.485498858,3.516767316,2.735528085,3.67268843,2.474384011,10.44706461,8.481709203
16146,0,0,0,0,0,0,0.195435043,0,0.189807699,0,0
16147,11.48169408,14.5098913,10.56741732,9.67085555,11.29776841,15.27888363,14.71778597,15.64966906,15.11119242,18.99415216,18.71312869
16148,0,0,0,0,0,0,0.204666409,0,0,0,0
16149,1.743806336,1.058871545,3.05558346,2.031724544,0.561941668,1.560518413,1.778747979,2.314647304,2.878063145,0.423924347,7.163218234
16151,2.682693333,1.99432577,1.616751689,1.676809515,1.281288384,1.365102074,1.569296841,1.541354616,1.149249959,0,0
16153,0,0.370559306,0,0,0,0,0,0,0,0,0
16157,0,0,0,0,0.366623368,0,0,0,0,0,0
16158,0,0.195187917,0,0,0,0,0,0,0,0,0
16159,0,0.710342166,0,0.939085211,0.173732258,0,0.189187349,0.196014109,0.189206673,0,0
16161,0.369229569,0,0.4011644,0.189313029,0,0,0,0,0,0,0
16162,0,0,0,0,0,0,0,0,0,0.219600869,0.211526017
16163,0.954782022,0,0.614771541,0,0,0.190314737,0,0.775497947,0,0,0
16165,0,0,0,0,0,0,0,0,0,0,0.211526017
16167,2.705381995,2.365196729,1.428046955,2.962278255,4.520904542,3.514224352,3.702421466,5.41450172,6.306927591,2.383954415,2.8283223
16170,0,0.367567412,0,0,0,0,0,0,0,0,0
16171,0.190197488,0.169232409,0.197656014,0,0.173732258,0.189768808,0,0,0,0,0
16172,1.361514069,2.727590859,1.631131412,2.60011941,2.757456194,2.523860386,3.328531622,3.281487519,3.837379866,5.156683559,4.789406133
16176,0,0.685279653,0,2.23119902,1.646205761,0,0,0,0.581154452,0,0
16178,35.53845807,32.04640423,35.81224341,29.21712858,31.06774423,29.29104533,29.14345431,23.76231123,24.49053415,35.28309558,40.07159645
16180,4.2039712,3.305582924,4.678870374,3.173780119,4.192016445,4.117162301,4.335534407,3.477501629,4.026916606,2.769627942,4.118618506
16181,5.421966794,5.518378695,6.926969236,5.77811957,3.670978316,4.50581842,3.361316833,8.499818679,4.994973394,11.78002006,13.42693215
16182,3.820488532,0.169232409,5.294109388,2.02918304,1.638692925,3.135614744,0.582290516,1.731659577,0,1.274698224,4.13181532
16183,0,0,0,0,0,0,0,0,0,0.212277485,0
16185,0,0,0,0.374861795,0.191623994,0,0,0,0,0,0
16186,0.97521886,0.35194632,0.803667894,0,0,0,0,0.190304961,0.189477632,0.421497944,0.442271443
16187,0.583330025,1.055412807,0.60558795,0.750099718,0.904286116,0.984472601,0.788300754,1.929653639,1.337550051,0.842141007,0.43551591
16191,2.103041113,2.1301753,3.058203297,3.54218557,2.554607814,3.329468772,2.754428518,2.898489114,2.102469236,1.293663266,1.732639173
16192,3.268477247,2.877825926,3.866773813,2.227015804,3.099218208,2.539751167,2.195372445,3.68023542,2.886461192,4.912349233,5.895252369
16193,6.136641765,6.691916585,6.084430976,5.391749482,6.575460657,5.694778767,5.934020021,7.538531162,6.122761731,4.26680398,5.433761517
16195,0.773527513,2.39387317,1.224015956,5.206280367,5.49075769,1.743238454,1.388915341,2.511289187,2.109059576,0,0
16196,30.49105019,25.65567255,30.09225113,22.70325972,23.7705096,25.04675472,25.23330836,23.56369182,20.10060818,24.61673631,33.52343773
16197,5.562492509,6.139568377,2.834682961,5.378934623,4.573592862,5.491130655,5.880063078,3.675668451,4.382680118,4.493952491,7.86677495
16198,0.384094626,0.185279653,0.203084457,0,0,0,0,0,0,0,0
16200,1.334851861,2.493858927,3.263483663,2.229996752,2.954165833,1.959899399,1.569296841,1.351677429,1.717682856,0.851404501,1.086626828
16201,5.179243361,3.904634996,4.892549586,2.983056927,2.191820219,5.308662838,3.135786889,5.40564567,4.791380185,1.914487551,1.956590451
16202,0.966254036,1.791595981,0.400740471,1.856813494,3.290281741,0,0.393853758,0.192981542,0.574259382,0.420867321,0
16203,1.513555489,1.429855898,1.008846367,0.364620697,0.351158822,2.353518875,1.953632377,2.315657837,1.911934972,2.781217685,3.040658484
16204,4.840417283,2.707275475,5.479958765,2.775062717,2.383848665,3.128565978,3.330626042,2.317208549,1.332438177,2.545436302,1.528512495
16206,8.599783874,8.073984199,8.338109565,8.736139114,10.21888744,6.47276936,7.676294087,5.597712309,7.090613991,5.786465127,6.974755497
16208,13.63768117,12.84698051,11.55858987,13.0159799,13.72169454,10.73033801,11.7869914,8.89625842,8.810107902,9.822646742,12.41687899
16209,0.399357907,0.53776552,0,3.170284232,3.12604854,0.598741525,0.999965447,1.348871171,1.528205224,0.219600869,0
16212,16.14949654,12.31410753,17.09106979,13.40577615,11.85035249,14.27618261,12.37624114,14.10577464,12.24100468,16.66675129,13.07428442
16213,1.321789162,1.849730828,2.256094643,2.241895897,1.815256826,2.163677366,1.010253787,1.740673081,1.514274294,3.447443831,3.256720214
16214,7.677964576,3.911593161,7.930610514,3.530229108,5.265073395,4.112965877,3.567883906,4.049453818,3.060854865,6.410204135,6.980921138
16215,6.543866968,8.984136963,5.098596782,8.576437538,6.554488769,7.827642626,7.490814967,8.698153385,10.90816538,5.740828546,6.762271421
16216,2.33240485,0.893056077,2.029455829,1.484536029,1.453594881,1.374693805,0.993717754,0.966185667,0.952822779,0.858727886,1.518773776
16217,0.370798408,0.524211314,1.016359871,0,0.544049933,0.390694432,0.204666409,0.576179482,0.384330774,0.65278871,0.643287189
16218,2.901756928,1.605112787,3.253994397,1.30922836,1.468779196,2.534926054,1.946920948,1.737996499,1.521585742,1.91292212,1.729914017
16219,0,0,0,0,0,0,0,0,0.19524964,0.420867321,0
16222,0,0,0,0.189768808,0,0,0,0,0,0,0
16223,2.153016177,2.507692772,2.440004395,4.464632499,2.852247438,2.346508612,1.583312937,1.73701274,2.096426269,0.864435572,2.181704763
16224,0.574292114,1.815070597,1.015935942,2.232538255,2.890706543,0.585637543,0.983448941,0.387356378,0.769634561,1.061741876,1.086588214
16225,5.362625366,5.403737545,6.118198145,3.521783024,2.521251533,3.514770281,2.937368173,5.414728029,4.40030902,4.916036882,11.10088348
16226,0.370798408,2.170433858,0.413882993,2.06483004,2.018368192,0.590127673,1.361379431,1.548702072,1.148072419,0.208996201,0.220620931
16228,0,0.169232409,0,0.370143149,0.360516414,0.197909432,0.387142329,1.15916721,0.378287808,0,0
16229,0,0,0,0.189313029,0.177426564,0.200925625,0,0,0,0.421273686,0.43551591
16230,0.190197488,1.419833134,0,1.114800067,2.189268807,0.3938717,0.387142329,0,0.959838758,0.209220459,0
16231,0.779449592,2.350467526,1.428148847,1.85842295,1.986157441,0.587202629,1.354825354,1.548817409,1.717165449,0,0.422666258
16232,0,0.335899076,0.203084457,0.364620697,0.357684771,0,0,0,0.764463579,0,0.220620931
16233,0.767955732,0.367567412,0.204847479,0.189768808,0,0,0.393853758,0.193364302,0,0,0.429460406
16236,0,0.568779809,0,0.558652373,0.54049439,0,0.205723382,0,0,0,0
16237,4.9946395,4.865722037,3.662350263,2.043188401,1.467512079,3.706536124,3.137130718,3.085201622,2.853272844,5.097079073,4.995167584
16238,0.945090522,0.552847065,2.444999952,1.49005848,1.258276581,2.341979979,1.774713841,2.125352877,1.345263454,1.289975617,1.525567923
16239,5.008892599,2.740531708,4.475201747,3.156663722,3.138276991,4.136509613,3.143378411,3.282812925,2.683288991,3.206809643,3.041230766
16240,1.749074825,1.803447789,1.619327983,2.232957209,2.755326413,2.160279094,1.765482474,1.734336159,1.533250667,0,0.431761171
16241,5.040520005,5.514254706,4.462259801,5.211403242,4.382636307,5.870970365,5.323887212,5.422259714,5.756143477,8.33395518,8.502443384
16242,0.962156162,0.882254818,1.431483273,2.034705492,1.456146293,1.365102074,1.182154512,1.15916721,1.148919892,1.059770079,1.294398107
16243,8.505116819,5.882414666,7.519356316,5.805851348,5.11915572,13.31327405,12.77242213,11.97351886,9.958811313,18.3317455,18.96804421
16244,0.390319996,0.335899076,0.408355866,0,0,0.778918602,0.977488103,1.15916721,0.580553427,1.282652232,1.307247758
16245,0.18060092,2.698488266,0,3.915326001,3.836478633,8.032268616,4.915208188,4.248144509,5.353853734,0,0
16246,0,0,0.203508386,0,0.177426564,0,0,0,0,0,0
16247,0,0,0.197656014,0.376996112,0.191623994,0.197909432,0.205723382,0,0,0.212277485,0
16248,18.24676049,14.73320397,19.53682787,14.15586138,13.90121166,14.87645502,15.60423293,15.83559974,15.13547264,17.50268583,14.8447072
16250,5.014537467,5.918622103,5.683365259,4.657768951,4.209347719,3.325051343,4.115369411,2.906376747,4.603338494,3.406542351,4.563154088
16251,0.97610597,0.894344468,0.408355866,0,0,2.756600227,0.582577372,1.157214031,0.769634561,0,0
16252,0.767955732,1.767469517,0.812529447,1.682787746,1.110107539,0.190314737,0.38789292,1.347163006,0.764793646,1.504193211,1.313689039
16253,0.19766656,0.185279653,0,0.18083012,0.56449308,0,0.189187349,1.351677429,1.332354558,5.760472451,2.60744334
16255,0,0.166666667,0,0.559108151,0,0,0,0.19251022,0.189807699,0,0.429074629
16256,1.166733137,0.166666667,1.013841925,0.750099718,0.373149317,0.400832093,0.982678823,0.387356378,0.19524964,0.63008778,0
16257,0,0,0,0.187227304,0,0,0,0,0,0,0
16258,0.566264385,0.169232409,0.408253974,1.48155508,0.725592435,1.96329767,0,1.544658971,0,0,0
16259,0,0,0,0,0,0,0,0,0,0,1.518387999
16260,0.190197488,0.728570797,0,0.185548766,0.191623994,0.400832093,0,0.582359954,0.189081134,0.220910356,0.211140241
16261,0.583983614,2.380350978,1.018936165,1.491796179,0.191623994,1.583760055,1.183981603,2.330353715,2.284475283,0,0
16262,0,1.79027794,0,0,0,0,0,0,0,6.651389018,9.59909987
16263,5.192230913,5.819217689,6.92280973,7.261823692,6.741521435,6.456721887,5.895273972,5.214712937,5.550221806,5.114552519,4.351203681
16264,6.534480819,6.465527175,5.506324936,6.506179187,7.667835105,6.626647325,7.505411282,7.712007239,7.478541709,9.609962891,8.281171761
16265,0,0,0.204847479,0,0,0,0,0,0,0,0
16266,0.195465977,0.335899076,0,0,0,0.189768808,0,0,0.19524964,0.420867321,0.650725142
16267,1.739149805,1.632782838,1.420533452,0.560786689,1.084264092,0.195962267,0.198705571,0.387356378,0.189081134,0,0.653411684
16268,0,0,0,0,0,0,0.205723382,0.383669263,0,0,0
16270,0.403382695,0,0.204745588,0.918226887,0.37160197,0,0,0.196014109,0,0.208996201,0.435901686
16271,4.427578668,4.012425662,4.48514347,4.097390647,4.528977838,3.524362012,3.552730756,3.676863177,5.529545856,0.863804949,0
16272,0,0.367567412,0.197656014,0,0.173732258,0,0.195435043,0,0.568366466,0,0.220620931
16273,10.59286949,7.111207809,9.360589688,5.949307339,4.18564914,9.176175564,5.685072244,5.990184109,5.16344501,7.279262164,14.59481959
16275,1.925650958,2.708012174,2.236286476,3.730218524,3.08729196,3.526611271,4.114025582,4.253287673,4.211227886,3.196915526,2.633714925
16276,2.512627332,3.571768505,2.858191135,5.218427398,4.566045604,4.481942475,3.91900955,6.565869859,5.721077643,3.642920642,1.716678589
16277,5.371874952,3.789380489,7.527886875,5.58665589,4.534360892,5.306031499,3.957140182,3.868613977,3.250662564,5.364064062,5.673987633
16278,10.78602775,10.05590867,10.1690929,8.739099571,7.700348059,7.455039798,8.454750709,7.143601056,6.32083401,6.621626739,6.958833527
16279,0.948790172,0.886065898,1.414582396,1.674384487,1.845903051,1.761898818,1.585526492,1.349498945,1.925173935,1.293032643,0.865967283
16280,7.859734052,5.546151101,7.524834151,3.134090035,3.068008886,5.661995264,3.337756481,5.205133447,2.87307218,3.196429233,2.392845004
16281,16.60061635,14.03118106,15.27415309,10.22478928,11.68423748,14.08302282,13.95228847,16.41717328,14.93057577,26.31563505,27.86063708
16282,3.415325324,3.450448828,4.066090958,4.083432679,3.462605481,5.465891978,3.950872962,3.664547713,3.629672306,4.929566735,5.20354976
16283,1.154250941,0.748034982,0.611440323,1.866578323,0.19289111,2.13642598,1.386820921,1.157145176,0.757573139,0,0
16284,0.791246742,1.029342799,0.410449883,1.296445759,1.281008154,0.78952949,0.576329678,1.542836472,1.345413504,4.900659336,3.49706719
16285,2.49869937,2.161958136,2.639646785,2.422805668,1.85600172,2.917861942,2.175121675,2.12232031,1.338001027,2.348984878,2.835155061
16286,0.201691347,0,0,0,0.173732258,0,0.400101451,0,0,0,0
16287,0.940150485,1.049699979,1.214117776,0,0.707700699,1.172840172,0.804530405,0.578856064,0.960109717,0.439201739,0.862251159
16289,0,0.179255173,0.197656014,0,0,0,0.410389791,0,0,0,0
16290,20.54814154,16.24538521,18.3001802,19.71441209,18.19654105,14.87167417,17.9670139,15.63966037,11.67794536,18.86837059,20.49333079
16293,0.201691347,0,0.197656014,0,0,0,0,0,0,0,0
16297,1.718548264,1.294006368,2.646266247,2.584874955,1.812425183,4.104131021,5.686280062,3.865554635,4.959880941,10.68945071,27.64472895
16304,0.201691347,3.056499756,0,0.555691915,2.74978735,0,0.977201247,0,0.770878533,3.817029261,7.376730764
16305,0.566264385,0.709490967,0,0,0.191623994,0,0,0,0,0,0
16308,0,0,0.203084457,0.185548766,0.19289111,0,0,0,0,0,0
16310,2.682387982,2.937548669,2.642655966,5.594640195,4.735644681,3.121059656,3.721634789,3.281556375,5.354371141,2.336033735,3.486613142
16311,0.397157325,1.411242911,0.607249081,1.290526688,2.205030762,1.377709998,1.348094399,2.512326495,2.291341213,0,0
16312,0.195465977,0,0.204745588,0,0,0.197909432,0,0.386973618,0.378684306,0,0
16318,9.376777516,7.47896688,11.40111359,8.742515807,9.085083417,9.973325354,8.091084954,10.63539513,9.390782237,9.818510577,7.849251116
16319,2.13192575,0.38046757,2.244436649,0,0.19289111,2.127900502,0,0.968862249,0.385574746,0.428597071,0.854813206
16322,0.190197488,2.142763806,0.411687084,3.911561738,4.230212564,0.195962267,0,0.96703975,0.573537448,4.060234181,5.011409512
16323,10.99017299,12.56826608,13.63508006,14.13424784,18.22523338,11.32091608,13.92471736,9.278174039,10.16751909,6.607958954,3.93398203
16324,3.229130778,1.460091692,4.272773531,1.121593869,1.09591011,3.504086691,0.755248214,3.286473265,0.196097113,2.774118558,0
16328,0,0,0,0,0.177426564,0,0,0,0,0,0
16330,4.055934782,1.975712784,4.062759739,1.300269182,1.837829754,3.536446837,2.353733828,2.70631857,2.298416299,3.413235112,3.063246854
16339,0,0,0,0,0,0,0,0,0,0.42455497,0
16341,10.1653359,10.54097913,8.311264324,13.54237918,12.22151349,10.14369975,7.274039635,9.271782564,8.029734878,5.576471741,3.246992218
16344,1.736012127,4.185002308,2.238482385,7.643994229,4.736083556,5.679921584,6.299722452,5.410527511,8.789465894,0,0
16345,0.779427746,8.315569655,2.031973775,4.460868236,4.19073215,1.179204765,4.940302267,1.547917848,4.40719483,1.932159659,1.099437865
16346,0,0,0,0,0.19289111,0.197909432,0.195435043,0.386973618,0.196097113,0.432557217,0
16347,0.201691347,0.550166822,0,0.566309141,0.527722723,0.97882507,0.977488103,0.768306942,0.76301508,0,0
16348,0,0,0,0.185548766,0,0,0,0,0,0,0.220620931
16350,0.559427057,0,1.017698964,0.187227304,0,0,0,0.385874522,0,0,0
16353,0,0.179255173,0.204745588,0.373103606,0.180258207,0.189768808,0.198705571,0.579683372,0,0,0
16354,0.762362106,0.710342166,1.220783421,1.676809515,1.822769661,0.77595228,1.586583465,2.312442045,2.107184612,0.852115052,0.874457005
16359,81.99091723,78.79967955,74.54842162,71.77640755,77.1901517,79.03931019,83.53303027,74.75861872,76.15505324,83.19684476,92.21145447
16364,0,0,0,0,0,0,0,0,0,0.219600869,0
16366,1.91258826,0.536799821,1.427724917,0.935648485,0.372869087,0.388224169,0,0,0,0,0
16367,0,0,0,0,0,0,0,0,0.19524964,0,0
16369,5.020061322,3.56259694,5.285535286,2.419309781,4.720601831,6.261664798,5.113259966,5.403781054,4.2148202,6.426566756,5.029285086
16370,0,0,0,0,0.173732258,0,0,0,0.384727272,0.640874556,0.211140241
16372,3.838892807,3.794699178,3.451653619,5.76845216,5.11929712,5.476666715,4.319748964,7.532753158,8.015355667,1.282245866,1.951950305
16373,1.539914406,1.263189231,1.613797649,1.660669837,1.673316324,0.791053298,0.986719469,1.738850582,1.149249959,1.274019361,0.217934388
16375,2.289612037,2.379103277,2.220446198,2.237596204,2.909741174,2.923673322,4.885346095,2.895858011,4.777623816,8.972375709,6.74469249
16376,0.956584381,0,1.220783421,0,0,0.395868736,0,0.968862249,0,0,0
16377,0,0,0.410449883,0,0,0,0,0,0,0,0
16378,6.526147739,7.572850998,5.491628923,7.62590896,9.084500983,6.852761756,8.091436061,6.948891641,7.649392916,8.767143021,8.934215279
16379,0,0.195187917,0,0,0,0,0,0,0,0,0.220620931
16380,0.949747053,0.35194632,1.840652411,0.189313029,0,1.180052788,0.188436758,0.767583539,0,0.428821328,0
16381,10.530915,16.69171215,11.41728927,19.50491617,20.97190406,13.70056016,19.71525531,14.10368469,18.19856168,18.78759282,27.01106921
16382,0.748055706,0.185279653,0.408355866,0.374861795,0.56449308,0.583640508,0.394140614,0.581888631,0.19524964,0.630494145,0
16384,0.391888835,0,0.406592844,0.189768808,0.191623994,0,0.205723382,0,0,0.211646862,0
16385,2.704393659,3.981109669,5.077356588,4.480387324,4.942889228,5.884547574,3.54107906,4.826774264,4.973841838,3.880631672,4.773831325
16388,0,0,0,0,0,0,0.188436758,0.383286503,0.764463579,0,0
16390,0.945090522,1.089646886,1.834317761,0.747139261,1.462533478,0.977897061,1.737927038,0.58033792,0.196097113,1.282652232,1.972865288
16391,11.37736366,16.61095608,13.65317459,17.49008195,17.47494039,16.4304706,17.88904572,13.91473094,15.72406954,11.94846721,11.79661647
16392,3.675916184,2.14459285,4.060607374,2.784365766,2.532634564,3.119497345,1.56781435,2.12232031,1.925570433,1.914942157,0.862251159
16393,3.834794933,3.952702919,4.063514663,4.102248104,3.820431653,4.108387373,4.104024098,4.636668838,3.074243877,2.795510002,0.660277355
16395,0,0,0,0,0,0,0,0,0,0,0.217934388
16396,5.763880565,4.607123638,5.27425447,3.733156646,2.898253801,3.701522896,2.367135344,5.794354192,2.879720801,0.853830904,1.534309969
16397,2.321542735,2.155394109,1.418439435,2.409487636,4.149845788,2.336470693,2.384115585,2.709666009,3.636212799,3.435722247,3.043570146
16398,9.931403125,11.42817806,9.157147624,10.95194495,12.98116623,9.750967008,11.2227381,9.841020456,10.91566148,12.13304593,8.519581442
16399,2.099341463,2.344557547,1.623286914,1.678567704,2.378185381,1.96949113,2.559744066,1.935519239,1.5329206,2.356084005,2.396561128
16400,12.05205302,12.37730545,11.60358214,14.51263289,13.05028721,7.657938192,7.861134407,10.43031833,8.049910831,8.1180902,5.680390299
16401,2.312829961,4.308844674,2.847624908,5.940252175,4.036175922,3.32025912,2.952847233,3.287196668,2.481604517,1.910313609,2.861201527
16402,7.124129086,14.78834692,6.905287198,15.24636871,16.5889531,8.825609881,9.811593213,7.731630948,8.05018179,9.390994672,8.512897432
16403,0.190197488,0,0.203084457,0,0,0,0,0,0,0,0
16404,0.579560603,0,1.42375703,0.185548766,0.173732258,0.200925625,0.189187349,0.579683372,0.19524964,0,0
16405,4.616066669,3.448704634,4.887414652,4.832749083,5.29134063,3.337063467,1.976683433,2.319388036,1.729473319,0,0
16406,6.936692898,8.126748777,8.553299917,11.91529295,10.61930806,8.224107161,6.732609114,7.727668172,6.503170124,10.0459835,8.292552141
16407,0,0.357544647,0,0,0,0.195962267,0,0.582359954,0.385303787,0.212277485,0
16409,0.763930945,1.083934058,0.204847479,0.935648485,0.353990465,0.586183472,0.798282711,0.575796722,0.952822779,1.282652232,1.086626828
16410,10.97479296,3.751376021,11.17123904,2.410769556,2.887733501,6.066175758,2.358367713,4.05950463,2.677184224,5.986715814,6.078006765
16411,1.547383478,0.543675499,0.204847479,0.371017881,0,0.395868736,0,0,0.196097113,0,0
16412,0.18060092,0,0,0,0,0,0,0.193364302,0,0,0
16413,0,0,0,0,0.19289111,0,0,0,0,0,0
16414,0,0,0,0,0,0,0,0,0,0.219600869,0.220620931
16415,0.195465977,0.731136539,0.203508386,0.370143149,0.191623994,0,0,0,0,0.423924347,0
16418,16.69597436,14.80281511,18.72782737,13.20847305,13.52694149,18.97528209,18.36240873,19.6994966,17.99615064,17.94669011,17.18347734
16419,11.13568243,10.94472069,13.22581167,9.479784332,9.118159468,9.77726612,11.2216616,10.04524317,9.767017172,12.39868607,11.55678183
16420,0,0.35194632,0,0,0,0,0,0.196014109,0,0,0
16421,10.08468825,10.08477358,12.01908329,12.4655656,10.46341384,7.832556112,9.240206453,10.43684655,10.90907659,6.847352122,6.737441043
16422,7.296537574,7.025551623,10.58774809,7.069513381,8.720994283,9.006314235,9.83813073,8.693880614,8.616636827,7.044209912,6.077653898
16423,0.361201839,0.354512062,0.411788976,0.18083012,0,0.3938717,0.377624107,1.351206107,0.776525001,0.219600869,0.220620931
16425,0.18060092,0,0,0,0,0,0,0,0,0,0
16426,0.201691347,0,0,0,0,0,0,0,0,0,0
16427,1.730111894,2.884816105,1.630376488,4.462150155,4.874770784,2.161256973,2.358367713,2.319344952,3.067870844,1.935440942,3.059492116
16428,0.201691347,0,0,0.189768808,0,0.189768808,0.189187349,0.190304961,0.189807699,0,0
16430,1.900718022,1.052380222,2.033838689,0.185548766,0,1.184379069,0,1.932842657,0.378287808,0,0
16431,0,0,0,0,0,0.199906468,0,0,0,2.134056733,1.740424288
16433,3.85960354,3.804649238,3.459163914,4.088183583,2.3387049,3.71977835,1.784232063,3.670211383,3.256163612,0.432557217,0
16434,0.19766656,2.277492281,0,1.660669837,1.979331381,0.200925625,0.589575656,0.964389943,0.9663327,0,0.441241861
16435,0,0.195187917,0.203084457,1.308752091,0,0.38767824,0,0.193364302,0,0,0
16436,1.133792257,1.969533113,1.826693409,4.084698265,3.47680291,2.356787291,2.135821441,2.121083467,2.48831494,0.850095015,2.62401482
16437,0.188628649,0.195187917,0.203508386,0.560786689,0.179977976,0.189768808,0.38789292,0.773675448,0.189807699,0,0
16438,0.384094626,0,0,0,0.177426564,0,0.189187349,0,0,0,0
16440,2.298251725,0.333333333,2.236719362,1.300269182,0.902738769,2.14864905,1.171885699,2.313096593,0.952426281,0.649731684,2.390119848
16443,45.82975807,44.8340001,42.54943862,42.79953846,40.51648318,37.75279446,43.92876562,37.28350628,40.38914428,44.2248834,47.94596493
16444,0,0,0,0,0,0,0,0.190304961,0,0,0
16446,1.333841679,2.344443046,1.628715358,2.972112166,2.590532752,1.760424881,2.370556717,1.744360196,2.675923065,1.914942157,2.379995353
16447,0,0,0,0.183790577,0,0,0,0.383286503,0,0,0
16448,0.956584381,1.237659875,0.604672787,0.922446929,1.625779791,0.59679436,0.605824834,1.158313127,1.143022346,1.064392537,0.861865383
16449,4.968609035,5.200156557,4.685486627,5.584478748,5.123413124,3.515698289,3.300976185,3.481188744,4.014458686,3.445017428,4.143135758
16450,0,0,0.204745588,0.187227304,0,0.579990013,0,0.386973618,0.19524964,0.644834702,0.429074629
16451,0,0,0,0,0.180258207,0,0,0,0,0,0
16452,0,0.335899076,4.659058999,14.70829036,18.04171711,44.50459859,34.69302148,37.87081129,31.53593313,2.779379756,2.844355535
16457,1.143410671,0.35194632,0.411788976,0.550169463,0.353710234,0.400832093,0,0,0,0,0.220620931
16458,1.344448429,0.562755329,1.423867878,1.678567704,1.849475771,1.76491501,2.963886164,2.706858748,2.487112889,1.282652232,1.085597246
16459,0.574292114,2.334534782,1.208265404,2.226978979,2.004014754,2.352067769,1.98045675,2.121665762,1.528205224,2.153700638,1.514671875
16460,0,1.083934058,0,0.562544878,0.347464516,0,0,0.96703975,0,0,0
16461,1.517653363,0.185279653,1.218689404,0,0,0.395868736,0.189187349,0.965802907,0.379285331,2.14115586,3.931262579
16462,12.00397525,13.13096175,10.15277034,7.798695615,4.605508841,10.0031922,11.39398133,3.095199852,8.805729915,22.81646821,0.220620931
16463,0.566264385,1.112455308,0.410025953,1.879033389,3.642724858,0.199906468,0.778031941,0.192981542,0.189807699,1.093978798,1.525182147
16464,1.157063482,2.219197789,0.817042726,3.159646515,3.78079523,2.749387611,2.977438524,2.89507282,2.292193316,3.409953828,3.046609555
16465,0.973650021,0.898654405,1.015935942,1.116478605,1.102155828,0.976877905,1.182154512,0.770642881,1.724055889,0.211646862,0.643287189
16471,7.254681855,6.925803708,7.324598634,5.373851616,5.987834187,8.039251839,8.047763601,9.470101964,8.044680741,2.354336466,1.740038512
16474,0.956584381,1.460558535,0.204847479,1.481994525,1.083277206,0,0.394140614,0.385874522,0.378684306,0,0.217934388
16475,12.88796802,14.07167873,14.25020025,11.90786457,12.339316,11.54046058,11.97004368,10.43219001,9.002795411,10.65030286,7.838002201
16476,2.33581768,4.856562618,2.038639419,4.996576559,4.333094282,2.526239501,2.370366819,2.507628846,3.07273627,1.069289518,0.442310057
16477,0.568464967,1.247453639,1.222122514,3.90515583,3.117109943,1.374693805,0.992967163,2.512552804,2.297593337,0.431247731,0.217934388
16479,1.154250941,0.923291871,1.220783421,0.739482493,1.09591011,0.973861713,1.182154512,0.965802907,0.770235587,1.283961719,1.514633261
16480,6.338457441,4.646146642,6.924383984,8.910187197,6.180303601,6.063705494,3.917356687,4.642987056,4.022839545,1.073656031,0.43551591
16481,1.932434985,2.710806917,1.63676043,2.603271427,2.904077889,2.756054298,1.981187814,2.704680264,1.913238052,5.980976441,4.825582798
16484,0,0,0,0.370598928,0.180258207,0,0,0,0,0,0.211140241
16488,1.150226154,0.70603223,1.4256309,1.485362169,1.269642367,0.390221205,0.57305915,0.193364302,0.19524964,1.494299094,0.220620931
16490,0,0,0.204745588,0.560330911,0,0,0,0.386973618,0.189477632,0,0
16492,0.568464967,0.354978905,0.612677524,0.935648485,2.390957048,0.390221205,1.559778619,0.193992076,1.344686939,0,0
16494,0,0.166666667,0,0,0.353990465,0,0.198705571,0,0.189081134,0,0
16495,0,0,0,0,0.173732258,0,0,0,0,0,0.224375669
16496,14.1971364,14.38013676,10.98452678,15.63977928,14.77796343,12.31471231,16.85273768,17.00993079,16.4692757,12.81177743,15.03221758
16497,0.19766656,0,0,0,0.19289111,0.38767824,0,0.386973618,0.385057339,2.7738943,8.912737436
16498,0,0,0,0.189313029,0,0,0,0,0,0,0
16499,0,0.348487582,0,0.370598928,0.540355626,0,0,0,0,0,0
16501,0.574292114,1.290859283,0.613101454,1.114720416,1.983869015,1.377709998,1.772193903,1.736514643,2.487768393,2.138323092,3.681021246
16502,1.154250941,0.354512062,1.013841925,0.927165575,0.903018999,0.976877905,0.387142329,0.775497947,0.580553427,1.061741876,0.422666258
16503,3.829526443,4.14093267,4.472683801,5.023284871,3.837039093,3.917599409,3.73384332,5.031346864,3.629346869,2.356308263,0
16505,2.106810535,2.722147723,2.647169245,2.598461363,2.209711955,4.480491369,3.340740153,3.673515738,3.635510745,2.78427471,3.265606435
16506,0.390319996,0,0.4011644,0,0,0,0,0,0,0,0
16507,0,0.185279653,0.204745588,0.189313029,0.545614458,0.400832093,0.38789292,0.38631907,0,0,0
16510,0,0.703466487,0,0,0.534831105,0,1.198690545,0.580311145,1.141903913,0,0
16511,4.632247259,7.738157827,5.70704263,5.76802144,7.110430527,9.196395195,9.683342401,8.298294956,9.007803564,9.617824483,11.0875342
16513,4.059799136,5.515105905,2.650884058,3.545146027,6.716962284,4.100742807,5.147024879,4.253061363,6.509868594,5.322115131,8.283065747
16514,1.154250941,2.325093361,0.604248857,2.41333155,2.938998696,1.758973774,0.944435563,1.34558552,2.664132602,0.421273686,0
16515,0,0.333333333,0,0.183790577,1.080445564,0,0.40337198,0,0,6.19527599,3.453419662
16516,0.7775523,0,0,0.187227304,0.19289111,0.200925625,0.189187349,0,0,0,0
16517,6.15691817,5.624029772,7.1288197,6.700153547,5.465511763,5.303588276,4.52854912,5.603325828,4.797097715,0,1.968483172
16518,0.188628649,0,0.407931937,0,0,0,0.188436758,0.190304961,0,0,0
16519,5.759202188,5.026499712,5.705892305,8.920257227,7.297480371,8.418022522,8.629132319,10.24705499,8.22607844,4.697421088,5.843159438
16521,5.726893053,4.683258114,4.680482113,6.332116613,5.669610016,4.703730627,6.278108327,3.863376151,4.209924807,6.421975986,6.952849546
16522,8.083781374,11.21840526,9.568085533,14.87923917,12.89117881,11.36354353,9.088914117,9.272107937,8.624771239,9.638495611,7.410953826
16523,2.693553389,2.159163393,1.632894434,2.421096071,1.084264092,3.907843828,3.532466967,4.43494558,5.560780251,4.060282421,4.992481042
16524,3.271525368,2.295212273,3.859782922,3.155483789,3.86640366,2.766142088,2.149067419,3.095923291,1.724277826,0,1.967486499
16526,6.296928919,6.500926467,6.103493176,8.013601949,6.783536083,4.877165541,5.666322655,6.177885708,6.88825743,6.598619597,7.837431046
16527,0.952559594,0.195187917,1.211497939,0,0.719346716,0.3938717,0.198705571,0.963309551,1.345017006,0.420643063,0.64969556
16528,32.29818111,26.57278013,33.98158202,20.27760134,20.11940918,21.74600545,22.03277605,25.69175823,20.31393981,20.48817876,26.14860547
16529,0.201691347,0,0.40459751,0,0,0,0,0,0,0,0
16530,0.775983461,0.898654405,0.818279928,0.564630603,0.904566346,1.174787337,0.992967163,0.773292688,0.770031059,0,0
16533,8.61458343,10.74929955,8.32194404,12.0814403,12.24633779,10.14651921,10.79476832,11.587629,12.04424474,9.662233531,7.869362937
16534,0,0.35194632,0,1.671671915,1.45331465,0,0,0.190304961,0.581275361,0,0
16535,0,0.166666667,0,0,0,0,0,0.388995652,0.189206673,0,0
16539,0,0,0.203508386,0,0,0.199906468,0.40337198,0.577661338,0.189206673,0,0
16540,0.190197488,0,0,0.185548766,0.357404541,0,0,0,0,0,0
16541,0,0,0,0,0,0,0,0,0,0.841916749,3.054080418
16542,1.547405324,3.742745108,1.023127407,2.986074701,3.855196518,0.79163773,2.184639897,0.77246538,0.9663327,4.707090948,8.96087264
16543,3.295469967,1.759263651,2.455322061,0.925835064,0.540355626,7.264529662,6.699034259,4.244709475,4.013281146,4.042744182,1.525182147
16544,0.190197488,0,0,0,0,0,0,0.196014109,0,0,0
16547,0,0,0,0,0,0.3938717,0,0,0,0,0
16548,0.370798408,0,0.407830045,0,0,0.980055172,0,0.773292688,0.575712511,0,0
16549,2.082348909,1.230669696,2.048348831,1.487903673,1.46779231,3.14280453,1.757733599,2.129894074,1.906367492,0.849688649,0.851740887
16552,1.708011285,1.636781123,1.827117338,1.672626299,2.176355673,2.145471783,1.182154512,1.741055841,1.338001027,1.282652232,1.525182147
16553,6.178428666,3.30320455,7.729954276,9.315655576,6.319395282,8.424134892,4.549393128,6.176760841,3.825828527,6.842306747,0.432790753
16555,1.732009185,1.803333289,1.423054606,1.299394449,1.63230574,1.564462613,1.585546019,0.776352029,0.581154452,1.503562588,1.303531634
16556,0,0.738126718,0.204745588,2.049166632,2.003890532,0,0.983448941,0,1.148919892,0,0
16557,0,0,0,0,0,0.189768808,0.189187349,0.385491762,0.385303787,0.209220459,0.43551591
16561,2.507055552,1.272246296,3.459138595,0.187227304,1.633572857,1.761444037,2.184333514,1.932459897,1.135986486,0.219600869,0.667676694
16562,0,0,0,0,0,0,0,0.19251022,0,0,0
16563,0,0,0,0,0,0,0,0.190304961,0,0,0
16564,23.88656902,14.0932008,22.77060938,9.662024614,8.385863103,15.68296438,14.15518371,13.72004123,11.85430225,16.89024994,24.87635051
16567,0.195465977,0,0,0,0,0,0,0,0,0,0
16570,62.5723712,50.20593384,64.30446583,45.22518038,46.2732275,55.24168766,51.49905062,49.99464994,46.5612091,58.12026328,50.09203698
16571,0,0.185279653,0,0,0,0,0,0,0,0.211646862,0
16572,0.947291104,1.633748538,1.629139287,0.560330911,0.918483545,1.361589824,1.553511399,0.96665699,1.338126566,2.136707393,1.945194772
16573,1.756470811,1.996422307,2.839396816,4.832270969,3.07168865,1.750694905,1.971492712,3.477972951,2.687491591,2.345479337,1.745803077
16574,0,0.185279653,0,0,0,0,0,0,0,0,0
16575,6.522754695,5.59624522,7.114012839,4.827155704,7.296656924,9.023480605,9.896489586,6.383685945,9.381162208,6.625314388,8.266191422
16577,2.517589215,1.237700566,1.014274811,2.040207453,1.823912556,1.37269677,0.778782532,0.583370487,0.769183585,2.776727068,0.435901686
16578,0,0,0,0,0,0,0,0,0,0,0.217934388
16579,12.28527684,9.642749769,11.1913141,9.485762563,8.925828819,9.601556342,10.44543155,9.271228047,9.941436183,8.988914348,3.497623045
16581,2.711651056,0.877008833,0.61010123,1.481099302,1.267090955,0.776425508,0.198705571,0.959937308,0.385057339,0.441820712,0.435901686
16582,4.571053487,4.71481195,5.50343556,4.82583696,4.189465033,6.463964618,4.746230581,3.478627499,4.40042993,5.772338365,4.136341611
16583,3.780131882,5.631019951,2.448334378,5.202812581,4.186650569,4.315503684,5.524993586,7.914668777,5.712588654,0.842141007,0
16584,3.264903984,2.378677125,2.233913965,2.413004014,1.635120205,1.564462613,1.775000696,1.740986986,2.871978258,1.074965517,0.871731849
16585,0,0,0,0,0,0.976331976,0,0,0,0,0
16587,0,0,0.400740471,0.551848001,0.37160197,0.197909432,0.387142329,0.965986133,0.763286039,0,0
16588,1.903805715,2.201136495,2.441566842,3.719578963,2.737154447,1.961300635,1.959109953,2.504952265,2.487046458,3.206403278,3.046642465
16590,0.738459138,0.710342166,0.608105897,1.688310197,0.910812065,0.794703793,0.583347489,0.582987727,0.575111486,0.627212862,0.224375669
16591,8.267848424,5.800677406,10.37417269,8.389258825,6.7848032,7.840746607,5.899427246,5.795809273,7.100458429,9.620649513,7.194143857
16592,8.103754488,8.628648162,9.365507326,9.667895093,9.153253462,8.243515807,7.900904883,7.526598458,6.528315002,16.62445635,13.06709879
16593,1.726740696,2.123299621,1.841073132,1.679351019,4.184081912,1.966474938,3.916950696,1.347649671,3.837463484,5.537804093,4.787749172
16596,0,0.166666667,0,0.187227304,0.180258207,0.199906468,0.787994371,0.581034549,0.56776544,0,0
16597,1.716490538,1.263189231,1.634465839,0.560003374,1.07986313,1.9356386,1.171579316,4.064333889,3.435232849,0.627212862,0.442271443
16599,9.064645102,11.2031772,10.60236334,10.97768698,11.83870647,8.217781071,9.04686583,7.912160079,6.696971265,7.291450843,7.434738139
16600,2.485636671,2.522847021,2.240576402,2.784328941,2.933739864,3.727536896,4.297671104,4.443802633,4.400183481,2.56836149,2.403355276
16601,3.465208772,2.324512018,3.658159021,2.601014633,2.569809374,3.927443364,3.735650884,3.478600725,3.825443983,3.632267734,3.479433218
16602,5.138041232,6.557858759,4.473598965,5.01784207,5.636253734,7.432026113,5.50815117,6.959429118,7.246423159,5.314435648,8.506852651
16604,3.844413346,4.664759628,4.47215798,3.707331791,3.121652373,3.70853316,3.176263231,3.27937789,4.015126143,2.784905334,2.838871185
16605,5.92327428,6.97287206,5.085828798,5.560252779,4.368175892,7.055211189,5.868011899,6.183847941,6.893373934,4.266883907,2.399891476
16606,3.038604837,2.318602038,3.050486011,3.727622427,2.40146017,4.290176632,4.130097881,4.244457394,3.257799452,2.957721019,2.406685624
16607,1.747505987,1.286112154,1.216926382,1.481099302,1.09591011,3.91086002,4.332244352,5.21807908,3.452531685,5.768202201,4.801331763
16608,0.385663465,0,0.203508386,0,0,0.197909432,0.188436758,0,0,0.209220459,0
16609,0,0,0,0,0,0,0,0,0,0.219600869,0
16611,0,0.179255173,0,0,0,0,0,0,0,0,0
16612,0.195465977,0.188312238,0.614771541,1.116478605,1.464960668,0.59679436,0,0.193364302,0.189206673,0,0
16613,0,1.624929314,0,1.110500374,1.286249808,0.390694432,1.182154512,1.736445788,1.717286358,0,0.211140241
16615,0.18060092,0,0,0,0,0,0,0,0,0,0
16616,17.89404808,16.7395787,22.5758357,11.90294379,13.13712834,16.63937577,15.19937846,15.64847434,14.32544641,22.22930602,18.98466508
16618,1.724284747,0.188312238,2.240053789,0,0,4.681751976,5.30850511,13.90047957,10.48297688,0,0
16619,0,0,0,0,0.542782816,0.390221205,0.188436758,0.190304961,0.196097113,0,0
16620,0.753090675,0,0,0,0,0,0,0,0,0,0
16622,0,0,0,0,0,0,0,0,0,0.212277485,0
16623,0,0,0,0,0,0,0,0,0,0.211646862,0
16624,3.062129368,3.477807228,3.871487668,4.078312847,4.189323566,3.130628557,3.351315349,4.060489356,3.251655457,1.082919525,0.211526017
16628,0.37826748,0.348487582,0,0.751857907,0.369050558,0,0,0,0,0,0
16629,0.948556652,2.705519135,0.608105897,2.040683723,3.102652165,1.375712962,1.585526492,1.540971856,3.049766455,1.718218236,2.177597158
16630,88.98765622,79.27111623,88.28599903,80.72581923,73.99478168,68.86839755,69.7168099,63.94391579,57.83126253,53.56910335,45.69170186
16631,2.88342574,1.838418566,3.664113285,3.906806267,3.528033749,4.50581842,2.948407104,4.437595387,4.412641401,2.791325598,3.932253547
16633,0,0,0.410449883,0,0,0,0,0,0,0,0
16635,0.738459138,4.501624403,2.430184134,6.308785868,8.590841198,4.914106964,4.72859852,3.667806589,6.73055611,29.90411663,22.86165966
16639,2.131367092,2.140198064,1.636661747,2.235042934,2.929058671,2.159332639,2.367560025,3.093361043,2.109088717,0.850773878,2.829132467
16640,0,0,0,0,0,0.200925625,0,0,0,0,0
16641,20.16855521,16.87811951,19.54273538,15.0646597,16.23029869,16.05089171,15.19790247,18.32940213,19.51916037,10.86582994,14.37969243
16642,0.956584381,1.083934058,0.607249081,0.562872414,0.550295651,0.776971437,0.977488103,1.15916721,0.763345147,1.291285103,1.527868689
16643,14.05624186,16.79444959,12.40591736,12.98426224,16.78368627,12.55534616,14.37327214,11.79591548,9.942288286,8.133998215,10.86174317
16644,25.93200019,28.14711647,26.64133928,29.40636023,29.70237752,31.67655795,32.22802496,31.10346079,36.94050314,32.66767032,29.40327154
16645,0,0,0,0,0.173732258,0,0,0,0,0,0
16646,0.758662455,2.491293185,1.224318422,5.025441523,3.675939739,1.967333019,2.551708335,2.317795208,1.912661537,2.166325343,2.387080439
16647,0.19766656,1.263189231,0.203508386,0.559911957,0.726735329,0.190314737,0,0.385874522,2.492032794,0,0
16648,5.576634206,3.277757681,6.509975171,4.077438114,3.468268766,6.433773951,4.142286885,5.020467777,4.596256084,3.870689314,4.556965132
16650,0,0,0.611338431,0.18083012,0,0.777899445,0.189187349,0.385491762,0.385303787,0.220910356,0.422666258
16651,0,1.089606195,0,1.305791634,2.935287211,0,0.394140614,0.192981542,0.385057339,0,0
16652,0.384094626,0.515154249,0.203508386,0,0.191623994,0.200925625,0,0.380609921,0,0.428597071,0.220620931
16653,0,0,0.203084457,0,0,0,0,0,0,0,0
16654,0,0,0,0,0.19289111,0,0,0,0,0,0
16655,2.295439184,1.618168136,2.044361373,2.418505975,0.929849332,2.554150794,1.59223792,2.314647304,1.528205224,1.054418492,0.875486587
16657,6.701878392,5.102743361,5.089116473,5.961545786,6.381426652,3.912586181,2.970884448,3.094843866,3.061581429,3.194761621,1.954251071
16658,0.397157325,1.25363331,0.615195471,2.61843623,1.449620344,2.341979979,2.361038495,3.863847473,3.446759677,0,0.422666258
16659,4.442861735,2.893291827,5.087655918,5.012726806,5.100014045,5.499744508,5.504130051,4.645410554,5.555188261,2.985717179,1.298500008
16660,7.150109566,5.161996734,5.700014613,6.887756978,6.002433433,7.607542132,6.631714854,6.369338948,5.377129104,0.209220459,0
16661,0,0,0,0,0.180258207,0,0,0,0,0,0
16663,0,0.354978905,0,0,0.19289111,0.197909432,0,0,0,0,0.651110918
16664,0.593580182,0.166666667,0.402401602,0,0,0.380083545,0.188436758,0,0,1.070599005,0.224375669
16666,4.022791838,4.300536454,3.652207965,3.914194659,5.088648259,3.722978449,4.555834577,1.55075088,1.350458947,3.417419516,5.248281965
16667,0,0,0,0,0,0,0,0,0.189081134,0,0
16669,3.434193323,5.211467713,4.0702822,6.697229914,5.263245817,4.508884483,4.131273989,5.211236789,5.739763176,2.144661401,2.39993009
16671,0.397157325,1.972680199,0.80576191,2.411610186,2.212543597,0.787109097,0.814818744,0.965175134,1.338001027,2.554069173,2.832077038
16672,7.873664074,10.65029603,9.580862474,13.75332328,15.83017751,10.55034045,10.83573178,9.66338934,11.33062099,10.6584012,3.717005701
16673,0.195465977,0,0,0.563767637,0.913643707,0,0,0.196014109,0.19524964,0.420643063,0
16676,2.516418599,0.883033313,1.223403259,0.370143149,0.537662748,1.562465578,1.578122216,1.352558286,1.338151076,3.423271532,3.68151716
16677,0.965622292,1.212129414,1.012078902,0.558652373,0.715089312,0.977897061,1.557545537,0.770015107,1.331507085,0.632920548,0.64969556
16678,6.936569826,6.486239061,6.297059839,6.681122494,5.836372655,6.478627836,6.681499833,6.369243319,5.750888876,7.241872315,6.297889052
16679,1.146854956,0.357544647,0.608105897,0.741616809,0.56449308,1.374693805,0.599863996,0.776352029,0.763862554,0.641777676,1.086626828
16680,0,0,0,0,0,0.38767824,0.960201479,0,0.189206673,0,0.211140241
16681,67.24029137,51.99567314,75.47389245,53.03362305,44.81533759,74.38156819,65.30663189,59.70354995,60.16369202,75.04817112,72.26013916
16682,0,0.169232409,0.204847479,0.187227304,0,0,0.384622391,0.769788798,0.378684306,0,0
16685,0,0,0,0,0,0,0,0,0,0,0.432790753
16687,0,0,0,0,0,0,0.189187349,0,0,0,0
16688,0.18060092,0,0,0.187227304,0.180258207,0.189768808,0,0.193992076,0,0,0
16689,0.746865304,2.020281278,0.411788976,2.413787329,2.18529427,1.365102074,2.575242653,1.733141433,1.722006364,1.924654166,2.393230781
16692,0.982687932,1.458377148,1.004989328,0.561681912,0.372869087,0.77595228,0.377624107,1.160273373,0.56776544,0,0
16693,0.201691347,0.166666667,0,0,0,0,0,0,0,0,0
16695,6.588828908,3.616803843,6.319083485,6.337211387,4.198542394,6.263775812,5.516612419,5.211455027,4.588212615,5.953288139,5.420911866
16698,0,0.354978905,0,0,0,0.189768808,1.170828726,2.130679266,1.53424819,0,0
16699,0.397157325,0.568779809,0,0.183790577,0,0.594797325,0.384622391,0.385020439,0,0,0
16700,1.896081276,0.914120306,1.431483273,1.868256861,1.067936882,1.184924998,0.394910731,1.738467822,1.527875157,1.070374747,1.08287209
16701,2.478240686,5.337960671,1.22379581,5.219054245,6.026588131,3.520326663,5.51851694,4.4527008,6.708781609,4.285448674,2.833073711
16703,8.889281216,8.806200938,6.913657517,9.876336358,11.32716477,6.64449366,7.470264322,8.499818679,9.362882432,12.18121179,10.70271686
16704,0,0.373591892,0,0.370143149,0.177426564,0,0,0,0.378287808,0,0
16705,13.8473431,20.26336176,13.41203139,22.50621899,25.71293186,15.06795277,17.14174295,15.25389097,20.28442487,14.54344762,15.0220709
16707,0.399357907,0,0.204847479,0,0,0.396887892,0,0,0,0,0
16708,35.66395403,21.46803729,39.6360308,20.46066789,21.58845622,31.7049026,29.14350555,27.84053339,26.58512216,22.41925116,24.18418446
16709,3.284049195,2.525641764,2.431523227,2.797587812,2.195794756,1.359454543,1.570798022,1.934393368,1.733942247,0,0.211140241
16712,0,0.505131485,0,0.189768808,0,0,0,0.193364302,0.384330774,0,0
16713,3.671515019,3.254367916,4.492715322,1.292669729,3.708135948,12.9595793,11.04082287,13.90836821,10.32792214,8.572038862,8.254276515
16714,0,0,0,0,0,0,0,0.19251022,0,0,0
16716,0,0,0,0,0,12.70894326,16.22501187,24.7124556,28.71732633,16.20573082,13.07255481
16717,0,0,0,0,0,12.31577856,11.57990466,22.41829613,22.78323646,2.565304464,1.527868689
16718,2.696062638,1.988612942,1.627376265,2.422270238,2.167682765,2.557621767,2.553496373,2.703826181,2.297443287,0.861378546,0.220620931
16719,8.1133196,8.21936,6.916666698,9.469273014,8.208468259,5.44968343,4.553753176,6.375702645,4.583551716,6.402426145,8.039332199
16720,0.19766656,0,0,0.187227304,0,0,0,0,0,0,0
16722,2.692596508,1.110740765,2.436794639,0,0,0,0,0.770171558,0,0,1.505538348
16723,0.393132537,0,0,0,0,0,0,0,0,0,0
16724,0.785021372,0.719513732,0.204745588,1.861902503,1.289098628,0.588130637,0.404428953,0.38281518,0.391346753,0.629863522,0.876757771
16725,5.74913225,1.804184488,6.102357866,2.032072571,1.276168316,3.711499481,2.761139947,2.704182166,0.384727272,8.775781982,19.53460165
16726,7.496943588,9.335388546,8.542762218,8.366801615,7.653357445,12.15968838,12.77972294,12.15544145,13.40177684,7.687248835,8.507132867
16727,3.843706456,3.901103554,2.448860199,1.664926704,1.604191113,1.771531827,1.162634806,1.159638532,1.142630478,2.554251281,1.09876115
16728,0.581761186,0.914701649,1.017698964,1.300269182,1.294060052,0.773955245,1.792306847,1.355181319,1.717015399,1.073431773,0.867662858
16729,0.19766656,0,0,0.187227304,0,0.195962267,0,0,0,0,0
16730,0,0,0,0,0,0,0,0,0,0,0.220620931
16732,0,0,0,0,0,0.199906468,0,0.581505871,0,0,0
16735,0.579958827,0.719399231,0,2.042712132,3.651660818,0,0,0,0.385178248,0.220910356,1.955286358
16736,0,0.166666667,0,0,0.745031518,1.567093952,1.37980311,1.353002834,2.297184281,4.259742631,2.403316662
16737,0,0.540258558,0,0.556147694,0.180258207,0.985491757,0.400101451,0.965802907,0.764589118,0,0
16738,0,0,0,0.185548766,0,0,0,0,0,0,0
16740,0.605074042,0.354978905,0,0,0,0.785112061,0.394910731,0.577661338,0.385178248,0,0.217934388
16742,2.102154003,0.543291144,3.258176682,0.189768808,0,1.351313919,0.566060865,0.966185667,0.189477632,0.853424538,1.535339551
16744,1.924640776,1.66250763,3.455408767,2.804361124,2.180454432,2.542359675,2.364309024,2.902176229,1.338271986,1.510431367,3.257821319
16746,10.38760488,7.972326952,9.989473072,8.95814053,9.480084399,10.15769885,10.44426195,11.59304298,10.32392196,14.2932235,12.19115491
16747,0.768587476,0.547134237,1.21568918,0.737396768,0,0.395868736,0.400101451,0.579483837,0.763862554,0,0.652382102
16748,0.399357907,0,0,0.189768808,0,0.386277004,0.188436758,0.19251022,0,0,0
16750,1.338876648,5.903623045,1.220783421,6.509521773,7.844508141,9.199682262,10.20888787,8.303176797,9.780790728,2.355223034,1.31775803
16751,0.195465977,0,0,0,0,0,0,0,0,0,0
16752,1.373007928,0.719046889,1.636126969,0.93356276,1.627046908,1.953705939,1.780981061,1.54349102,1.533647164,2.765940292,3.933949121
16754,13.88785816,11.73775714,12.79849549,14.14685176,11.86491738,16.41834727,16.35821089,15.63750059,17.77625149,14.06854557,8.883993019
16755,0,0.166666667,0,0,0,0.59114683,0,0.383669263,0,0,0
16756,0.201691347,0,0,0.562872414,0,0,0.57305915,0.383286503,0,0,0
16757,0,0.35194632,0,0,0,0,0,0,0.189081134,0.219600869,0.438555319
16758,0.37826748,2.318716539,0,1.107867453,1.254458052,1.172317074,1.393532349,0.585009761,1.526485766,0.84542229,0.660205831
16759,0,0.713489252,0,2.234259619,4.008326983,0,0.78205306,0,0.764318159,0,0
16760,0.391888835,2.003881692,1.01469874,0.920711075,0.72430814,0.400832093,0.188436758,0.775880707,0,0.431247731,0.220620931
16761,0.579560603,1.822797474,0.206941496,2.231278671,2.721814123,0.396887892,0.999984974,1.550724106,1.91922191,0,0
16762,1.544337417,0.861076089,0,0,0.353990465,0,0.188436758,0.774870173,0.379014372,0,0
16764,1.722030863,0.185279653,3.049672739,1.116478605,0.757664421,0.976877905,0.771764721,0.579483837,0.952822779,0.862688032,1.08931337
16765,4.799151677,1.921932033,3.861577681,2.788649124,3.447265157,1.96389347,1.780981061,1.160021292,1.539293633,3.839323826,3.07103197
16766,3.619807367,5.802703602,3.87095289,7.073271643,6.172790765,2.746462567,5.111726238,4.438135565,6.509784975,2.567730867,2.834769285
16768,0,0.195187917,0,1.102017465,1.294060052,0.77595228,0.764766436,1.541258987,1.5272077,0,0
16770,1.344448429,1.092991123,1.006650459,0.56086634,0.373149317,0.788510333,0.384622391,0.770171558,0.378888833,0.860069059,1.518773776
16771,0.771958674,0.722079474,1.226211864,1.116478605,0.725592435,1.174787337,1.182154512,1.15916721,1.148919892,1.071684234,1.304522602
16773,0.399357907,0.354978905,0.204847479,0.550169463,0.891514449,0,0,0,0,0,0
16774,3.850218647,2.32201898,4.284835883,2.422726017,1.982163023,1.564080534,0.188436758,1.157685354,0.958720326,0.641098813,0
16775,4.984102521,5.221449787,5.48620048,6.332572392,5.842075157,4.31752355,5.332635317,4.244484169,3.819605544,4.905979236,8.504396988
16776,0,0,0,0,0,0,0,0,0,0.212277485,0
16777,0.796515232,4.457908213,0.410025953,2.969151708,1.251750632,1.174787337,2.175872265,1.165730441,1.338126566,0.855172078,1.082910704
16778,6.115854629,8.328697708,4.877702032,7.058716362,7.17033691,8.991697812,9.403030513,9.848793756,8.981843873,2.583232517,4.774608582
16779,0.579958827,0,0.411687084,0,0,0.189768808,0.189187349,0,0.189206673,0.209220459,0
16781,1.362167658,0.335899076,0.605486059,0,0.351158822,0.984472601,1.371341861,0.578289112,1.148193328,0,0
16784,0,0,0,0,0,0.195962267,0.204666409,0.192981542,0.189206673,0,0
16787,25.17967561,21.9948771,22.96598297,25.5070766,22.16219985,20.93596687,20.67503127,25.87354581,23.5397777,18.20173168,24.1768532
16789,0,0,0.203084457,0.18083012,0,0,0,0,0.378558767,0,0.224375669
16790,0.579958827,0.37444309,1.015503055,0,0,0,0,0,0,0,0
16793,2.888460709,0.179255173,2.029777866,0.553933726,0,0.77200808,0,0.583370487,0,0,0
16796,1.154250941,0.710342166,1.017275035,1.116478605,0.904286116,0.788510333,0,0.196014109,0,0,0.211526017
16799,19.80973238,18.561918,19.73003947,16.55520806,17.14177556,21.14779709,21.21540566,20.67246214,17.37719865,16.66629466,21.7430353
16800,0,0,0,0,0,0,0,0,0,0,0.217934388
16801,0,0.354978905,0,0.368057424,0.179977976,2.335492814,2.579263772,1.160649065,2.669963717,1.06242074,1.304522602
16802,3.100992326,0.877008833,3.460939102,1.484536029,0.357404541,0.5866567,0.590345774,1.928867445,1.901777655,0.430130815,1.518387999
16804,1.324548402,2.941546954,1.829313247,1.67217052,2.375492502,4.299882342,4.513376443,3.484309873,3.458491033,1.271641198,0.43551591
16805,8.037904185,9.910887572,8.148179794,9.684502316,10.41489522,7.443027674,9.040311754,8.693409291,9.190762743,13.26617258,8.939797056
16806,0.579560603,1.083934058,1.430957452,1.861483549,2.719262711,1.36260898,0.188436758,1.546523587,0.385178248,0.842141007,0.864937701
16807,5.181045721,4.484288768,3.467221152,5.60236789,4.737648081,3.907622824,3.375313401,3.854251675,4.398880402,2.769707869,0.868692439
16810,0.960353802,0.713489252,0.407931937,0.930929838,2.154769631,0.576045812,0.986719469,0.38631907,0.770361126,0.853424538,1.295427689
16813,1.756543898,2.799522209,0.811190354,2.614592316,1.432591272,2.343927144,2.164546479,3.08547341,2.297568826,2.132340881,2.609155342
16814,0.18060092,3.232722344,0.614771541,4.085957849,4.404083586,0.200925625,2.553496373,0.387356378,1.521915809,0.640874556,1.307247758
16815,4.812469741,2.880776024,4.281304089,2.981854659,2.74892205,3.517672494,2.769488568,2.898017791,2.677455182,2.780008352,2.620936797
16816,3.099982145,6.114546554,3.243895642,5.948364722,6.377449479,7.046092685,5.329945007,5.414031401,4.986425297,2.989228811,1.301192254
16817,0,0,0,0,0,0,0,0.19251022,0,0,0
16818,2.289612037,3.953087274,1.221105459,4.261208201,4.163918995,1.393830171,1.960166926,2.905932199,3.458971149,0,0
16820,5.592854368,5.184535466,5.076743891,6.893686617,6.006730054,6.840788136,6.859378272,8.313148288,7.291305572,5.550311093,3.462867442
16822,3.881915824,4.569869121,3.453311542,2.795046309,3.645539322,3.516221387,3.111076462,4.444969617,3.249539501,0,0
16823,1.740435138,1.210342166,2.248683031,2.595492181,2.019355078,2.147036868,0.804530405,1.549399704,1.34574357,1.063537656,1.736708164
16825,5.575624025,5.921073181,4.86384813,5.190345749,3.630074776,5.253877854,3.921090951,5.408820349,7.094937499,5.109249172,5.01243339
16831,0,0,0,0,0,0.190314737,0,0,0,0,0
16833,43.15838995,35.83442378,50.70217777,37.43186264,37.23437638,42.29534466,41.40764461,38.84566743,40.05373862,51.27912809,53.22543816
16836,4.408873312,9.164244441,4.283296215,7.651206986,9.627603181,9.565510038,13.90566139,7.53219424,12.22840135,8.757475188,15.70488271
16837,0,0.166666667,0,0.183790577,0,0.189768808,0,0,0,0,0
16840,0.188628649,0.571812394,0.407931937,0,0,0.576045812,0.605824834,1.160021292,0.384727272,0.852521417,0
16841,1.351917501,0.364534827,1.220783421,0.931009489,0.173732258,1.950739618,1.380860083,1.735818015,1.53409814,0,0
16842,3.841632261,10.33684518,4.677327497,11.53074598,10.50829506,5.486258446,7.50097766,6.94647978,11.861611,4.913658719,6.959263621
16843,6.531416228,4.461365845,6.30291542,3.725557193,3.079779125,5.087846746,4.718329708,4.260416889,4.58881364,4.498773609,4.152913091
16845,0.18060092,0,0.204847479,0,0.384515104,0.385731075,0.189187349,0.38281518,0,0,0
16846,0,0,0,0,0,0.199906468,0.778782532,0,0.189477632,0.6424083,0.220620931
16849,0,0,0,0,0,0,0,0.392028219,0,0,0
16852,0.397157325,0.72638941,0,0,0.173732258,2.947599137,1.747158404,2.89275319,2.108362152,0.420643063,0
16853,0,0,0,0.370143149,0,0,0,0.19251022,0,0,0
16854,0.190197488,0.179255173,0,0.742919219,0.744751287,0.190314737,0,0.579683372,0,0,0.429074629
16855,0,0,0,0,0,0,0,0,0,0.212277485,0
16856,0.391888835,0.515154249,0.818381819,0.18083012,0.177426564,0,0,0,0.391346753,0.431878354,0.422666258
16857,13.59875683,14.68119059,18.09972453,16.91278707,18.12276586,16.27176191,15.8251607,12.73476548,13.99535275,14.48013894,13.25293121
16858,8.874500915,13.0039889,8.161511084,11.70171113,13.10308737,13.50705809,14.19410581,14.30642898,16.27942608,9.170602297,7.577522518
RTO3_518258,3.985267514,6.853057628,6.50308938,3.345252597,2.913839933,6.251004039,5.919964872,7.539017827,5.352651683,5.973428799,6.757889304
RTO3_874609,0.380394976,0.702999645,0.615297362,0.376540333,0.19289111,0,0.205723382,0,0.19524964,1.282652232,0.64969556
RTO3_879355,0.577758244,0,0.203084457,0.366378886,0.180258207,0,0,0,0,0,0
RTO3_900619,1.698414717,0.536799821,2.031540889,1.301571592,0.366623368,0,0,0.196014109,0,0.220910356,0
RTO3_900622,0.37826748,0,0.197656014,0,0,0,0,0,0,0,0
RTO3_900623,1.533077078,1.502094444,2.033210976,2.235042934,2.029453748,1.771035769,1.963150599,1.55036812,1.718012922,1.916203403,1.518387999
RTO3_900624,0.778184044,0.703466487,1.016037833,0.739938271,0.544049933,0.786563168,0.97643113,0.387356378,0.76301508,0.649731684,1.307247758
RTO3_900627,1.334851861,0.898654405,1.013841925,0.927165575,0.553127294,0.789056262,0.198705571,0.776352029,0.391346753,1.061741876,1.095721741
RTO3_900641,0.583330025,0.179255173,1.623710844,0.562544878,0.751138472,0,0,0.19251022,0,1.282652232,1.095721741
RTO3_900663,0,0,0,0,0,0.197909432,0.189187349,0,0,0.63781753,0.211526017
RTO3_945994,3.635252927,3.792911931,3.252859087,2.612118697,2.588244326,2.355515911,0.986986798,1.93331398,0.574384921,2.36340739,1.748248018
RTO3_945995,0.188628649,0,0,0,0,0,0,0,0,0,0
RTO3_946002,0.195465977,0.195187917,0.204745588,0.562544878,0.384515104,0,0.204666409,0.384297036,0.391346753,0,0
RTO3_946005,3.635252927,3.792911931,3.252859087,2.612118697,2.588244326,2.355515911,0.986986798,1.93331398,0.574384921,2.36340739,1.748248018
RTO3_997806,0,0,0,0.18083012,0,0,0,0,0,0,0